cluster_id	pathway	confidence	cluster_summary	best_feature	gene	gene_type	priority	description	effect_size	pval	neg_log10_pval	phate_0	phate_1
0	Mitochondrial ribosome assembly and translation	High	This cluster shows HIGH confidence for mitochondrial ribosome assembly and translation as the dominant pathway. Approximately 75% of genes (55/73) are established components of the mitochondrial translation machinery, including 39 mitochondrial ribosomal proteins (MRPL/MRPS), aminoacyl-tRNA synthetases (MARS2, YARS2), translation factors (TUFM), and RNA processing factors (PNPT1, MTPAP, LRPPRC, PTCD3, TRMT10C). Additional established genes include mitochondrial protein import components (TIMM50, TIMM17A, TIMM13, TOMM40), mitochondrial quality control factors (YME1L1, OPA1), and respiratory chain assembly factors (COX17, COX18, CHCHD4). The screen's mitochondrial staining (COX4) directly relates to this pathway. Four completely uncharacterized genes (ENSG00000254692, ENSG00000288564, ENSG00000173867, ENSG00000241962) represent high-priority discovery targets as potential novel mitochondrial translation factors. Most striking are several well-characterized genes from other pathways (IRF5, TIA1, FUBP1, TSC1) whose clustering suggests unexpected roles in coordinating mitochondrial translation with immune responses, stress signaling, and growth control.	cell_COX4_mean	MRPL35	established			0.3424270451068878	0.0122	1.9136401693252518	0.0117194713881492	0.0226882899280843
0	Mitochondrial ribosome assembly and translation	High	This cluster shows HIGH confidence for mitochondrial ribosome assembly and translation as the dominant pathway. Approximately 75% of genes (55/73) are established components of the mitochondrial translation machinery, including 39 mitochondrial ribosomal proteins (MRPL/MRPS), aminoacyl-tRNA synthetases (MARS2, YARS2), translation factors (TUFM), and RNA processing factors (PNPT1, MTPAP, LRPPRC, PTCD3, TRMT10C). Additional established genes include mitochondrial protein import components (TIMM50, TIMM17A, TIMM13, TOMM40), mitochondrial quality control factors (YME1L1, OPA1), and respiratory chain assembly factors (COX17, COX18, CHCHD4). The screen's mitochondrial staining (COX4) directly relates to this pathway. Four completely uncharacterized genes (ENSG00000254692, ENSG00000288564, ENSG00000173867, ENSG00000241962) represent high-priority discovery targets as potential novel mitochondrial translation factors. Most striking are several well-characterized genes from other pathways (IRF5, TIA1, FUBP1, TSC1) whose clustering suggests unexpected roles in coordinating mitochondrial translation with immune responses, stress signaling, and growth control.	cell_COX4_mean	MRPL19	established			0.5771127939224243	0.0		0.0165512639224985	0.0279754371771966
0	Mitochondrial ribosome assembly and translation	High	This cluster shows HIGH confidence for mitochondrial ribosome assembly and translation as the dominant pathway. Approximately 75% of genes (55/73) are established components of the mitochondrial translation machinery, including 39 mitochondrial ribosomal proteins (MRPL/MRPS), aminoacyl-tRNA synthetases (MARS2, YARS2), translation factors (TUFM), and RNA processing factors (PNPT1, MTPAP, LRPPRC, PTCD3, TRMT10C). Additional established genes include mitochondrial protein import components (TIMM50, TIMM17A, TIMM13, TOMM40), mitochondrial quality control factors (YME1L1, OPA1), and respiratory chain assembly factors (COX17, COX18, CHCHD4). The screen's mitochondrial staining (COX4) directly relates to this pathway. Four completely uncharacterized genes (ENSG00000254692, ENSG00000288564, ENSG00000173867, ENSG00000241962) represent high-priority discovery targets as potential novel mitochondrial translation factors. Most striking are several well-characterized genes from other pathways (IRF5, TIA1, FUBP1, TSC1) whose clustering suggests unexpected roles in coordinating mitochondrial translation with immune responses, stress signaling, and growth control.	cell_COX4_mean	MRPS33	established			0.559994637966156	0.0		0.016996958548475	0.0292064973392294
0	Mitochondrial ribosome assembly and translation	High	This cluster shows HIGH confidence for mitochondrial ribosome assembly and translation as the dominant pathway. Approximately 75% of genes (55/73) are established components of the mitochondrial translation machinery, including 39 mitochondrial ribosomal proteins (MRPL/MRPS), aminoacyl-tRNA synthetases (MARS2, YARS2), translation factors (TUFM), and RNA processing factors (PNPT1, MTPAP, LRPPRC, PTCD3, TRMT10C). Additional established genes include mitochondrial protein import components (TIMM50, TIMM17A, TIMM13, TOMM40), mitochondrial quality control factors (YME1L1, OPA1), and respiratory chain assembly factors (COX17, COX18, CHCHD4). The screen's mitochondrial staining (COX4) directly relates to this pathway. Four completely uncharacterized genes (ENSG00000254692, ENSG00000288564, ENSG00000173867, ENSG00000241962) represent high-priority discovery targets as potential novel mitochondrial translation factors. Most striking are several well-characterized genes from other pathways (IRF5, TIA1, FUBP1, TSC1) whose clustering suggests unexpected roles in coordinating mitochondrial translation with immune responses, stress signaling, and growth control.	cell_COX4_mean	MRPL30	established			0.4351961016654968	0.0002	3.6989700043360187	0.0157439639697622	0.0247494908780002
0	Mitochondrial ribosome assembly and translation	High	This cluster shows HIGH confidence for mitochondrial ribosome assembly and translation as the dominant pathway. Approximately 75% of genes (55/73) are established components of the mitochondrial translation machinery, including 39 mitochondrial ribosomal proteins (MRPL/MRPS), aminoacyl-tRNA synthetases (MARS2, YARS2), translation factors (TUFM), and RNA processing factors (PNPT1, MTPAP, LRPPRC, PTCD3, TRMT10C). Additional established genes include mitochondrial protein import components (TIMM50, TIMM17A, TIMM13, TOMM40), mitochondrial quality control factors (YME1L1, OPA1), and respiratory chain assembly factors (COX17, COX18, CHCHD4). The screen's mitochondrial staining (COX4) directly relates to this pathway. Four completely uncharacterized genes (ENSG00000254692, ENSG00000288564, ENSG00000173867, ENSG00000241962) represent high-priority discovery targets as potential novel mitochondrial translation factors. Most striking are several well-characterized genes from other pathways (IRF5, TIA1, FUBP1, TSC1) whose clustering suggests unexpected roles in coordinating mitochondrial translation with immune responses, stress signaling, and growth control.	cell_COX4_mean	MRPL37	established			0.4753088057041168	0.0		0.0134166610058709	0.0225166807469871
0	Mitochondrial ribosome assembly and translation	High	This cluster shows HIGH confidence for mitochondrial ribosome assembly and translation as the dominant pathway. Approximately 75% of genes (55/73) are established components of the mitochondrial translation machinery, including 39 mitochondrial ribosomal proteins (MRPL/MRPS), aminoacyl-tRNA synthetases (MARS2, YARS2), translation factors (TUFM), and RNA processing factors (PNPT1, MTPAP, LRPPRC, PTCD3, TRMT10C). Additional established genes include mitochondrial protein import components (TIMM50, TIMM17A, TIMM13, TOMM40), mitochondrial quality control factors (YME1L1, OPA1), and respiratory chain assembly factors (COX17, COX18, CHCHD4). The screen's mitochondrial staining (COX4) directly relates to this pathway. Four completely uncharacterized genes (ENSG00000254692, ENSG00000288564, ENSG00000173867, ENSG00000241962) represent high-priority discovery targets as potential novel mitochondrial translation factors. Most striking are several well-characterized genes from other pathways (IRF5, TIA1, FUBP1, TSC1) whose clustering suggests unexpected roles in coordinating mitochondrial translation with immune responses, stress signaling, and growth control.	cell_COX4_mean	MRPL21	established			0.483098030090332	0.0002	3.6989700043360187	0.0165837279915588	0.0275202609620368
0	Mitochondrial ribosome assembly and translation	High	This cluster shows HIGH confidence for mitochondrial ribosome assembly and translation as the dominant pathway. Approximately 75% of genes (55/73) are established components of the mitochondrial translation machinery, including 39 mitochondrial ribosomal proteins (MRPL/MRPS), aminoacyl-tRNA synthetases (MARS2, YARS2), translation factors (TUFM), and RNA processing factors (PNPT1, MTPAP, LRPPRC, PTCD3, TRMT10C). Additional established genes include mitochondrial protein import components (TIMM50, TIMM17A, TIMM13, TOMM40), mitochondrial quality control factors (YME1L1, OPA1), and respiratory chain assembly factors (COX17, COX18, CHCHD4). The screen's mitochondrial staining (COX4) directly relates to this pathway. Four completely uncharacterized genes (ENSG00000254692, ENSG00000288564, ENSG00000173867, ENSG00000241962) represent high-priority discovery targets as potential novel mitochondrial translation factors. Most striking are several well-characterized genes from other pathways (IRF5, TIA1, FUBP1, TSC1) whose clustering suggests unexpected roles in coordinating mitochondrial translation with immune responses, stress signaling, and growth control.	cell_COX4_mean	MRPL33	established			0.4125893414020538	0.0086	2.065501548756432	0.0148034362764896	0.0244064092224828
0	Mitochondrial ribosome assembly and translation	High	This cluster shows HIGH confidence for mitochondrial ribosome assembly and translation as the dominant pathway. Approximately 75% of genes (55/73) are established components of the mitochondrial translation machinery, including 39 mitochondrial ribosomal proteins (MRPL/MRPS), aminoacyl-tRNA synthetases (MARS2, YARS2), translation factors (TUFM), and RNA processing factors (PNPT1, MTPAP, LRPPRC, PTCD3, TRMT10C). Additional established genes include mitochondrial protein import components (TIMM50, TIMM17A, TIMM13, TOMM40), mitochondrial quality control factors (YME1L1, OPA1), and respiratory chain assembly factors (COX17, COX18, CHCHD4). The screen's mitochondrial staining (COX4) directly relates to this pathway. Four completely uncharacterized genes (ENSG00000254692, ENSG00000288564, ENSG00000173867, ENSG00000241962) represent high-priority discovery targets as potential novel mitochondrial translation factors. Most striking are several well-characterized genes from other pathways (IRF5, TIA1, FUBP1, TSC1) whose clustering suggests unexpected roles in coordinating mitochondrial translation with immune responses, stress signaling, and growth control.	cell_COX4_mean	MRPL41	established			0.5185585618019104	0.0002	3.6989700043360187	0.0153674472424226	0.0222725696493314
0	Mitochondrial ribosome assembly and translation	High	This cluster shows HIGH confidence for mitochondrial ribosome assembly and translation as the dominant pathway. Approximately 75% of genes (55/73) are established components of the mitochondrial translation machinery, including 39 mitochondrial ribosomal proteins (MRPL/MRPS), aminoacyl-tRNA synthetases (MARS2, YARS2), translation factors (TUFM), and RNA processing factors (PNPT1, MTPAP, LRPPRC, PTCD3, TRMT10C). Additional established genes include mitochondrial protein import components (TIMM50, TIMM17A, TIMM13, TOMM40), mitochondrial quality control factors (YME1L1, OPA1), and respiratory chain assembly factors (COX17, COX18, CHCHD4). The screen's mitochondrial staining (COX4) directly relates to this pathway. Four completely uncharacterized genes (ENSG00000254692, ENSG00000288564, ENSG00000173867, ENSG00000241962) represent high-priority discovery targets as potential novel mitochondrial translation factors. Most striking are several well-characterized genes from other pathways (IRF5, TIA1, FUBP1, TSC1) whose clustering suggests unexpected roles in coordinating mitochondrial translation with immune responses, stress signaling, and growth control.	cell_COX4_mean	MRPS31	established			0.5164678692817688	0.0		0.0167570802826754	0.0268605943064081
0	Mitochondrial ribosome assembly and translation	High	This cluster shows HIGH confidence for mitochondrial ribosome assembly and translation as the dominant pathway. Approximately 75% of genes (55/73) are established components of the mitochondrial translation machinery, including 39 mitochondrial ribosomal proteins (MRPL/MRPS), aminoacyl-tRNA synthetases (MARS2, YARS2), translation factors (TUFM), and RNA processing factors (PNPT1, MTPAP, LRPPRC, PTCD3, TRMT10C). Additional established genes include mitochondrial protein import components (TIMM50, TIMM17A, TIMM13, TOMM40), mitochondrial quality control factors (YME1L1, OPA1), and respiratory chain assembly factors (COX17, COX18, CHCHD4). The screen's mitochondrial staining (COX4) directly relates to this pathway. Four completely uncharacterized genes (ENSG00000254692, ENSG00000288564, ENSG00000173867, ENSG00000241962) represent high-priority discovery targets as potential novel mitochondrial translation factors. Most striking are several well-characterized genes from other pathways (IRF5, TIA1, FUBP1, TSC1) whose clustering suggests unexpected roles in coordinating mitochondrial translation with immune responses, stress signaling, and growth control.	cell_COX4_mean	MARS2	established			0.3368362784385681	0.0024	2.619788758288394	0.0149501734936912	0.0261248819404798
0	Mitochondrial ribosome assembly and translation	High	This cluster shows HIGH confidence for mitochondrial ribosome assembly and translation as the dominant pathway. Approximately 75% of genes (55/73) are established components of the mitochondrial translation machinery, including 39 mitochondrial ribosomal proteins (MRPL/MRPS), aminoacyl-tRNA synthetases (MARS2, YARS2), translation factors (TUFM), and RNA processing factors (PNPT1, MTPAP, LRPPRC, PTCD3, TRMT10C). Additional established genes include mitochondrial protein import components (TIMM50, TIMM17A, TIMM13, TOMM40), mitochondrial quality control factors (YME1L1, OPA1), and respiratory chain assembly factors (COX17, COX18, CHCHD4). The screen's mitochondrial staining (COX4) directly relates to this pathway. Four completely uncharacterized genes (ENSG00000254692, ENSG00000288564, ENSG00000173867, ENSG00000241962) represent high-priority discovery targets as potential novel mitochondrial translation factors. Most striking are several well-characterized genes from other pathways (IRF5, TIA1, FUBP1, TSC1) whose clustering suggests unexpected roles in coordinating mitochondrial translation with immune responses, stress signaling, and growth control.	cell_COX4_mean	MRPL43	established			0.8115186095237732	0.0		0.0153339248237731	0.0252098238290274
0	Mitochondrial ribosome assembly and translation	High	This cluster shows HIGH confidence for mitochondrial ribosome assembly and translation as the dominant pathway. Approximately 75% of genes (55/73) are established components of the mitochondrial translation machinery, including 39 mitochondrial ribosomal proteins (MRPL/MRPS), aminoacyl-tRNA synthetases (MARS2, YARS2), translation factors (TUFM), and RNA processing factors (PNPT1, MTPAP, LRPPRC, PTCD3, TRMT10C). Additional established genes include mitochondrial protein import components (TIMM50, TIMM17A, TIMM13, TOMM40), mitochondrial quality control factors (YME1L1, OPA1), and respiratory chain assembly factors (COX17, COX18, CHCHD4). The screen's mitochondrial staining (COX4) directly relates to this pathway. Four completely uncharacterized genes (ENSG00000254692, ENSG00000288564, ENSG00000173867, ENSG00000241962) represent high-priority discovery targets as potential novel mitochondrial translation factors. Most striking are several well-characterized genes from other pathways (IRF5, TIA1, FUBP1, TSC1) whose clustering suggests unexpected roles in coordinating mitochondrial translation with immune responses, stress signaling, and growth control.	cell_COX4_mean	MRPL16	established			0.5556741952896118	0.0		0.0137555684968458	0.0228635114046836
0	Mitochondrial ribosome assembly and translation	High	This cluster shows HIGH confidence for mitochondrial ribosome assembly and translation as the dominant pathway. Approximately 75% of genes (55/73) are established components of the mitochondrial translation machinery, including 39 mitochondrial ribosomal proteins (MRPL/MRPS), aminoacyl-tRNA synthetases (MARS2, YARS2), translation factors (TUFM), and RNA processing factors (PNPT1, MTPAP, LRPPRC, PTCD3, TRMT10C). Additional established genes include mitochondrial protein import components (TIMM50, TIMM17A, TIMM13, TOMM40), mitochondrial quality control factors (YME1L1, OPA1), and respiratory chain assembly factors (COX17, COX18, CHCHD4). The screen's mitochondrial staining (COX4) directly relates to this pathway. Four completely uncharacterized genes (ENSG00000254692, ENSG00000288564, ENSG00000173867, ENSG00000241962) represent high-priority discovery targets as potential novel mitochondrial translation factors. Most striking are several well-characterized genes from other pathways (IRF5, TIA1, FUBP1, TSC1) whose clustering suggests unexpected roles in coordinating mitochondrial translation with immune responses, stress signaling, and growth control.	cell_COX4_mean	MRPS35	established			0.2487896084785461	0.0832	1.079876673709276	0.0122607356951955	0.0203169805344865
0	Mitochondrial ribosome assembly and translation	High	This cluster shows HIGH confidence for mitochondrial ribosome assembly and translation as the dominant pathway. Approximately 75% of genes (55/73) are established components of the mitochondrial translation machinery, including 39 mitochondrial ribosomal proteins (MRPL/MRPS), aminoacyl-tRNA synthetases (MARS2, YARS2), translation factors (TUFM), and RNA processing factors (PNPT1, MTPAP, LRPPRC, PTCD3, TRMT10C). Additional established genes include mitochondrial protein import components (TIMM50, TIMM17A, TIMM13, TOMM40), mitochondrial quality control factors (YME1L1, OPA1), and respiratory chain assembly factors (COX17, COX18, CHCHD4). The screen's mitochondrial staining (COX4) directly relates to this pathway. Four completely uncharacterized genes (ENSG00000254692, ENSG00000288564, ENSG00000173867, ENSG00000241962) represent high-priority discovery targets as potential novel mitochondrial translation factors. Most striking are several well-characterized genes from other pathways (IRF5, TIA1, FUBP1, TSC1) whose clustering suggests unexpected roles in coordinating mitochondrial translation with immune responses, stress signaling, and growth control.	cell_COX4_mean	MRPL57	established			0.2963964939117431	0.0088	2.0555173278498313	0.0142007796746824	0.0244142783323684
0	Mitochondrial ribosome assembly and translation	High	This cluster shows HIGH confidence for mitochondrial ribosome assembly and translation as the dominant pathway. Approximately 75% of genes (55/73) are established components of the mitochondrial translation machinery, including 39 mitochondrial ribosomal proteins (MRPL/MRPS), aminoacyl-tRNA synthetases (MARS2, YARS2), translation factors (TUFM), and RNA processing factors (PNPT1, MTPAP, LRPPRC, PTCD3, TRMT10C). Additional established genes include mitochondrial protein import components (TIMM50, TIMM17A, TIMM13, TOMM40), mitochondrial quality control factors (YME1L1, OPA1), and respiratory chain assembly factors (COX17, COX18, CHCHD4). The screen's mitochondrial staining (COX4) directly relates to this pathway. Four completely uncharacterized genes (ENSG00000254692, ENSG00000288564, ENSG00000173867, ENSG00000241962) represent high-priority discovery targets as potential novel mitochondrial translation factors. Most striking are several well-characterized genes from other pathways (IRF5, TIA1, FUBP1, TSC1) whose clustering suggests unexpected roles in coordinating mitochondrial translation with immune responses, stress signaling, and growth control.	cell_COX4_mean	MRPS23	established			0.333382785320282	0.004	2.3979400086720375	0.0129297325742758	0.0247595631951999
0	Mitochondrial ribosome assembly and translation	High	This cluster shows HIGH confidence for mitochondrial ribosome assembly and translation as the dominant pathway. Approximately 75% of genes (55/73) are established components of the mitochondrial translation machinery, including 39 mitochondrial ribosomal proteins (MRPL/MRPS), aminoacyl-tRNA synthetases (MARS2, YARS2), translation factors (TUFM), and RNA processing factors (PNPT1, MTPAP, LRPPRC, PTCD3, TRMT10C). Additional established genes include mitochondrial protein import components (TIMM50, TIMM17A, TIMM13, TOMM40), mitochondrial quality control factors (YME1L1, OPA1), and respiratory chain assembly factors (COX17, COX18, CHCHD4). The screen's mitochondrial staining (COX4) directly relates to this pathway. Four completely uncharacterized genes (ENSG00000254692, ENSG00000288564, ENSG00000173867, ENSG00000241962) represent high-priority discovery targets as potential novel mitochondrial translation factors. Most striking are several well-characterized genes from other pathways (IRF5, TIA1, FUBP1, TSC1) whose clustering suggests unexpected roles in coordinating mitochondrial translation with immune responses, stress signaling, and growth control.	cell_COX4_mean	MRPL4	established			0.4920331835746765	0.0002	3.6989700043360187	0.01485248924118	0.0254757650241409
0	Mitochondrial ribosome assembly and translation	High	This cluster shows HIGH confidence for mitochondrial ribosome assembly and translation as the dominant pathway. Approximately 75% of genes (55/73) are established components of the mitochondrial translation machinery, including 39 mitochondrial ribosomal proteins (MRPL/MRPS), aminoacyl-tRNA synthetases (MARS2, YARS2), translation factors (TUFM), and RNA processing factors (PNPT1, MTPAP, LRPPRC, PTCD3, TRMT10C). Additional established genes include mitochondrial protein import components (TIMM50, TIMM17A, TIMM13, TOMM40), mitochondrial quality control factors (YME1L1, OPA1), and respiratory chain assembly factors (COX17, COX18, CHCHD4). The screen's mitochondrial staining (COX4) directly relates to this pathway. Four completely uncharacterized genes (ENSG00000254692, ENSG00000288564, ENSG00000173867, ENSG00000241962) represent high-priority discovery targets as potential novel mitochondrial translation factors. Most striking are several well-characterized genes from other pathways (IRF5, TIA1, FUBP1, TSC1) whose clustering suggests unexpected roles in coordinating mitochondrial translation with immune responses, stress signaling, and growth control.	cell_COX4_mean	MRPL9	established			0.2803453803062439	0.0184	1.7351821769904636	0.0164667835729142	0.021212967668639
0	Mitochondrial ribosome assembly and translation	High	This cluster shows HIGH confidence for mitochondrial ribosome assembly and translation as the dominant pathway. Approximately 75% of genes (55/73) are established components of the mitochondrial translation machinery, including 39 mitochondrial ribosomal proteins (MRPL/MRPS), aminoacyl-tRNA synthetases (MARS2, YARS2), translation factors (TUFM), and RNA processing factors (PNPT1, MTPAP, LRPPRC, PTCD3, TRMT10C). Additional established genes include mitochondrial protein import components (TIMM50, TIMM17A, TIMM13, TOMM40), mitochondrial quality control factors (YME1L1, OPA1), and respiratory chain assembly factors (COX17, COX18, CHCHD4). The screen's mitochondrial staining (COX4) directly relates to this pathway. Four completely uncharacterized genes (ENSG00000254692, ENSG00000288564, ENSG00000173867, ENSG00000241962) represent high-priority discovery targets as potential novel mitochondrial translation factors. Most striking are several well-characterized genes from other pathways (IRF5, TIA1, FUBP1, TSC1) whose clustering suggests unexpected roles in coordinating mitochondrial translation with immune responses, stress signaling, and growth control.	cell_COX4_mean	MRPL28	established			0.4643899798393249	0.0002	3.6989700043360187	0.0149642040729185	0.0237035813380299
0	Mitochondrial ribosome assembly and translation	High	This cluster shows HIGH confidence for mitochondrial ribosome assembly and translation as the dominant pathway. Approximately 75% of genes (55/73) are established components of the mitochondrial translation machinery, including 39 mitochondrial ribosomal proteins (MRPL/MRPS), aminoacyl-tRNA synthetases (MARS2, YARS2), translation factors (TUFM), and RNA processing factors (PNPT1, MTPAP, LRPPRC, PTCD3, TRMT10C). Additional established genes include mitochondrial protein import components (TIMM50, TIMM17A, TIMM13, TOMM40), mitochondrial quality control factors (YME1L1, OPA1), and respiratory chain assembly factors (COX17, COX18, CHCHD4). The screen's mitochondrial staining (COX4) directly relates to this pathway. Four completely uncharacterized genes (ENSG00000254692, ENSG00000288564, ENSG00000173867, ENSG00000241962) represent high-priority discovery targets as potential novel mitochondrial translation factors. Most striking are several well-characterized genes from other pathways (IRF5, TIA1, FUBP1, TSC1) whose clustering suggests unexpected roles in coordinating mitochondrial translation with immune responses, stress signaling, and growth control.	cell_COX4_mean	TUFM	established			0.3765497505664825	0.002	2.6989700043360187	0.0161018057078403	0.027146850184073
0	Mitochondrial ribosome assembly and translation	High	This cluster shows HIGH confidence for mitochondrial ribosome assembly and translation as the dominant pathway. Approximately 75% of genes (55/73) are established components of the mitochondrial translation machinery, including 39 mitochondrial ribosomal proteins (MRPL/MRPS), aminoacyl-tRNA synthetases (MARS2, YARS2), translation factors (TUFM), and RNA processing factors (PNPT1, MTPAP, LRPPRC, PTCD3, TRMT10C). Additional established genes include mitochondrial protein import components (TIMM50, TIMM17A, TIMM13, TOMM40), mitochondrial quality control factors (YME1L1, OPA1), and respiratory chain assembly factors (COX17, COX18, CHCHD4). The screen's mitochondrial staining (COX4) directly relates to this pathway. Four completely uncharacterized genes (ENSG00000254692, ENSG00000288564, ENSG00000173867, ENSG00000241962) represent high-priority discovery targets as potential novel mitochondrial translation factors. Most striking are several well-characterized genes from other pathways (IRF5, TIA1, FUBP1, TSC1) whose clustering suggests unexpected roles in coordinating mitochondrial translation with immune responses, stress signaling, and growth control.	cell_COX4_mean	MRPL50	established			0.3480018079280853	0.0012	2.9208187539523753	0.0163097439465508	0.0263171490857273
0	Mitochondrial ribosome assembly and translation	High	This cluster shows HIGH confidence for mitochondrial ribosome assembly and translation as the dominant pathway. Approximately 75% of genes (55/73) are established components of the mitochondrial translation machinery, including 39 mitochondrial ribosomal proteins (MRPL/MRPS), aminoacyl-tRNA synthetases (MARS2, YARS2), translation factors (TUFM), and RNA processing factors (PNPT1, MTPAP, LRPPRC, PTCD3, TRMT10C). Additional established genes include mitochondrial protein import components (TIMM50, TIMM17A, TIMM13, TOMM40), mitochondrial quality control factors (YME1L1, OPA1), and respiratory chain assembly factors (COX17, COX18, CHCHD4). The screen's mitochondrial staining (COX4) directly relates to this pathway. Four completely uncharacterized genes (ENSG00000254692, ENSG00000288564, ENSG00000173867, ENSG00000241962) represent high-priority discovery targets as potential novel mitochondrial translation factors. Most striking are several well-characterized genes from other pathways (IRF5, TIA1, FUBP1, TSC1) whose clustering suggests unexpected roles in coordinating mitochondrial translation with immune responses, stress signaling, and growth control.	cell_COX4_mean	YARS2	established			0.3216391801834106	0.0046	2.337242168318426	0.0127367718957356	0.0219245954745446
0	Mitochondrial ribosome assembly and translation	High	This cluster shows HIGH confidence for mitochondrial ribosome assembly and translation as the dominant pathway. Approximately 75% of genes (55/73) are established components of the mitochondrial translation machinery, including 39 mitochondrial ribosomal proteins (MRPL/MRPS), aminoacyl-tRNA synthetases (MARS2, YARS2), translation factors (TUFM), and RNA processing factors (PNPT1, MTPAP, LRPPRC, PTCD3, TRMT10C). Additional established genes include mitochondrial protein import components (TIMM50, TIMM17A, TIMM13, TOMM40), mitochondrial quality control factors (YME1L1, OPA1), and respiratory chain assembly factors (COX17, COX18, CHCHD4). The screen's mitochondrial staining (COX4) directly relates to this pathway. Four completely uncharacterized genes (ENSG00000254692, ENSG00000288564, ENSG00000173867, ENSG00000241962) represent high-priority discovery targets as potential novel mitochondrial translation factors. Most striking are several well-characterized genes from other pathways (IRF5, TIA1, FUBP1, TSC1) whose clustering suggests unexpected roles in coordinating mitochondrial translation with immune responses, stress signaling, and growth control.	cell_COX4_mean	MRPS26	established			0.3102103471755981	0.0168	1.7746907182741372	0.0148750346081347	0.0249444879366697
0	Mitochondrial ribosome assembly and translation	High	This cluster shows HIGH confidence for mitochondrial ribosome assembly and translation as the dominant pathway. Approximately 75% of genes (55/73) are established components of the mitochondrial translation machinery, including 39 mitochondrial ribosomal proteins (MRPL/MRPS), aminoacyl-tRNA synthetases (MARS2, YARS2), translation factors (TUFM), and RNA processing factors (PNPT1, MTPAP, LRPPRC, PTCD3, TRMT10C). Additional established genes include mitochondrial protein import components (TIMM50, TIMM17A, TIMM13, TOMM40), mitochondrial quality control factors (YME1L1, OPA1), and respiratory chain assembly factors (COX17, COX18, CHCHD4). The screen's mitochondrial staining (COX4) directly relates to this pathway. Four completely uncharacterized genes (ENSG00000254692, ENSG00000288564, ENSG00000173867, ENSG00000241962) represent high-priority discovery targets as potential novel mitochondrial translation factors. Most striking are several well-characterized genes from other pathways (IRF5, TIA1, FUBP1, TSC1) whose clustering suggests unexpected roles in coordinating mitochondrial translation with immune responses, stress signaling, and growth control.	cell_COX4_mean	MRPL20	established			0.7005336284637451	0.0		0.0150661220945457	0.0255746110991256
0	Mitochondrial ribosome assembly and translation	High	This cluster shows HIGH confidence for mitochondrial ribosome assembly and translation as the dominant pathway. Approximately 75% of genes (55/73) are established components of the mitochondrial translation machinery, including 39 mitochondrial ribosomal proteins (MRPL/MRPS), aminoacyl-tRNA synthetases (MARS2, YARS2), translation factors (TUFM), and RNA processing factors (PNPT1, MTPAP, LRPPRC, PTCD3, TRMT10C). Additional established genes include mitochondrial protein import components (TIMM50, TIMM17A, TIMM13, TOMM40), mitochondrial quality control factors (YME1L1, OPA1), and respiratory chain assembly factors (COX17, COX18, CHCHD4). The screen's mitochondrial staining (COX4) directly relates to this pathway. Four completely uncharacterized genes (ENSG00000254692, ENSG00000288564, ENSG00000173867, ENSG00000241962) represent high-priority discovery targets as potential novel mitochondrial translation factors. Most striking are several well-characterized genes from other pathways (IRF5, TIA1, FUBP1, TSC1) whose clustering suggests unexpected roles in coordinating mitochondrial translation with immune responses, stress signaling, and growth control.	cell_COX4_mean	DAP3	established			0.3243500292301178	0.0158	1.8013429130455774	0.0141895627277129	0.0241047108026057
0	Mitochondrial ribosome assembly and translation	High	This cluster shows HIGH confidence for mitochondrial ribosome assembly and translation as the dominant pathway. Approximately 75% of genes (55/73) are established components of the mitochondrial translation machinery, including 39 mitochondrial ribosomal proteins (MRPL/MRPS), aminoacyl-tRNA synthetases (MARS2, YARS2), translation factors (TUFM), and RNA processing factors (PNPT1, MTPAP, LRPPRC, PTCD3, TRMT10C). Additional established genes include mitochondrial protein import components (TIMM50, TIMM17A, TIMM13, TOMM40), mitochondrial quality control factors (YME1L1, OPA1), and respiratory chain assembly factors (COX17, COX18, CHCHD4). The screen's mitochondrial staining (COX4) directly relates to this pathway. Four completely uncharacterized genes (ENSG00000254692, ENSG00000288564, ENSG00000173867, ENSG00000241962) represent high-priority discovery targets as potential novel mitochondrial translation factors. Most striking are several well-characterized genes from other pathways (IRF5, TIA1, FUBP1, TSC1) whose clustering suggests unexpected roles in coordinating mitochondrial translation with immune responses, stress signaling, and growth control.	cell_COX4_mean	MRPL17	established			0.446214884519577	0.0002	3.6989700043360187	0.0159032537905351	0.0288265546976046
0	Mitochondrial ribosome assembly and translation	High	This cluster shows HIGH confidence for mitochondrial ribosome assembly and translation as the dominant pathway. Approximately 75% of genes (55/73) are established components of the mitochondrial translation machinery, including 39 mitochondrial ribosomal proteins (MRPL/MRPS), aminoacyl-tRNA synthetases (MARS2, YARS2), translation factors (TUFM), and RNA processing factors (PNPT1, MTPAP, LRPPRC, PTCD3, TRMT10C). Additional established genes include mitochondrial protein import components (TIMM50, TIMM17A, TIMM13, TOMM40), mitochondrial quality control factors (YME1L1, OPA1), and respiratory chain assembly factors (COX17, COX18, CHCHD4). The screen's mitochondrial staining (COX4) directly relates to this pathway. Four completely uncharacterized genes (ENSG00000254692, ENSG00000288564, ENSG00000173867, ENSG00000241962) represent high-priority discovery targets as potential novel mitochondrial translation factors. Most striking are several well-characterized genes from other pathways (IRF5, TIA1, FUBP1, TSC1) whose clustering suggests unexpected roles in coordinating mitochondrial translation with immune responses, stress signaling, and growth control.	cell_COX4_mean	MRPL18	established			0.6616036891937256	0.0		0.0166044236491671	0.0281332743293918
0	Mitochondrial ribosome assembly and translation	High	This cluster shows HIGH confidence for mitochondrial ribosome assembly and translation as the dominant pathway. Approximately 75% of genes (55/73) are established components of the mitochondrial translation machinery, including 39 mitochondrial ribosomal proteins (MRPL/MRPS), aminoacyl-tRNA synthetases (MARS2, YARS2), translation factors (TUFM), and RNA processing factors (PNPT1, MTPAP, LRPPRC, PTCD3, TRMT10C). Additional established genes include mitochondrial protein import components (TIMM50, TIMM17A, TIMM13, TOMM40), mitochondrial quality control factors (YME1L1, OPA1), and respiratory chain assembly factors (COX17, COX18, CHCHD4). The screen's mitochondrial staining (COX4) directly relates to this pathway. Four completely uncharacterized genes (ENSG00000254692, ENSG00000288564, ENSG00000173867, ENSG00000241962) represent high-priority discovery targets as potential novel mitochondrial translation factors. Most striking are several well-characterized genes from other pathways (IRF5, TIA1, FUBP1, TSC1) whose clustering suggests unexpected roles in coordinating mitochondrial translation with immune responses, stress signaling, and growth control.	cell_COX4_mean	MRPL13	established			0.3701856434345245	0.0012	2.9208187539523753	0.0146967011962094	0.0251775876072182
0	Mitochondrial ribosome assembly and translation	High	This cluster shows HIGH confidence for mitochondrial ribosome assembly and translation as the dominant pathway. Approximately 75% of genes (55/73) are established components of the mitochondrial translation machinery, including 39 mitochondrial ribosomal proteins (MRPL/MRPS), aminoacyl-tRNA synthetases (MARS2, YARS2), translation factors (TUFM), and RNA processing factors (PNPT1, MTPAP, LRPPRC, PTCD3, TRMT10C). Additional established genes include mitochondrial protein import components (TIMM50, TIMM17A, TIMM13, TOMM40), mitochondrial quality control factors (YME1L1, OPA1), and respiratory chain assembly factors (COX17, COX18, CHCHD4). The screen's mitochondrial staining (COX4) directly relates to this pathway. Four completely uncharacterized genes (ENSG00000254692, ENSG00000288564, ENSG00000173867, ENSG00000241962) represent high-priority discovery targets as potential novel mitochondrial translation factors. Most striking are several well-characterized genes from other pathways (IRF5, TIA1, FUBP1, TSC1) whose clustering suggests unexpected roles in coordinating mitochondrial translation with immune responses, stress signaling, and growth control.	cell_COX4_mean	MRPL58	established			0.6028603315353394	0.0		0.0135540501325937	0.0229371389736452
0	Mitochondrial ribosome assembly and translation	High	This cluster shows HIGH confidence for mitochondrial ribosome assembly and translation as the dominant pathway. Approximately 75% of genes (55/73) are established components of the mitochondrial translation machinery, including 39 mitochondrial ribosomal proteins (MRPL/MRPS), aminoacyl-tRNA synthetases (MARS2, YARS2), translation factors (TUFM), and RNA processing factors (PNPT1, MTPAP, LRPPRC, PTCD3, TRMT10C). Additional established genes include mitochondrial protein import components (TIMM50, TIMM17A, TIMM13, TOMM40), mitochondrial quality control factors (YME1L1, OPA1), and respiratory chain assembly factors (COX17, COX18, CHCHD4). The screen's mitochondrial staining (COX4) directly relates to this pathway. Four completely uncharacterized genes (ENSG00000254692, ENSG00000288564, ENSG00000173867, ENSG00000241962) represent high-priority discovery targets as potential novel mitochondrial translation factors. Most striking are several well-characterized genes from other pathways (IRF5, TIA1, FUBP1, TSC1) whose clustering suggests unexpected roles in coordinating mitochondrial translation with immune responses, stress signaling, and growth control.	cell_COX4_mean	MRPS2	established			0.3861067295074463	0.0042	2.3767507096020997	0.0115827289751652	0.0213308186966751
0	Mitochondrial ribosome assembly and translation	High	This cluster shows HIGH confidence for mitochondrial ribosome assembly and translation as the dominant pathway. Approximately 75% of genes (55/73) are established components of the mitochondrial translation machinery, including 39 mitochondrial ribosomal proteins (MRPL/MRPS), aminoacyl-tRNA synthetases (MARS2, YARS2), translation factors (TUFM), and RNA processing factors (PNPT1, MTPAP, LRPPRC, PTCD3, TRMT10C). Additional established genes include mitochondrial protein import components (TIMM50, TIMM17A, TIMM13, TOMM40), mitochondrial quality control factors (YME1L1, OPA1), and respiratory chain assembly factors (COX17, COX18, CHCHD4). The screen's mitochondrial staining (COX4) directly relates to this pathway. Four completely uncharacterized genes (ENSG00000254692, ENSG00000288564, ENSG00000173867, ENSG00000241962) represent high-priority discovery targets as potential novel mitochondrial translation factors. Most striking are several well-characterized genes from other pathways (IRF5, TIA1, FUBP1, TSC1) whose clustering suggests unexpected roles in coordinating mitochondrial translation with immune responses, stress signaling, and growth control.	cell_COX4_mean	MRPL15	established			0.6326959729194641	0.0		0.0173608534223078	0.0289730536166004
0	Mitochondrial ribosome assembly and translation	High	This cluster shows HIGH confidence for mitochondrial ribosome assembly and translation as the dominant pathway. Approximately 75% of genes (55/73) are established components of the mitochondrial translation machinery, including 39 mitochondrial ribosomal proteins (MRPL/MRPS), aminoacyl-tRNA synthetases (MARS2, YARS2), translation factors (TUFM), and RNA processing factors (PNPT1, MTPAP, LRPPRC, PTCD3, TRMT10C). Additional established genes include mitochondrial protein import components (TIMM50, TIMM17A, TIMM13, TOMM40), mitochondrial quality control factors (YME1L1, OPA1), and respiratory chain assembly factors (COX17, COX18, CHCHD4). The screen's mitochondrial staining (COX4) directly relates to this pathway. Four completely uncharacterized genes (ENSG00000254692, ENSG00000288564, ENSG00000173867, ENSG00000241962) represent high-priority discovery targets as potential novel mitochondrial translation factors. Most striking are several well-characterized genes from other pathways (IRF5, TIA1, FUBP1, TSC1) whose clustering suggests unexpected roles in coordinating mitochondrial translation with immune responses, stress signaling, and growth control.	cell_COX4_mean	MRPS25	established			0.5896927118301392	0.0		0.0153950481628954	0.0259183316734324
0	Mitochondrial ribosome assembly and translation	High	This cluster shows HIGH confidence for mitochondrial ribosome assembly and translation as the dominant pathway. Approximately 75% of genes (55/73) are established components of the mitochondrial translation machinery, including 39 mitochondrial ribosomal proteins (MRPL/MRPS), aminoacyl-tRNA synthetases (MARS2, YARS2), translation factors (TUFM), and RNA processing factors (PNPT1, MTPAP, LRPPRC, PTCD3, TRMT10C). Additional established genes include mitochondrial protein import components (TIMM50, TIMM17A, TIMM13, TOMM40), mitochondrial quality control factors (YME1L1, OPA1), and respiratory chain assembly factors (COX17, COX18, CHCHD4). The screen's mitochondrial staining (COX4) directly relates to this pathway. Four completely uncharacterized genes (ENSG00000254692, ENSG00000288564, ENSG00000173867, ENSG00000241962) represent high-priority discovery targets as potential novel mitochondrial translation factors. Most striking are several well-characterized genes from other pathways (IRF5, TIA1, FUBP1, TSC1) whose clustering suggests unexpected roles in coordinating mitochondrial translation with immune responses, stress signaling, and growth control.	cell_COX4_mean	MRPS30	established			0.5715153813362122	0.0002	3.6989700043360187	0.0170541791984479	0.0286334224826486
0	Mitochondrial ribosome assembly and translation	High	This cluster shows HIGH confidence for mitochondrial ribosome assembly and translation as the dominant pathway. Approximately 75% of genes (55/73) are established components of the mitochondrial translation machinery, including 39 mitochondrial ribosomal proteins (MRPL/MRPS), aminoacyl-tRNA synthetases (MARS2, YARS2), translation factors (TUFM), and RNA processing factors (PNPT1, MTPAP, LRPPRC, PTCD3, TRMT10C). Additional established genes include mitochondrial protein import components (TIMM50, TIMM17A, TIMM13, TOMM40), mitochondrial quality control factors (YME1L1, OPA1), and respiratory chain assembly factors (COX17, COX18, CHCHD4). The screen's mitochondrial staining (COX4) directly relates to this pathway. Four completely uncharacterized genes (ENSG00000254692, ENSG00000288564, ENSG00000173867, ENSG00000241962) represent high-priority discovery targets as potential novel mitochondrial translation factors. Most striking are several well-characterized genes from other pathways (IRF5, TIA1, FUBP1, TSC1) whose clustering suggests unexpected roles in coordinating mitochondrial translation with immune responses, stress signaling, and growth control.	cell_COX4_mean	MRPS21	established			0.4944161772727966	0.0004	3.3979400086720375	0.0164186056655833	0.0261258763431255
0	Mitochondrial ribosome assembly and translation	High	This cluster shows HIGH confidence for mitochondrial ribosome assembly and translation as the dominant pathway. Approximately 75% of genes (55/73) are established components of the mitochondrial translation machinery, including 39 mitochondrial ribosomal proteins (MRPL/MRPS), aminoacyl-tRNA synthetases (MARS2, YARS2), translation factors (TUFM), and RNA processing factors (PNPT1, MTPAP, LRPPRC, PTCD3, TRMT10C). Additional established genes include mitochondrial protein import components (TIMM50, TIMM17A, TIMM13, TOMM40), mitochondrial quality control factors (YME1L1, OPA1), and respiratory chain assembly factors (COX17, COX18, CHCHD4). The screen's mitochondrial staining (COX4) directly relates to this pathway. Four completely uncharacterized genes (ENSG00000254692, ENSG00000288564, ENSG00000173867, ENSG00000241962) represent high-priority discovery targets as potential novel mitochondrial translation factors. Most striking are several well-characterized genes from other pathways (IRF5, TIA1, FUBP1, TSC1) whose clustering suggests unexpected roles in coordinating mitochondrial translation with immune responses, stress signaling, and growth control.	cell_COX4_mean	MRPL34	established			0.5185564160346985	0.0		0.0162193616646696	0.0264569135203428
0	Mitochondrial ribosome assembly and translation	High	This cluster shows HIGH confidence for mitochondrial ribosome assembly and translation as the dominant pathway. Approximately 75% of genes (55/73) are established components of the mitochondrial translation machinery, including 39 mitochondrial ribosomal proteins (MRPL/MRPS), aminoacyl-tRNA synthetases (MARS2, YARS2), translation factors (TUFM), and RNA processing factors (PNPT1, MTPAP, LRPPRC, PTCD3, TRMT10C). Additional established genes include mitochondrial protein import components (TIMM50, TIMM17A, TIMM13, TOMM40), mitochondrial quality control factors (YME1L1, OPA1), and respiratory chain assembly factors (COX17, COX18, CHCHD4). The screen's mitochondrial staining (COX4) directly relates to this pathway. Four completely uncharacterized genes (ENSG00000254692, ENSG00000288564, ENSG00000173867, ENSG00000241962) represent high-priority discovery targets as potential novel mitochondrial translation factors. Most striking are several well-characterized genes from other pathways (IRF5, TIA1, FUBP1, TSC1) whose clustering suggests unexpected roles in coordinating mitochondrial translation with immune responses, stress signaling, and growth control.	cell_COX4_mean	MRPL39	established			0.6908096075057983	0.0		0.0129048410265368	0.0262192632946588
0	Mitochondrial ribosome assembly and translation	High	This cluster shows HIGH confidence for mitochondrial ribosome assembly and translation as the dominant pathway. Approximately 75% of genes (55/73) are established components of the mitochondrial translation machinery, including 39 mitochondrial ribosomal proteins (MRPL/MRPS), aminoacyl-tRNA synthetases (MARS2, YARS2), translation factors (TUFM), and RNA processing factors (PNPT1, MTPAP, LRPPRC, PTCD3, TRMT10C). Additional established genes include mitochondrial protein import components (TIMM50, TIMM17A, TIMM13, TOMM40), mitochondrial quality control factors (YME1L1, OPA1), and respiratory chain assembly factors (COX17, COX18, CHCHD4). The screen's mitochondrial staining (COX4) directly relates to this pathway. Four completely uncharacterized genes (ENSG00000254692, ENSG00000288564, ENSG00000173867, ENSG00000241962) represent high-priority discovery targets as potential novel mitochondrial translation factors. Most striking are several well-characterized genes from other pathways (IRF5, TIA1, FUBP1, TSC1) whose clustering suggests unexpected roles in coordinating mitochondrial translation with immune responses, stress signaling, and growth control.	cell_COX4_mean	MRPL44	established			0.6886281967163086	0.0		0.0155066414756233	0.0258172433289122
0	Mitochondrial ribosome assembly and translation	High	This cluster shows HIGH confidence for mitochondrial ribosome assembly and translation as the dominant pathway. Approximately 75% of genes (55/73) are established components of the mitochondrial translation machinery, including 39 mitochondrial ribosomal proteins (MRPL/MRPS), aminoacyl-tRNA synthetases (MARS2, YARS2), translation factors (TUFM), and RNA processing factors (PNPT1, MTPAP, LRPPRC, PTCD3, TRMT10C). Additional established genes include mitochondrial protein import components (TIMM50, TIMM17A, TIMM13, TOMM40), mitochondrial quality control factors (YME1L1, OPA1), and respiratory chain assembly factors (COX17, COX18, CHCHD4). The screen's mitochondrial staining (COX4) directly relates to this pathway. Four completely uncharacterized genes (ENSG00000254692, ENSG00000288564, ENSG00000173867, ENSG00000241962) represent high-priority discovery targets as potential novel mitochondrial translation factors. Most striking are several well-characterized genes from other pathways (IRF5, TIA1, FUBP1, TSC1) whose clustering suggests unexpected roles in coordinating mitochondrial translation with immune responses, stress signaling, and growth control.	cell_COX4_mean	MRPL47	established			0.4761373400688171	0.0		0.0140476425079979	0.0249994079263869
0	Mitochondrial ribosome assembly and translation	High	This cluster shows HIGH confidence for mitochondrial ribosome assembly and translation as the dominant pathway. Approximately 75% of genes (55/73) are established components of the mitochondrial translation machinery, including 39 mitochondrial ribosomal proteins (MRPL/MRPS), aminoacyl-tRNA synthetases (MARS2, YARS2), translation factors (TUFM), and RNA processing factors (PNPT1, MTPAP, LRPPRC, PTCD3, TRMT10C). Additional established genes include mitochondrial protein import components (TIMM50, TIMM17A, TIMM13, TOMM40), mitochondrial quality control factors (YME1L1, OPA1), and respiratory chain assembly factors (COX17, COX18, CHCHD4). The screen's mitochondrial staining (COX4) directly relates to this pathway. Four completely uncharacterized genes (ENSG00000254692, ENSG00000288564, ENSG00000173867, ENSG00000241962) represent high-priority discovery targets as potential novel mitochondrial translation factors. Most striking are several well-characterized genes from other pathways (IRF5, TIA1, FUBP1, TSC1) whose clustering suggests unexpected roles in coordinating mitochondrial translation with immune responses, stress signaling, and growth control.	cell_COX4_mean	PNPT1	established			0.5591611266136169	0.0		0.0131969967374461	0.021650940738024
0	Mitochondrial ribosome assembly and translation	High	This cluster shows HIGH confidence for mitochondrial ribosome assembly and translation as the dominant pathway. Approximately 75% of genes (55/73) are established components of the mitochondrial translation machinery, including 39 mitochondrial ribosomal proteins (MRPL/MRPS), aminoacyl-tRNA synthetases (MARS2, YARS2), translation factors (TUFM), and RNA processing factors (PNPT1, MTPAP, LRPPRC, PTCD3, TRMT10C). Additional established genes include mitochondrial protein import components (TIMM50, TIMM17A, TIMM13, TOMM40), mitochondrial quality control factors (YME1L1, OPA1), and respiratory chain assembly factors (COX17, COX18, CHCHD4). The screen's mitochondrial staining (COX4) directly relates to this pathway. Four completely uncharacterized genes (ENSG00000254692, ENSG00000288564, ENSG00000173867, ENSG00000241962) represent high-priority discovery targets as potential novel mitochondrial translation factors. Most striking are several well-characterized genes from other pathways (IRF5, TIA1, FUBP1, TSC1) whose clustering suggests unexpected roles in coordinating mitochondrial translation with immune responses, stress signaling, and growth control.	cell_COX4_mean	MTG2	established			0.3459628820419311	0.0032	2.494850021680094	0.0143188216491949	0.0214173659612947
0	Mitochondrial ribosome assembly and translation	High	This cluster shows HIGH confidence for mitochondrial ribosome assembly and translation as the dominant pathway. Approximately 75% of genes (55/73) are established components of the mitochondrial translation machinery, including 39 mitochondrial ribosomal proteins (MRPL/MRPS), aminoacyl-tRNA synthetases (MARS2, YARS2), translation factors (TUFM), and RNA processing factors (PNPT1, MTPAP, LRPPRC, PTCD3, TRMT10C). Additional established genes include mitochondrial protein import components (TIMM50, TIMM17A, TIMM13, TOMM40), mitochondrial quality control factors (YME1L1, OPA1), and respiratory chain assembly factors (COX17, COX18, CHCHD4). The screen's mitochondrial staining (COX4) directly relates to this pathway. Four completely uncharacterized genes (ENSG00000254692, ENSG00000288564, ENSG00000173867, ENSG00000241962) represent high-priority discovery targets as potential novel mitochondrial translation factors. Most striking are several well-characterized genes from other pathways (IRF5, TIA1, FUBP1, TSC1) whose clustering suggests unexpected roles in coordinating mitochondrial translation with immune responses, stress signaling, and growth control.	cell_COX4_mean	LRPPRC	established			0.6188563108444214	0.0002	3.6989700043360187	0.016176769989993	0.0252893058225456
0	Mitochondrial ribosome assembly and translation	High	This cluster shows HIGH confidence for mitochondrial ribosome assembly and translation as the dominant pathway. Approximately 75% of genes (55/73) are established components of the mitochondrial translation machinery, including 39 mitochondrial ribosomal proteins (MRPL/MRPS), aminoacyl-tRNA synthetases (MARS2, YARS2), translation factors (TUFM), and RNA processing factors (PNPT1, MTPAP, LRPPRC, PTCD3, TRMT10C). Additional established genes include mitochondrial protein import components (TIMM50, TIMM17A, TIMM13, TOMM40), mitochondrial quality control factors (YME1L1, OPA1), and respiratory chain assembly factors (COX17, COX18, CHCHD4). The screen's mitochondrial staining (COX4) directly relates to this pathway. Four completely uncharacterized genes (ENSG00000254692, ENSG00000288564, ENSG00000173867, ENSG00000241962) represent high-priority discovery targets as potential novel mitochondrial translation factors. Most striking are several well-characterized genes from other pathways (IRF5, TIA1, FUBP1, TSC1) whose clustering suggests unexpected roles in coordinating mitochondrial translation with immune responses, stress signaling, and growth control.	cell_COX4_mean	PTCD3	established			0.3532489240169525	0.0014	2.853871964321762	0.0172988059685316	0.0274079856673695
0	Mitochondrial ribosome assembly and translation	High	This cluster shows HIGH confidence for mitochondrial ribosome assembly and translation as the dominant pathway. Approximately 75% of genes (55/73) are established components of the mitochondrial translation machinery, including 39 mitochondrial ribosomal proteins (MRPL/MRPS), aminoacyl-tRNA synthetases (MARS2, YARS2), translation factors (TUFM), and RNA processing factors (PNPT1, MTPAP, LRPPRC, PTCD3, TRMT10C). Additional established genes include mitochondrial protein import components (TIMM50, TIMM17A, TIMM13, TOMM40), mitochondrial quality control factors (YME1L1, OPA1), and respiratory chain assembly factors (COX17, COX18, CHCHD4). The screen's mitochondrial staining (COX4) directly relates to this pathway. Four completely uncharacterized genes (ENSG00000254692, ENSG00000288564, ENSG00000173867, ENSG00000241962) represent high-priority discovery targets as potential novel mitochondrial translation factors. Most striking are several well-characterized genes from other pathways (IRF5, TIA1, FUBP1, TSC1) whose clustering suggests unexpected roles in coordinating mitochondrial translation with immune responses, stress signaling, and growth control.	cell_COX4_mean	TRMT10C	established			0.3412236273288727	0.0032	2.494850021680094	0.018301914593732	0.0296634876689448
0	Mitochondrial ribosome assembly and translation	High	This cluster shows HIGH confidence for mitochondrial ribosome assembly and translation as the dominant pathway. Approximately 75% of genes (55/73) are established components of the mitochondrial translation machinery, including 39 mitochondrial ribosomal proteins (MRPL/MRPS), aminoacyl-tRNA synthetases (MARS2, YARS2), translation factors (TUFM), and RNA processing factors (PNPT1, MTPAP, LRPPRC, PTCD3, TRMT10C). Additional established genes include mitochondrial protein import components (TIMM50, TIMM17A, TIMM13, TOMM40), mitochondrial quality control factors (YME1L1, OPA1), and respiratory chain assembly factors (COX17, COX18, CHCHD4). The screen's mitochondrial staining (COX4) directly relates to this pathway. Four completely uncharacterized genes (ENSG00000254692, ENSG00000288564, ENSG00000173867, ENSG00000241962) represent high-priority discovery targets as potential novel mitochondrial translation factors. Most striking are several well-characterized genes from other pathways (IRF5, TIA1, FUBP1, TSC1) whose clustering suggests unexpected roles in coordinating mitochondrial translation with immune responses, stress signaling, and growth control.	cell_COX4_mean	MTPAP	established			0.3303780853748321	0.0012	2.9208187539523753	0.0162537272893424	0.0274442974701919
0	Mitochondrial ribosome assembly and translation	High	This cluster shows HIGH confidence for mitochondrial ribosome assembly and translation as the dominant pathway. Approximately 75% of genes (55/73) are established components of the mitochondrial translation machinery, including 39 mitochondrial ribosomal proteins (MRPL/MRPS), aminoacyl-tRNA synthetases (MARS2, YARS2), translation factors (TUFM), and RNA processing factors (PNPT1, MTPAP, LRPPRC, PTCD3, TRMT10C). Additional established genes include mitochondrial protein import components (TIMM50, TIMM17A, TIMM13, TOMM40), mitochondrial quality control factors (YME1L1, OPA1), and respiratory chain assembly factors (COX17, COX18, CHCHD4). The screen's mitochondrial staining (COX4) directly relates to this pathway. Four completely uncharacterized genes (ENSG00000254692, ENSG00000288564, ENSG00000173867, ENSG00000241962) represent high-priority discovery targets as potential novel mitochondrial translation factors. Most striking are several well-characterized genes from other pathways (IRF5, TIA1, FUBP1, TSC1) whose clustering suggests unexpected roles in coordinating mitochondrial translation with immune responses, stress signaling, and growth control.	cell_COX4_mean	MYH16	novel	3.0	Pseudogene for myosin heavy chain that has lost function in humans. Unlikely to have meaningful role in mitochondrial translation; may be artifact of screen.	0.3284114301204681	0.0046	2.337242168318426	0.0107361652804375	0.0135865960030393
0	Mitochondrial ribosome assembly and translation	High	This cluster shows HIGH confidence for mitochondrial ribosome assembly and translation as the dominant pathway. Approximately 75% of genes (55/73) are established components of the mitochondrial translation machinery, including 39 mitochondrial ribosomal proteins (MRPL/MRPS), aminoacyl-tRNA synthetases (MARS2, YARS2), translation factors (TUFM), and RNA processing factors (PNPT1, MTPAP, LRPPRC, PTCD3, TRMT10C). Additional established genes include mitochondrial protein import components (TIMM50, TIMM17A, TIMM13, TOMM40), mitochondrial quality control factors (YME1L1, OPA1), and respiratory chain assembly factors (COX17, COX18, CHCHD4). The screen's mitochondrial staining (COX4) directly relates to this pathway. Four completely uncharacterized genes (ENSG00000254692, ENSG00000288564, ENSG00000173867, ENSG00000241962) represent high-priority discovery targets as potential novel mitochondrial translation factors. Most striking are several well-characterized genes from other pathways (IRF5, TIA1, FUBP1, TSC1) whose clustering suggests unexpected roles in coordinating mitochondrial translation with immune responses, stress signaling, and growth control.	cell_COX4_mean	ZC3HC1	novel	3.0	Nuclear pore component involved in TPR positioning. Connection to mitochondrial translation likely indirect through nuclear-cytoplasmic transport of mitochondrial protein precursors.	0.3899599909782409	0.0008	3.0969100130080562	0.0117713784897486	0.0208161649498415
0	Mitochondrial ribosome assembly and translation	High	This cluster shows HIGH confidence for mitochondrial ribosome assembly and translation as the dominant pathway. Approximately 75% of genes (55/73) are established components of the mitochondrial translation machinery, including 39 mitochondrial ribosomal proteins (MRPL/MRPS), aminoacyl-tRNA synthetases (MARS2, YARS2), translation factors (TUFM), and RNA processing factors (PNPT1, MTPAP, LRPPRC, PTCD3, TRMT10C). Additional established genes include mitochondrial protein import components (TIMM50, TIMM17A, TIMM13, TOMM40), mitochondrial quality control factors (YME1L1, OPA1), and respiratory chain assembly factors (COX17, COX18, CHCHD4). The screen's mitochondrial staining (COX4) directly relates to this pathway. Four completely uncharacterized genes (ENSG00000254692, ENSG00000288564, ENSG00000173867, ENSG00000241962) represent high-priority discovery targets as potential novel mitochondrial translation factors. Most striking are several well-characterized genes from other pathways (IRF5, TIA1, FUBP1, TSC1) whose clustering suggests unexpected roles in coordinating mitochondrial translation with immune responses, stress signaling, and growth control.	cell_COX4_mean	SPRED2	novel	4.0	Ras signaling inhibitor. Some connection to cellular metabolism through growth signaling, but role in mitochondrial translation is likely indirect through metabolic regulation.	0.5216651558876038	0.0		0.0155608419613928	0.023119932338516
0	Mitochondrial ribosome assembly and translation	High	This cluster shows HIGH confidence for mitochondrial ribosome assembly and translation as the dominant pathway. Approximately 75% of genes (55/73) are established components of the mitochondrial translation machinery, including 39 mitochondrial ribosomal proteins (MRPL/MRPS), aminoacyl-tRNA synthetases (MARS2, YARS2), translation factors (TUFM), and RNA processing factors (PNPT1, MTPAP, LRPPRC, PTCD3, TRMT10C). Additional established genes include mitochondrial protein import components (TIMM50, TIMM17A, TIMM13, TOMM40), mitochondrial quality control factors (YME1L1, OPA1), and respiratory chain assembly factors (COX17, COX18, CHCHD4). The screen's mitochondrial staining (COX4) directly relates to this pathway. Four completely uncharacterized genes (ENSG00000254692, ENSG00000288564, ENSG00000173867, ENSG00000241962) represent high-priority discovery targets as potential novel mitochondrial translation factors. Most striking are several well-characterized genes from other pathways (IRF5, TIA1, FUBP1, TSC1) whose clustering suggests unexpected roles in coordinating mitochondrial translation with immune responses, stress signaling, and growth control.	cell_COX4_mean	ACHE	novel	5.0	Acetylcholine hydrolase with established synaptic function. Some evidence for mitochondrial localization and apoptosis involvement, but direct role in mitochondrial translation would be novel.	0.291240394115448	0.0074	2.1307682802690238	0.0116499700614757	0.02470392578297
0	Mitochondrial ribosome assembly and translation	High	This cluster shows HIGH confidence for mitochondrial ribosome assembly and translation as the dominant pathway. Approximately 75% of genes (55/73) are established components of the mitochondrial translation machinery, including 39 mitochondrial ribosomal proteins (MRPL/MRPS), aminoacyl-tRNA synthetases (MARS2, YARS2), translation factors (TUFM), and RNA processing factors (PNPT1, MTPAP, LRPPRC, PTCD3, TRMT10C). Additional established genes include mitochondrial protein import components (TIMM50, TIMM17A, TIMM13, TOMM40), mitochondrial quality control factors (YME1L1, OPA1), and respiratory chain assembly factors (COX17, COX18, CHCHD4). The screen's mitochondrial staining (COX4) directly relates to this pathway. Four completely uncharacterized genes (ENSG00000254692, ENSG00000288564, ENSG00000173867, ENSG00000241962) represent high-priority discovery targets as potential novel mitochondrial translation factors. Most striking are several well-characterized genes from other pathways (IRF5, TIA1, FUBP1, TSC1) whose clustering suggests unexpected roles in coordinating mitochondrial translation with immune responses, stress signaling, and growth control.	cell_COX4_mean	PRPF40A	novel	5.0	Pre-mRNA splicing factor with cytoskeletal regulatory functions. Potential novel role in coordinating splicing of nuclear-encoded mitochondrial genes with mitochondrial translation.	0.4400375187397003	0.0032	2.494850021680094	0.015599179247392	0.0248518576975814
0	Mitochondrial ribosome assembly and translation	High	This cluster shows HIGH confidence for mitochondrial ribosome assembly and translation as the dominant pathway. Approximately 75% of genes (55/73) are established components of the mitochondrial translation machinery, including 39 mitochondrial ribosomal proteins (MRPL/MRPS), aminoacyl-tRNA synthetases (MARS2, YARS2), translation factors (TUFM), and RNA processing factors (PNPT1, MTPAP, LRPPRC, PTCD3, TRMT10C). Additional established genes include mitochondrial protein import components (TIMM50, TIMM17A, TIMM13, TOMM40), mitochondrial quality control factors (YME1L1, OPA1), and respiratory chain assembly factors (COX17, COX18, CHCHD4). The screen's mitochondrial staining (COX4) directly relates to this pathway. Four completely uncharacterized genes (ENSG00000254692, ENSG00000288564, ENSG00000173867, ENSG00000241962) represent high-priority discovery targets as potential novel mitochondrial translation factors. Most striking are several well-characterized genes from other pathways (IRF5, TIA1, FUBP1, TSC1) whose clustering suggests unexpected roles in coordinating mitochondrial translation with immune responses, stress signaling, and growth control.	cell_COX4_mean	TSC1	novel	6.0	Core mTORC1 regulator controlling cellular growth. Known connection to mitochondrial function through mTOR signaling, but direct involvement in mitochondrial translation machinery would represent novel mechanistic insight.	0.355376273393631	0.001	3.0	0.0130640653111718	0.0205820997105066
0	Mitochondrial ribosome assembly and translation	High	This cluster shows HIGH confidence for mitochondrial ribosome assembly and translation as the dominant pathway. Approximately 75% of genes (55/73) are established components of the mitochondrial translation machinery, including 39 mitochondrial ribosomal proteins (MRPL/MRPS), aminoacyl-tRNA synthetases (MARS2, YARS2), translation factors (TUFM), and RNA processing factors (PNPT1, MTPAP, LRPPRC, PTCD3, TRMT10C). Additional established genes include mitochondrial protein import components (TIMM50, TIMM17A, TIMM13, TOMM40), mitochondrial quality control factors (YME1L1, OPA1), and respiratory chain assembly factors (COX17, COX18, CHCHD4). The screen's mitochondrial staining (COX4) directly relates to this pathway. Four completely uncharacterized genes (ENSG00000254692, ENSG00000288564, ENSG00000173867, ENSG00000241962) represent high-priority discovery targets as potential novel mitochondrial translation factors. Most striking are several well-characterized genes from other pathways (IRF5, TIA1, FUBP1, TSC1) whose clustering suggests unexpected roles in coordinating mitochondrial translation with immune responses, stress signaling, and growth control.	cell_COX4_mean	WASHC2C	novel	6.0	Established component of WASH complex involved in endosomal trafficking. Clustering with mitochondrial proteins suggests potential novel role in mitochondrial protein import or quality control via endosome-mitochondria contacts.	0.2404257208108902	0.0268	1.5718652059712113	0.0133032577314055	0.0225218255235314
0	Mitochondrial ribosome assembly and translation	High	This cluster shows HIGH confidence for mitochondrial ribosome assembly and translation as the dominant pathway. Approximately 75% of genes (55/73) are established components of the mitochondrial translation machinery, including 39 mitochondrial ribosomal proteins (MRPL/MRPS), aminoacyl-tRNA synthetases (MARS2, YARS2), translation factors (TUFM), and RNA processing factors (PNPT1, MTPAP, LRPPRC, PTCD3, TRMT10C). Additional established genes include mitochondrial protein import components (TIMM50, TIMM17A, TIMM13, TOMM40), mitochondrial quality control factors (YME1L1, OPA1), and respiratory chain assembly factors (COX17, COX18, CHCHD4). The screen's mitochondrial staining (COX4) directly relates to this pathway. Four completely uncharacterized genes (ENSG00000254692, ENSG00000288564, ENSG00000173867, ENSG00000241962) represent high-priority discovery targets as potential novel mitochondrial translation factors. Most striking are several well-characterized genes from other pathways (IRF5, TIA1, FUBP1, TSC1) whose clustering suggests unexpected roles in coordinating mitochondrial translation with immune responses, stress signaling, and growth control.	cell_COX4_mean	PEG10	novel	6.0	Retrotransposon-derived protein forming RNA-containing vesicles. Clustering suggests potential novel role in mitochondrial RNA trafficking or intercellular transfer of mitochondrial translation components.	0.0606965981423854	0.6314	0.19969542244380148	0.0131346732121527	0.0224055452119495
0	Mitochondrial ribosome assembly and translation	High	This cluster shows HIGH confidence for mitochondrial ribosome assembly and translation as the dominant pathway. Approximately 75% of genes (55/73) are established components of the mitochondrial translation machinery, including 39 mitochondrial ribosomal proteins (MRPL/MRPS), aminoacyl-tRNA synthetases (MARS2, YARS2), translation factors (TUFM), and RNA processing factors (PNPT1, MTPAP, LRPPRC, PTCD3, TRMT10C). Additional established genes include mitochondrial protein import components (TIMM50, TIMM17A, TIMM13, TOMM40), mitochondrial quality control factors (YME1L1, OPA1), and respiratory chain assembly factors (COX17, COX18, CHCHD4). The screen's mitochondrial staining (COX4) directly relates to this pathway. Four completely uncharacterized genes (ENSG00000254692, ENSG00000288564, ENSG00000173867, ENSG00000241962) represent high-priority discovery targets as potential novel mitochondrial translation factors. Most striking are several well-characterized genes from other pathways (IRF5, TIA1, FUBP1, TSC1) whose clustering suggests unexpected roles in coordinating mitochondrial translation with immune responses, stress signaling, and growth control.	cell_COX4_mean	TIA1	novel	7.0	Known RNA-binding protein involved in splicing and stress granule formation. Clustering suggests potential novel role in mitochondrial RNA metabolism or coordinating cytoplasmic-mitochondrial translation during stress.	0.3240480720996856	0.0028	2.5528419686577806	0.0146932138115888	0.0228522174373968
0	Mitochondrial ribosome assembly and translation	High	This cluster shows HIGH confidence for mitochondrial ribosome assembly and translation as the dominant pathway. Approximately 75% of genes (55/73) are established components of the mitochondrial translation machinery, including 39 mitochondrial ribosomal proteins (MRPL/MRPS), aminoacyl-tRNA synthetases (MARS2, YARS2), translation factors (TUFM), and RNA processing factors (PNPT1, MTPAP, LRPPRC, PTCD3, TRMT10C). Additional established genes include mitochondrial protein import components (TIMM50, TIMM17A, TIMM13, TOMM40), mitochondrial quality control factors (YME1L1, OPA1), and respiratory chain assembly factors (COX17, COX18, CHCHD4). The screen's mitochondrial staining (COX4) directly relates to this pathway. Four completely uncharacterized genes (ENSG00000254692, ENSG00000288564, ENSG00000173867, ENSG00000241962) represent high-priority discovery targets as potential novel mitochondrial translation factors. Most striking are several well-characterized genes from other pathways (IRF5, TIA1, FUBP1, TSC1) whose clustering suggests unexpected roles in coordinating mitochondrial translation with immune responses, stress signaling, and growth control.	cell_COX4_mean	FUBP1	novel	7.0	Established MYC regulator and transcription factor. Unexpected clustering with mitochondrial ribosomes suggests potential novel function in coordinating nuclear transcription with mitochondrial translation capacity.	0.3271444141864776	0.0022	2.657577319177794	0.0172375264490765	0.028637544021628
0	Mitochondrial ribosome assembly and translation	High	This cluster shows HIGH confidence for mitochondrial ribosome assembly and translation as the dominant pathway. Approximately 75% of genes (55/73) are established components of the mitochondrial translation machinery, including 39 mitochondrial ribosomal proteins (MRPL/MRPS), aminoacyl-tRNA synthetases (MARS2, YARS2), translation factors (TUFM), and RNA processing factors (PNPT1, MTPAP, LRPPRC, PTCD3, TRMT10C). Additional established genes include mitochondrial protein import components (TIMM50, TIMM17A, TIMM13, TOMM40), mitochondrial quality control factors (YME1L1, OPA1), and respiratory chain assembly factors (COX17, COX18, CHCHD4). The screen's mitochondrial staining (COX4) directly relates to this pathway. Four completely uncharacterized genes (ENSG00000254692, ENSG00000288564, ENSG00000173867, ENSG00000241962) represent high-priority discovery targets as potential novel mitochondrial translation factors. Most striking are several well-characterized genes from other pathways (IRF5, TIA1, FUBP1, TSC1) whose clustering suggests unexpected roles in coordinating mitochondrial translation with immune responses, stress signaling, and growth control.	cell_COX4_mean	IRF5	novel	8.0	Well-established transcription factor in innate immunity and interferon response. Clustering with mitochondrial translation machinery is unexpected and suggests novel role in regulating mitochondrial gene expression or coordinating immune-metabolic responses.	0.2514746189117431	0.0216	1.665546248849069	0.0124938775401014	0.0188934077259269
0	Mitochondrial ribosome assembly and translation	High	This cluster shows HIGH confidence for mitochondrial ribosome assembly and translation as the dominant pathway. Approximately 75% of genes (55/73) are established components of the mitochondrial translation machinery, including 39 mitochondrial ribosomal proteins (MRPL/MRPS), aminoacyl-tRNA synthetases (MARS2, YARS2), translation factors (TUFM), and RNA processing factors (PNPT1, MTPAP, LRPPRC, PTCD3, TRMT10C). Additional established genes include mitochondrial protein import components (TIMM50, TIMM17A, TIMM13, TOMM40), mitochondrial quality control factors (YME1L1, OPA1), and respiratory chain assembly factors (COX17, COX18, CHCHD4). The screen's mitochondrial staining (COX4) directly relates to this pathway. Four completely uncharacterized genes (ENSG00000254692, ENSG00000288564, ENSG00000173867, ENSG00000241962) represent high-priority discovery targets as potential novel mitochondrial translation factors. Most striking are several well-characterized genes from other pathways (IRF5, TIA1, FUBP1, TSC1) whose clustering suggests unexpected roles in coordinating mitochondrial translation with immune responses, stress signaling, and growth control.	cell_COX4_mean	ATP5MF-PTCD1	uncharacterized	7.0	Readthrough transcript with limited characterization. PTCD3 component is known mitochondrial RNA-binding protein, but the fusion product's function in mitochondrial translation is unclear.	0.3116889595985412	0.001	3.0	0.0145362566062483	0.0213992619580364
0	Mitochondrial ribosome assembly and translation	High	This cluster shows HIGH confidence for mitochondrial ribosome assembly and translation as the dominant pathway. Approximately 75% of genes (55/73) are established components of the mitochondrial translation machinery, including 39 mitochondrial ribosomal proteins (MRPL/MRPS), aminoacyl-tRNA synthetases (MARS2, YARS2), translation factors (TUFM), and RNA processing factors (PNPT1, MTPAP, LRPPRC, PTCD3, TRMT10C). Additional established genes include mitochondrial protein import components (TIMM50, TIMM17A, TIMM13, TOMM40), mitochondrial quality control factors (YME1L1, OPA1), and respiratory chain assembly factors (COX17, COX18, CHCHD4). The screen's mitochondrial staining (COX4) directly relates to this pathway. Four completely uncharacterized genes (ENSG00000254692, ENSG00000288564, ENSG00000173867, ENSG00000241962) represent high-priority discovery targets as potential novel mitochondrial translation factors. Most striking are several well-characterized genes from other pathways (IRF5, TIA1, FUBP1, TSC1) whose clustering suggests unexpected roles in coordinating mitochondrial translation with immune responses, stress signaling, and growth control.	cell_COX4_mean	ENSG00000254692	uncharacterized	9.0	Completely uncharacterized gene with no functional annotation. Clusters with core mitochondrial ribosomal proteins, suggesting potential role in mitochondrial translation machinery. High discovery potential.	0.3658055663108825	0.0014	2.853871964321762	0.0133463813793524	0.0216136911539742
0	Mitochondrial ribosome assembly and translation	High	This cluster shows HIGH confidence for mitochondrial ribosome assembly and translation as the dominant pathway. Approximately 75% of genes (55/73) are established components of the mitochondrial translation machinery, including 39 mitochondrial ribosomal proteins (MRPL/MRPS), aminoacyl-tRNA synthetases (MARS2, YARS2), translation factors (TUFM), and RNA processing factors (PNPT1, MTPAP, LRPPRC, PTCD3, TRMT10C). Additional established genes include mitochondrial protein import components (TIMM50, TIMM17A, TIMM13, TOMM40), mitochondrial quality control factors (YME1L1, OPA1), and respiratory chain assembly factors (COX17, COX18, CHCHD4). The screen's mitochondrial staining (COX4) directly relates to this pathway. Four completely uncharacterized genes (ENSG00000254692, ENSG00000288564, ENSG00000173867, ENSG00000241962) represent high-priority discovery targets as potential novel mitochondrial translation factors. Most striking are several well-characterized genes from other pathways (IRF5, TIA1, FUBP1, TSC1) whose clustering suggests unexpected roles in coordinating mitochondrial translation with immune responses, stress signaling, and growth control.	cell_COX4_mean	ENSG00000288564	uncharacterized	9.0	Uncharacterized gene with no known function. Strong clustering with mitochondrial ribosomal components suggests novel role in mitochondrial protein synthesis or ribosome assembly.	0.3262777924537658	0.004	2.3979400086720375	0.015788469471938	0.0246447902505153
0	Mitochondrial ribosome assembly and translation	High	This cluster shows HIGH confidence for mitochondrial ribosome assembly and translation as the dominant pathway. Approximately 75% of genes (55/73) are established components of the mitochondrial translation machinery, including 39 mitochondrial ribosomal proteins (MRPL/MRPS), aminoacyl-tRNA synthetases (MARS2, YARS2), translation factors (TUFM), and RNA processing factors (PNPT1, MTPAP, LRPPRC, PTCD3, TRMT10C). Additional established genes include mitochondrial protein import components (TIMM50, TIMM17A, TIMM13, TOMM40), mitochondrial quality control factors (YME1L1, OPA1), and respiratory chain assembly factors (COX17, COX18, CHCHD4). The screen's mitochondrial staining (COX4) directly relates to this pathway. Four completely uncharacterized genes (ENSG00000254692, ENSG00000288564, ENSG00000173867, ENSG00000241962) represent high-priority discovery targets as potential novel mitochondrial translation factors. Most striking are several well-characterized genes from other pathways (IRF5, TIA1, FUBP1, TSC1) whose clustering suggests unexpected roles in coordinating mitochondrial translation with immune responses, stress signaling, and growth control.	cell_COX4_mean	ENSG00000173867	uncharacterized	9.0	No functional characterization available. Phenotypic clustering with mitochondrial translation machinery indicates potential involvement in mitochondrial ribosome function or regulation.	0.3406140506267547	0.0024	2.619788758288394	0.0150643318381171	0.0214407327003462
0	Mitochondrial ribosome assembly and translation	High	This cluster shows HIGH confidence for mitochondrial ribosome assembly and translation as the dominant pathway. Approximately 75% of genes (55/73) are established components of the mitochondrial translation machinery, including 39 mitochondrial ribosomal proteins (MRPL/MRPS), aminoacyl-tRNA synthetases (MARS2, YARS2), translation factors (TUFM), and RNA processing factors (PNPT1, MTPAP, LRPPRC, PTCD3, TRMT10C). Additional established genes include mitochondrial protein import components (TIMM50, TIMM17A, TIMM13, TOMM40), mitochondrial quality control factors (YME1L1, OPA1), and respiratory chain assembly factors (COX17, COX18, CHCHD4). The screen's mitochondrial staining (COX4) directly relates to this pathway. Four completely uncharacterized genes (ENSG00000254692, ENSG00000288564, ENSG00000173867, ENSG00000241962) represent high-priority discovery targets as potential novel mitochondrial translation factors. Most striking are several well-characterized genes from other pathways (IRF5, TIA1, FUBP1, TSC1) whose clustering suggests unexpected roles in coordinating mitochondrial translation with immune responses, stress signaling, and growth control.	cell_COX4_mean	ENSG00000241962	uncharacterized	9.0	Completely unstudied gene clustering with mitochondrial ribosomal proteins. Represents high-priority target for discovering novel components of mitochondrial translation system.	0.3270207047462463	0.0024	2.619788758288394	0.0145573780552283	0.0221379030017014
1	Ribosome biogenesis and large ribosomal subunit assembly	High	This cluster shows exceptionally high confidence for ribosome biogenesis and large ribosomal subunit (60S) assembly, with >80% of genes directly involved in this pathway. The cluster contains 28 ribosomal proteins (RPL family), multiple ribosome assembly factors (GTPBP4, MDN1, GNL2, RSL24D1, MRTO4), rRNA processing enzymes (NOP2, DDX56, DDX24, DDX54, ISG20L2), and translation initiation factors (EIF4G1, EIF3F, EIF3M). Top discovery priorities include ENSG00000261582 (completely uncharacterized), NOP16 and URB1 (minimal annotation despite nucleolar nomenclature), and novel regulatory roles for CEBPZ (transcription factor), ACTR1A (dynactin component), and RELB (NF-κB factor) in ribosome biogenesis. The morphological phenotypes likely reflect disrupted nucleolar organization, altered ribosome production, or perturbed protein synthesis capacity.	nucleus_Hoescht_mean	RPL30	established			0.2131399810314178	0.1538	0.8130436645345878	-0.1031442343745639	0.0202578381439431
1	Ribosome biogenesis and large ribosomal subunit assembly	High	This cluster shows exceptionally high confidence for ribosome biogenesis and large ribosomal subunit (60S) assembly, with >80% of genes directly involved in this pathway. The cluster contains 28 ribosomal proteins (RPL family), multiple ribosome assembly factors (GTPBP4, MDN1, GNL2, RSL24D1, MRTO4), rRNA processing enzymes (NOP2, DDX56, DDX24, DDX54, ISG20L2), and translation initiation factors (EIF4G1, EIF3F, EIF3M). Top discovery priorities include ENSG00000261582 (completely uncharacterized), NOP16 and URB1 (minimal annotation despite nucleolar nomenclature), and novel regulatory roles for CEBPZ (transcription factor), ACTR1A (dynactin component), and RELB (NF-κB factor) in ribosome biogenesis. The morphological phenotypes likely reflect disrupted nucleolar organization, altered ribosome production, or perturbed protein synthesis capacity.	nucleus_Hoescht_mean	RPL35	established			0.1912697404623031	0.2362	0.626720106722504	-0.1125333124307869	0.0191374539639244
1	Ribosome biogenesis and large ribosomal subunit assembly	High	This cluster shows exceptionally high confidence for ribosome biogenesis and large ribosomal subunit (60S) assembly, with >80% of genes directly involved in this pathway. The cluster contains 28 ribosomal proteins (RPL family), multiple ribosome assembly factors (GTPBP4, MDN1, GNL2, RSL24D1, MRTO4), rRNA processing enzymes (NOP2, DDX56, DDX24, DDX54, ISG20L2), and translation initiation factors (EIF4G1, EIF3F, EIF3M). Top discovery priorities include ENSG00000261582 (completely uncharacterized), NOP16 and URB1 (minimal annotation despite nucleolar nomenclature), and novel regulatory roles for CEBPZ (transcription factor), ACTR1A (dynactin component), and RELB (NF-κB factor) in ribosome biogenesis. The morphological phenotypes likely reflect disrupted nucleolar organization, altered ribosome production, or perturbed protein synthesis capacity.	nucleus_Hoescht_mean	RPL7	established			0.6109558343887329	0.0096	2.0177287669604316	-0.1038569843590992	0.0198643623717897
1	Ribosome biogenesis and large ribosomal subunit assembly	High	This cluster shows exceptionally high confidence for ribosome biogenesis and large ribosomal subunit (60S) assembly, with >80% of genes directly involved in this pathway. The cluster contains 28 ribosomal proteins (RPL family), multiple ribosome assembly factors (GTPBP4, MDN1, GNL2, RSL24D1, MRTO4), rRNA processing enzymes (NOP2, DDX56, DDX24, DDX54, ISG20L2), and translation initiation factors (EIF4G1, EIF3F, EIF3M). Top discovery priorities include ENSG00000261582 (completely uncharacterized), NOP16 and URB1 (minimal annotation despite nucleolar nomenclature), and novel regulatory roles for CEBPZ (transcription factor), ACTR1A (dynactin component), and RELB (NF-κB factor) in ribosome biogenesis. The morphological phenotypes likely reflect disrupted nucleolar organization, altered ribosome production, or perturbed protein synthesis capacity.	nucleus_Hoescht_mean	RPL10A	established			0.4553603529930115	0.0014	2.853871964321762	-0.1138472903942118	0.0240898987687603
1	Ribosome biogenesis and large ribosomal subunit assembly	High	This cluster shows exceptionally high confidence for ribosome biogenesis and large ribosomal subunit (60S) assembly, with >80% of genes directly involved in this pathway. The cluster contains 28 ribosomal proteins (RPL family), multiple ribosome assembly factors (GTPBP4, MDN1, GNL2, RSL24D1, MRTO4), rRNA processing enzymes (NOP2, DDX56, DDX24, DDX54, ISG20L2), and translation initiation factors (EIF4G1, EIF3F, EIF3M). Top discovery priorities include ENSG00000261582 (completely uncharacterized), NOP16 and URB1 (minimal annotation despite nucleolar nomenclature), and novel regulatory roles for CEBPZ (transcription factor), ACTR1A (dynactin component), and RELB (NF-κB factor) in ribosome biogenesis. The morphological phenotypes likely reflect disrupted nucleolar organization, altered ribosome production, or perturbed protein synthesis capacity.	nucleus_Hoescht_mean	RPL7A	established			0.3973042368888855	0.0418	1.3788237182249647	-0.0922120593728219	0.0178731505325957
1	Ribosome biogenesis and large ribosomal subunit assembly	High	This cluster shows exceptionally high confidence for ribosome biogenesis and large ribosomal subunit (60S) assembly, with >80% of genes directly involved in this pathway. The cluster contains 28 ribosomal proteins (RPL family), multiple ribosome assembly factors (GTPBP4, MDN1, GNL2, RSL24D1, MRTO4), rRNA processing enzymes (NOP2, DDX56, DDX24, DDX54, ISG20L2), and translation initiation factors (EIF4G1, EIF3F, EIF3M). Top discovery priorities include ENSG00000261582 (completely uncharacterized), NOP16 and URB1 (minimal annotation despite nucleolar nomenclature), and novel regulatory roles for CEBPZ (transcription factor), ACTR1A (dynactin component), and RELB (NF-κB factor) in ribosome biogenesis. The morphological phenotypes likely reflect disrupted nucleolar organization, altered ribosome production, or perturbed protein synthesis capacity.	nucleus_Hoescht_mean	RPL5	established			0.5434557199478149	0.0048	2.318758762624413	-0.1066847676824706	0.0231387969661982
1	Ribosome biogenesis and large ribosomal subunit assembly	High	This cluster shows exceptionally high confidence for ribosome biogenesis and large ribosomal subunit (60S) assembly, with >80% of genes directly involved in this pathway. The cluster contains 28 ribosomal proteins (RPL family), multiple ribosome assembly factors (GTPBP4, MDN1, GNL2, RSL24D1, MRTO4), rRNA processing enzymes (NOP2, DDX56, DDX24, DDX54, ISG20L2), and translation initiation factors (EIF4G1, EIF3F, EIF3M). Top discovery priorities include ENSG00000261582 (completely uncharacterized), NOP16 and URB1 (minimal annotation despite nucleolar nomenclature), and novel regulatory roles for CEBPZ (transcription factor), ACTR1A (dynactin component), and RELB (NF-κB factor) in ribosome biogenesis. The morphological phenotypes likely reflect disrupted nucleolar organization, altered ribosome production, or perturbed protein synthesis capacity.	nucleus_Hoescht_mean	RPL37A	established			0.324498176574707	0.013	1.8860566476931633	-0.1151378878292891	0.0224299971657734
1	Ribosome biogenesis and large ribosomal subunit assembly	High	This cluster shows exceptionally high confidence for ribosome biogenesis and large ribosomal subunit (60S) assembly, with >80% of genes directly involved in this pathway. The cluster contains 28 ribosomal proteins (RPL family), multiple ribosome assembly factors (GTPBP4, MDN1, GNL2, RSL24D1, MRTO4), rRNA processing enzymes (NOP2, DDX56, DDX24, DDX54, ISG20L2), and translation initiation factors (EIF4G1, EIF3F, EIF3M). Top discovery priorities include ENSG00000261582 (completely uncharacterized), NOP16 and URB1 (minimal annotation despite nucleolar nomenclature), and novel regulatory roles for CEBPZ (transcription factor), ACTR1A (dynactin component), and RELB (NF-κB factor) in ribosome biogenesis. The morphological phenotypes likely reflect disrupted nucleolar organization, altered ribosome production, or perturbed protein synthesis capacity.	nucleus_Hoescht_mean	RPL10	established			0.635638415813446	0.0058	2.2365720064370627	-0.1161089404491692	0.0214780854705672
1	Ribosome biogenesis and large ribosomal subunit assembly	High	This cluster shows exceptionally high confidence for ribosome biogenesis and large ribosomal subunit (60S) assembly, with >80% of genes directly involved in this pathway. The cluster contains 28 ribosomal proteins (RPL family), multiple ribosome assembly factors (GTPBP4, MDN1, GNL2, RSL24D1, MRTO4), rRNA processing enzymes (NOP2, DDX56, DDX24, DDX54, ISG20L2), and translation initiation factors (EIF4G1, EIF3F, EIF3M). Top discovery priorities include ENSG00000261582 (completely uncharacterized), NOP16 and URB1 (minimal annotation despite nucleolar nomenclature), and novel regulatory roles for CEBPZ (transcription factor), ACTR1A (dynactin component), and RELB (NF-κB factor) in ribosome biogenesis. The morphological phenotypes likely reflect disrupted nucleolar organization, altered ribosome production, or perturbed protein synthesis capacity.	nucleus_Hoescht_mean	RPL13A	established			0.394157350063324	0.012	1.9208187539523751	-0.0996962811750116	0.0202961674618672
1	Ribosome biogenesis and large ribosomal subunit assembly	High	This cluster shows exceptionally high confidence for ribosome biogenesis and large ribosomal subunit (60S) assembly, with >80% of genes directly involved in this pathway. The cluster contains 28 ribosomal proteins (RPL family), multiple ribosome assembly factors (GTPBP4, MDN1, GNL2, RSL24D1, MRTO4), rRNA processing enzymes (NOP2, DDX56, DDX24, DDX54, ISG20L2), and translation initiation factors (EIF4G1, EIF3F, EIF3M). Top discovery priorities include ENSG00000261582 (completely uncharacterized), NOP16 and URB1 (minimal annotation despite nucleolar nomenclature), and novel regulatory roles for CEBPZ (transcription factor), ACTR1A (dynactin component), and RELB (NF-κB factor) in ribosome biogenesis. The morphological phenotypes likely reflect disrupted nucleolar organization, altered ribosome production, or perturbed protein synthesis capacity.	nucleus_Hoescht_mean	RPL4	established			0.5252212882041931	0.004	2.3979400086720375	-0.1149974014544545	0.0222892683068215
1	Ribosome biogenesis and large ribosomal subunit assembly	High	This cluster shows exceptionally high confidence for ribosome biogenesis and large ribosomal subunit (60S) assembly, with >80% of genes directly involved in this pathway. The cluster contains 28 ribosomal proteins (RPL family), multiple ribosome assembly factors (GTPBP4, MDN1, GNL2, RSL24D1, MRTO4), rRNA processing enzymes (NOP2, DDX56, DDX24, DDX54, ISG20L2), and translation initiation factors (EIF4G1, EIF3F, EIF3M). Top discovery priorities include ENSG00000261582 (completely uncharacterized), NOP16 and URB1 (minimal annotation despite nucleolar nomenclature), and novel regulatory roles for CEBPZ (transcription factor), ACTR1A (dynactin component), and RELB (NF-κB factor) in ribosome biogenesis. The morphological phenotypes likely reflect disrupted nucleolar organization, altered ribosome production, or perturbed protein synthesis capacity.	nucleus_Hoescht_mean	RPL38	established			0.4843292236328125	0.004	2.3979400086720375	-0.1037331874432793	0.0144548212535619
1	Ribosome biogenesis and large ribosomal subunit assembly	High	This cluster shows exceptionally high confidence for ribosome biogenesis and large ribosomal subunit (60S) assembly, with >80% of genes directly involved in this pathway. The cluster contains 28 ribosomal proteins (RPL family), multiple ribosome assembly factors (GTPBP4, MDN1, GNL2, RSL24D1, MRTO4), rRNA processing enzymes (NOP2, DDX56, DDX24, DDX54, ISG20L2), and translation initiation factors (EIF4G1, EIF3F, EIF3M). Top discovery priorities include ENSG00000261582 (completely uncharacterized), NOP16 and URB1 (minimal annotation despite nucleolar nomenclature), and novel regulatory roles for CEBPZ (transcription factor), ACTR1A (dynactin component), and RELB (NF-κB factor) in ribosome biogenesis. The morphological phenotypes likely reflect disrupted nucleolar organization, altered ribosome production, or perturbed protein synthesis capacity.	nucleus_Hoescht_mean	RPL34	established			0.4570990800857544	0.002	2.6989700043360187	-0.1177863345628505	0.0226036902126427
1	Ribosome biogenesis and large ribosomal subunit assembly	High	This cluster shows exceptionally high confidence for ribosome biogenesis and large ribosomal subunit (60S) assembly, with >80% of genes directly involved in this pathway. The cluster contains 28 ribosomal proteins (RPL family), multiple ribosome assembly factors (GTPBP4, MDN1, GNL2, RSL24D1, MRTO4), rRNA processing enzymes (NOP2, DDX56, DDX24, DDX54, ISG20L2), and translation initiation factors (EIF4G1, EIF3F, EIF3M). Top discovery priorities include ENSG00000261582 (completely uncharacterized), NOP16 and URB1 (minimal annotation despite nucleolar nomenclature), and novel regulatory roles for CEBPZ (transcription factor), ACTR1A (dynactin component), and RELB (NF-κB factor) in ribosome biogenesis. The morphological phenotypes likely reflect disrupted nucleolar organization, altered ribosome production, or perturbed protein synthesis capacity.	nucleus_Hoescht_mean	RPL19	established			0.4816930294036865	0.0		-0.0991254085231828	0.0186979477087233
1	Ribosome biogenesis and large ribosomal subunit assembly	High	This cluster shows exceptionally high confidence for ribosome biogenesis and large ribosomal subunit (60S) assembly, with >80% of genes directly involved in this pathway. The cluster contains 28 ribosomal proteins (RPL family), multiple ribosome assembly factors (GTPBP4, MDN1, GNL2, RSL24D1, MRTO4), rRNA processing enzymes (NOP2, DDX56, DDX24, DDX54, ISG20L2), and translation initiation factors (EIF4G1, EIF3F, EIF3M). Top discovery priorities include ENSG00000261582 (completely uncharacterized), NOP16 and URB1 (minimal annotation despite nucleolar nomenclature), and novel regulatory roles for CEBPZ (transcription factor), ACTR1A (dynactin component), and RELB (NF-κB factor) in ribosome biogenesis. The morphological phenotypes likely reflect disrupted nucleolar organization, altered ribosome production, or perturbed protein synthesis capacity.	nucleus_Hoescht_mean	RPL11	established			0.5258973836898804	0.0002	3.6989700043360187	-0.1090326259913874	0.0236152024613332
1	Ribosome biogenesis and large ribosomal subunit assembly	High	This cluster shows exceptionally high confidence for ribosome biogenesis and large ribosomal subunit (60S) assembly, with >80% of genes directly involved in this pathway. The cluster contains 28 ribosomal proteins (RPL family), multiple ribosome assembly factors (GTPBP4, MDN1, GNL2, RSL24D1, MRTO4), rRNA processing enzymes (NOP2, DDX56, DDX24, DDX54, ISG20L2), and translation initiation factors (EIF4G1, EIF3F, EIF3M). Top discovery priorities include ENSG00000261582 (completely uncharacterized), NOP16 and URB1 (minimal annotation despite nucleolar nomenclature), and novel regulatory roles for CEBPZ (transcription factor), ACTR1A (dynactin component), and RELB (NF-κB factor) in ribosome biogenesis. The morphological phenotypes likely reflect disrupted nucleolar organization, altered ribosome production, or perturbed protein synthesis capacity.	nucleus_Hoescht_mean	RPL14	established			0.3616481125354767	0.0132	1.8794260687941502	-0.116811197542304	0.0225920688542566
1	Ribosome biogenesis and large ribosomal subunit assembly	High	This cluster shows exceptionally high confidence for ribosome biogenesis and large ribosomal subunit (60S) assembly, with >80% of genes directly involved in this pathway. The cluster contains 28 ribosomal proteins (RPL family), multiple ribosome assembly factors (GTPBP4, MDN1, GNL2, RSL24D1, MRTO4), rRNA processing enzymes (NOP2, DDX56, DDX24, DDX54, ISG20L2), and translation initiation factors (EIF4G1, EIF3F, EIF3M). Top discovery priorities include ENSG00000261582 (completely uncharacterized), NOP16 and URB1 (minimal annotation despite nucleolar nomenclature), and novel regulatory roles for CEBPZ (transcription factor), ACTR1A (dynactin component), and RELB (NF-κB factor) in ribosome biogenesis. The morphological phenotypes likely reflect disrupted nucleolar organization, altered ribosome production, or perturbed protein synthesis capacity.	nucleus_Hoescht_mean	RPL18A	established			0.2800444960594177	0.0506	1.295849483160201	-0.1009782941702822	0.0177367436323177
1	Ribosome biogenesis and large ribosomal subunit assembly	High	This cluster shows exceptionally high confidence for ribosome biogenesis and large ribosomal subunit (60S) assembly, with >80% of genes directly involved in this pathway. The cluster contains 28 ribosomal proteins (RPL family), multiple ribosome assembly factors (GTPBP4, MDN1, GNL2, RSL24D1, MRTO4), rRNA processing enzymes (NOP2, DDX56, DDX24, DDX54, ISG20L2), and translation initiation factors (EIF4G1, EIF3F, EIF3M). Top discovery priorities include ENSG00000261582 (completely uncharacterized), NOP16 and URB1 (minimal annotation despite nucleolar nomenclature), and novel regulatory roles for CEBPZ (transcription factor), ACTR1A (dynactin component), and RELB (NF-κB factor) in ribosome biogenesis. The morphological phenotypes likely reflect disrupted nucleolar organization, altered ribosome production, or perturbed protein synthesis capacity.	nucleus_Hoescht_mean	RPL13	established			0.6225634217262268	0.0		-0.1164860756371853	0.0206133448228444
1	Ribosome biogenesis and large ribosomal subunit assembly	High	This cluster shows exceptionally high confidence for ribosome biogenesis and large ribosomal subunit (60S) assembly, with >80% of genes directly involved in this pathway. The cluster contains 28 ribosomal proteins (RPL family), multiple ribosome assembly factors (GTPBP4, MDN1, GNL2, RSL24D1, MRTO4), rRNA processing enzymes (NOP2, DDX56, DDX24, DDX54, ISG20L2), and translation initiation factors (EIF4G1, EIF3F, EIF3M). Top discovery priorities include ENSG00000261582 (completely uncharacterized), NOP16 and URB1 (minimal annotation despite nucleolar nomenclature), and novel regulatory roles for CEBPZ (transcription factor), ACTR1A (dynactin component), and RELB (NF-κB factor) in ribosome biogenesis. The morphological phenotypes likely reflect disrupted nucleolar organization, altered ribosome production, or perturbed protein synthesis capacity.	nucleus_Hoescht_mean	RPL23A	established			0.4100880622863769	0.0066	2.1804560644581312	-0.100841919432744	0.0166140727586981
1	Ribosome biogenesis and large ribosomal subunit assembly	High	This cluster shows exceptionally high confidence for ribosome biogenesis and large ribosomal subunit (60S) assembly, with >80% of genes directly involved in this pathway. The cluster contains 28 ribosomal proteins (RPL family), multiple ribosome assembly factors (GTPBP4, MDN1, GNL2, RSL24D1, MRTO4), rRNA processing enzymes (NOP2, DDX56, DDX24, DDX54, ISG20L2), and translation initiation factors (EIF4G1, EIF3F, EIF3M). Top discovery priorities include ENSG00000261582 (completely uncharacterized), NOP16 and URB1 (minimal annotation despite nucleolar nomenclature), and novel regulatory roles for CEBPZ (transcription factor), ACTR1A (dynactin component), and RELB (NF-κB factor) in ribosome biogenesis. The morphological phenotypes likely reflect disrupted nucleolar organization, altered ribosome production, or perturbed protein synthesis capacity.	nucleus_Hoescht_mean	RPL31	established			0.1140808463096618	0.448	0.348721986001856	-0.1074138711583015	0.0205691286218346
1	Ribosome biogenesis and large ribosomal subunit assembly	High	This cluster shows exceptionally high confidence for ribosome biogenesis and large ribosomal subunit (60S) assembly, with >80% of genes directly involved in this pathway. The cluster contains 28 ribosomal proteins (RPL family), multiple ribosome assembly factors (GTPBP4, MDN1, GNL2, RSL24D1, MRTO4), rRNA processing enzymes (NOP2, DDX56, DDX24, DDX54, ISG20L2), and translation initiation factors (EIF4G1, EIF3F, EIF3M). Top discovery priorities include ENSG00000261582 (completely uncharacterized), NOP16 and URB1 (minimal annotation despite nucleolar nomenclature), and novel regulatory roles for CEBPZ (transcription factor), ACTR1A (dynactin component), and RELB (NF-κB factor) in ribosome biogenesis. The morphological phenotypes likely reflect disrupted nucleolar organization, altered ribosome production, or perturbed protein synthesis capacity.	nucleus_Hoescht_mean	RPL24	established			0.1861292421817779	0.2324	0.6337638762817068	-0.1130132150904437	0.0248498553044067
1	Ribosome biogenesis and large ribosomal subunit assembly	High	This cluster shows exceptionally high confidence for ribosome biogenesis and large ribosomal subunit (60S) assembly, with >80% of genes directly involved in this pathway. The cluster contains 28 ribosomal proteins (RPL family), multiple ribosome assembly factors (GTPBP4, MDN1, GNL2, RSL24D1, MRTO4), rRNA processing enzymes (NOP2, DDX56, DDX24, DDX54, ISG20L2), and translation initiation factors (EIF4G1, EIF3F, EIF3M). Top discovery priorities include ENSG00000261582 (completely uncharacterized), NOP16 and URB1 (minimal annotation despite nucleolar nomenclature), and novel regulatory roles for CEBPZ (transcription factor), ACTR1A (dynactin component), and RELB (NF-κB factor) in ribosome biogenesis. The morphological phenotypes likely reflect disrupted nucleolar organization, altered ribosome production, or perturbed protein synthesis capacity.	nucleus_Hoescht_mean	RPL37	established			0.2402790784835815	0.085	1.0705810742857071	-0.1109061850128184	0.0215180830396163
1	Ribosome biogenesis and large ribosomal subunit assembly	High	This cluster shows exceptionally high confidence for ribosome biogenesis and large ribosomal subunit (60S) assembly, with >80% of genes directly involved in this pathway. The cluster contains 28 ribosomal proteins (RPL family), multiple ribosome assembly factors (GTPBP4, MDN1, GNL2, RSL24D1, MRTO4), rRNA processing enzymes (NOP2, DDX56, DDX24, DDX54, ISG20L2), and translation initiation factors (EIF4G1, EIF3F, EIF3M). Top discovery priorities include ENSG00000261582 (completely uncharacterized), NOP16 and URB1 (minimal annotation despite nucleolar nomenclature), and novel regulatory roles for CEBPZ (transcription factor), ACTR1A (dynactin component), and RELB (NF-κB factor) in ribosome biogenesis. The morphological phenotypes likely reflect disrupted nucleolar organization, altered ribosome production, or perturbed protein synthesis capacity.	nucleus_Hoescht_mean	RPL17	established			0.2997565269470215	0.0548	1.2612194415156308	-0.1051063645176702	0.020451794232741
1	Ribosome biogenesis and large ribosomal subunit assembly	High	This cluster shows exceptionally high confidence for ribosome biogenesis and large ribosomal subunit (60S) assembly, with >80% of genes directly involved in this pathway. The cluster contains 28 ribosomal proteins (RPL family), multiple ribosome assembly factors (GTPBP4, MDN1, GNL2, RSL24D1, MRTO4), rRNA processing enzymes (NOP2, DDX56, DDX24, DDX54, ISG20L2), and translation initiation factors (EIF4G1, EIF3F, EIF3M). Top discovery priorities include ENSG00000261582 (completely uncharacterized), NOP16 and URB1 (minimal annotation despite nucleolar nomenclature), and novel regulatory roles for CEBPZ (transcription factor), ACTR1A (dynactin component), and RELB (NF-κB factor) in ribosome biogenesis. The morphological phenotypes likely reflect disrupted nucleolar organization, altered ribosome production, or perturbed protein synthesis capacity.	nucleus_Hoescht_mean	RPL9	established			0.4337469339370727	0.0072	2.1426675035687315	-0.1005166573010555	0.0115562995056802
1	Ribosome biogenesis and large ribosomal subunit assembly	High	This cluster shows exceptionally high confidence for ribosome biogenesis and large ribosomal subunit (60S) assembly, with >80% of genes directly involved in this pathway. The cluster contains 28 ribosomal proteins (RPL family), multiple ribosome assembly factors (GTPBP4, MDN1, GNL2, RSL24D1, MRTO4), rRNA processing enzymes (NOP2, DDX56, DDX24, DDX54, ISG20L2), and translation initiation factors (EIF4G1, EIF3F, EIF3M). Top discovery priorities include ENSG00000261582 (completely uncharacterized), NOP16 and URB1 (minimal annotation despite nucleolar nomenclature), and novel regulatory roles for CEBPZ (transcription factor), ACTR1A (dynactin component), and RELB (NF-κB factor) in ribosome biogenesis. The morphological phenotypes likely reflect disrupted nucleolar organization, altered ribosome production, or perturbed protein synthesis capacity.	nucleus_Hoescht_mean	RPLP2	established			0.0656377300620079	0.6052	0.21810108064885092	-0.0960665035235046	0.0135878475475786
1	Ribosome biogenesis and large ribosomal subunit assembly	High	This cluster shows exceptionally high confidence for ribosome biogenesis and large ribosomal subunit (60S) assembly, with >80% of genes directly involved in this pathway. The cluster contains 28 ribosomal proteins (RPL family), multiple ribosome assembly factors (GTPBP4, MDN1, GNL2, RSL24D1, MRTO4), rRNA processing enzymes (NOP2, DDX56, DDX24, DDX54, ISG20L2), and translation initiation factors (EIF4G1, EIF3F, EIF3M). Top discovery priorities include ENSG00000261582 (completely uncharacterized), NOP16 and URB1 (minimal annotation despite nucleolar nomenclature), and novel regulatory roles for CEBPZ (transcription factor), ACTR1A (dynactin component), and RELB (NF-κB factor) in ribosome biogenesis. The morphological phenotypes likely reflect disrupted nucleolar organization, altered ribosome production, or perturbed protein synthesis capacity.	nucleus_Hoescht_mean	RPLP1	established			0.2166173160076141	0.113	0.9469215565165803	-0.1070256120274992	0.0173991133577269
1	Ribosome biogenesis and large ribosomal subunit assembly	High	This cluster shows exceptionally high confidence for ribosome biogenesis and large ribosomal subunit (60S) assembly, with >80% of genes directly involved in this pathway. The cluster contains 28 ribosomal proteins (RPL family), multiple ribosome assembly factors (GTPBP4, MDN1, GNL2, RSL24D1, MRTO4), rRNA processing enzymes (NOP2, DDX56, DDX24, DDX54, ISG20L2), and translation initiation factors (EIF4G1, EIF3F, EIF3M). Top discovery priorities include ENSG00000261582 (completely uncharacterized), NOP16 and URB1 (minimal annotation despite nucleolar nomenclature), and novel regulatory roles for CEBPZ (transcription factor), ACTR1A (dynactin component), and RELB (NF-κB factor) in ribosome biogenesis. The morphological phenotypes likely reflect disrupted nucleolar organization, altered ribosome production, or perturbed protein synthesis capacity.	nucleus_Hoescht_mean	UBA52	established			0.2819676995277405	0.0552	1.258060922270801	-0.1033827651868519	0.020367492036429
1	Ribosome biogenesis and large ribosomal subunit assembly	High	This cluster shows exceptionally high confidence for ribosome biogenesis and large ribosomal subunit (60S) assembly, with >80% of genes directly involved in this pathway. The cluster contains 28 ribosomal proteins (RPL family), multiple ribosome assembly factors (GTPBP4, MDN1, GNL2, RSL24D1, MRTO4), rRNA processing enzymes (NOP2, DDX56, DDX24, DDX54, ISG20L2), and translation initiation factors (EIF4G1, EIF3F, EIF3M). Top discovery priorities include ENSG00000261582 (completely uncharacterized), NOP16 and URB1 (minimal annotation despite nucleolar nomenclature), and novel regulatory roles for CEBPZ (transcription factor), ACTR1A (dynactin component), and RELB (NF-κB factor) in ribosome biogenesis. The morphological phenotypes likely reflect disrupted nucleolar organization, altered ribosome production, or perturbed protein synthesis capacity.	nucleus_Hoescht_mean	GTPBP4	established			0.385111927986145	0.0022	2.657577319177794	-0.0992128402598566	0.0242487242747486
1	Ribosome biogenesis and large ribosomal subunit assembly	High	This cluster shows exceptionally high confidence for ribosome biogenesis and large ribosomal subunit (60S) assembly, with >80% of genes directly involved in this pathway. The cluster contains 28 ribosomal proteins (RPL family), multiple ribosome assembly factors (GTPBP4, MDN1, GNL2, RSL24D1, MRTO4), rRNA processing enzymes (NOP2, DDX56, DDX24, DDX54, ISG20L2), and translation initiation factors (EIF4G1, EIF3F, EIF3M). Top discovery priorities include ENSG00000261582 (completely uncharacterized), NOP16 and URB1 (minimal annotation despite nucleolar nomenclature), and novel regulatory roles for CEBPZ (transcription factor), ACTR1A (dynactin component), and RELB (NF-κB factor) in ribosome biogenesis. The morphological phenotypes likely reflect disrupted nucleolar organization, altered ribosome production, or perturbed protein synthesis capacity.	nucleus_Hoescht_mean	RSL1D1	established			0.17533840239048	0.1306	0.8840568230609449	-0.0994248266409551	0.0228121057816117
1	Ribosome biogenesis and large ribosomal subunit assembly	High	This cluster shows exceptionally high confidence for ribosome biogenesis and large ribosomal subunit (60S) assembly, with >80% of genes directly involved in this pathway. The cluster contains 28 ribosomal proteins (RPL family), multiple ribosome assembly factors (GTPBP4, MDN1, GNL2, RSL24D1, MRTO4), rRNA processing enzymes (NOP2, DDX56, DDX24, DDX54, ISG20L2), and translation initiation factors (EIF4G1, EIF3F, EIF3M). Top discovery priorities include ENSG00000261582 (completely uncharacterized), NOP16 and URB1 (minimal annotation despite nucleolar nomenclature), and novel regulatory roles for CEBPZ (transcription factor), ACTR1A (dynactin component), and RELB (NF-κB factor) in ribosome biogenesis. The morphological phenotypes likely reflect disrupted nucleolar organization, altered ribosome production, or perturbed protein synthesis capacity.	nucleus_Hoescht_mean	RPF1	established			0.5247616767883301	0.0006	3.2218487496163566	-0.0915866503229114	0.0220564646438439
1	Ribosome biogenesis and large ribosomal subunit assembly	High	This cluster shows exceptionally high confidence for ribosome biogenesis and large ribosomal subunit (60S) assembly, with >80% of genes directly involved in this pathway. The cluster contains 28 ribosomal proteins (RPL family), multiple ribosome assembly factors (GTPBP4, MDN1, GNL2, RSL24D1, MRTO4), rRNA processing enzymes (NOP2, DDX56, DDX24, DDX54, ISG20L2), and translation initiation factors (EIF4G1, EIF3F, EIF3M). Top discovery priorities include ENSG00000261582 (completely uncharacterized), NOP16 and URB1 (minimal annotation despite nucleolar nomenclature), and novel regulatory roles for CEBPZ (transcription factor), ACTR1A (dynactin component), and RELB (NF-κB factor) in ribosome biogenesis. The morphological phenotypes likely reflect disrupted nucleolar organization, altered ribosome production, or perturbed protein synthesis capacity.	nucleus_Hoescht_mean	EBNA1BP2	established			0.5711524486541748	0.0		-0.101742772768308	0.0251924845288947
1	Ribosome biogenesis and large ribosomal subunit assembly	High	This cluster shows exceptionally high confidence for ribosome biogenesis and large ribosomal subunit (60S) assembly, with >80% of genes directly involved in this pathway. The cluster contains 28 ribosomal proteins (RPL family), multiple ribosome assembly factors (GTPBP4, MDN1, GNL2, RSL24D1, MRTO4), rRNA processing enzymes (NOP2, DDX56, DDX24, DDX54, ISG20L2), and translation initiation factors (EIF4G1, EIF3F, EIF3M). Top discovery priorities include ENSG00000261582 (completely uncharacterized), NOP16 and URB1 (minimal annotation despite nucleolar nomenclature), and novel regulatory roles for CEBPZ (transcription factor), ACTR1A (dynactin component), and RELB (NF-κB factor) in ribosome biogenesis. The morphological phenotypes likely reflect disrupted nucleolar organization, altered ribosome production, or perturbed protein synthesis capacity.	nucleus_Hoescht_mean	MDN1	established			0.3426247239112854	0.0068	2.167491087293764	-0.0928712252782921	0.0209833993051299
1	Ribosome biogenesis and large ribosomal subunit assembly	High	This cluster shows exceptionally high confidence for ribosome biogenesis and large ribosomal subunit (60S) assembly, with >80% of genes directly involved in this pathway. The cluster contains 28 ribosomal proteins (RPL family), multiple ribosome assembly factors (GTPBP4, MDN1, GNL2, RSL24D1, MRTO4), rRNA processing enzymes (NOP2, DDX56, DDX24, DDX54, ISG20L2), and translation initiation factors (EIF4G1, EIF3F, EIF3M). Top discovery priorities include ENSG00000261582 (completely uncharacterized), NOP16 and URB1 (minimal annotation despite nucleolar nomenclature), and novel regulatory roles for CEBPZ (transcription factor), ACTR1A (dynactin component), and RELB (NF-κB factor) in ribosome biogenesis. The morphological phenotypes likely reflect disrupted nucleolar organization, altered ribosome production, or perturbed protein synthesis capacity.	nucleus_Hoescht_mean	GNL2	established			0.3200269341468811	0.0332	1.4788619162959638	-0.1024884685542379	0.0223067662657847
1	Ribosome biogenesis and large ribosomal subunit assembly	High	This cluster shows exceptionally high confidence for ribosome biogenesis and large ribosomal subunit (60S) assembly, with >80% of genes directly involved in this pathway. The cluster contains 28 ribosomal proteins (RPL family), multiple ribosome assembly factors (GTPBP4, MDN1, GNL2, RSL24D1, MRTO4), rRNA processing enzymes (NOP2, DDX56, DDX24, DDX54, ISG20L2), and translation initiation factors (EIF4G1, EIF3F, EIF3M). Top discovery priorities include ENSG00000261582 (completely uncharacterized), NOP16 and URB1 (minimal annotation despite nucleolar nomenclature), and novel regulatory roles for CEBPZ (transcription factor), ACTR1A (dynactin component), and RELB (NF-κB factor) in ribosome biogenesis. The morphological phenotypes likely reflect disrupted nucleolar organization, altered ribosome production, or perturbed protein synthesis capacity.	nucleus_Hoescht_mean	NCL	established			0.3350605070590973	0.0112	1.9507819773298183	-0.0793941640360284	0.0190481947453117
1	Ribosome biogenesis and large ribosomal subunit assembly	High	This cluster shows exceptionally high confidence for ribosome biogenesis and large ribosomal subunit (60S) assembly, with >80% of genes directly involved in this pathway. The cluster contains 28 ribosomal proteins (RPL family), multiple ribosome assembly factors (GTPBP4, MDN1, GNL2, RSL24D1, MRTO4), rRNA processing enzymes (NOP2, DDX56, DDX24, DDX54, ISG20L2), and translation initiation factors (EIF4G1, EIF3F, EIF3M). Top discovery priorities include ENSG00000261582 (completely uncharacterized), NOP16 and URB1 (minimal annotation despite nucleolar nomenclature), and novel regulatory roles for CEBPZ (transcription factor), ACTR1A (dynactin component), and RELB (NF-κB factor) in ribosome biogenesis. The morphological phenotypes likely reflect disrupted nucleolar organization, altered ribosome production, or perturbed protein synthesis capacity.	nucleus_Hoescht_mean	NOP2	established			0.3738424479961395	0.0004	3.3979400086720375	-0.101811827054426	0.0235486435275928
1	Ribosome biogenesis and large ribosomal subunit assembly	High	This cluster shows exceptionally high confidence for ribosome biogenesis and large ribosomal subunit (60S) assembly, with >80% of genes directly involved in this pathway. The cluster contains 28 ribosomal proteins (RPL family), multiple ribosome assembly factors (GTPBP4, MDN1, GNL2, RSL24D1, MRTO4), rRNA processing enzymes (NOP2, DDX56, DDX24, DDX54, ISG20L2), and translation initiation factors (EIF4G1, EIF3F, EIF3M). Top discovery priorities include ENSG00000261582 (completely uncharacterized), NOP16 and URB1 (minimal annotation despite nucleolar nomenclature), and novel regulatory roles for CEBPZ (transcription factor), ACTR1A (dynactin component), and RELB (NF-κB factor) in ribosome biogenesis. The morphological phenotypes likely reflect disrupted nucleolar organization, altered ribosome production, or perturbed protein synthesis capacity.	nucleus_Hoescht_mean	EXOSC7	established			0.1933503001928329	0.1492	0.82623117686335	-0.073556777615238	0.0085387619361034
1	Ribosome biogenesis and large ribosomal subunit assembly	High	This cluster shows exceptionally high confidence for ribosome biogenesis and large ribosomal subunit (60S) assembly, with >80% of genes directly involved in this pathway. The cluster contains 28 ribosomal proteins (RPL family), multiple ribosome assembly factors (GTPBP4, MDN1, GNL2, RSL24D1, MRTO4), rRNA processing enzymes (NOP2, DDX56, DDX24, DDX54, ISG20L2), and translation initiation factors (EIF4G1, EIF3F, EIF3M). Top discovery priorities include ENSG00000261582 (completely uncharacterized), NOP16 and URB1 (minimal annotation despite nucleolar nomenclature), and novel regulatory roles for CEBPZ (transcription factor), ACTR1A (dynactin component), and RELB (NF-κB factor) in ribosome biogenesis. The morphological phenotypes likely reflect disrupted nucleolar organization, altered ribosome production, or perturbed protein synthesis capacity.	nucleus_Hoescht_mean	RRP1	established			0.3772472739219665	0.0032	2.494850021680094	-0.0847876831412118	0.0199675470378353
1	Ribosome biogenesis and large ribosomal subunit assembly	High	This cluster shows exceptionally high confidence for ribosome biogenesis and large ribosomal subunit (60S) assembly, with >80% of genes directly involved in this pathway. The cluster contains 28 ribosomal proteins (RPL family), multiple ribosome assembly factors (GTPBP4, MDN1, GNL2, RSL24D1, MRTO4), rRNA processing enzymes (NOP2, DDX56, DDX24, DDX54, ISG20L2), and translation initiation factors (EIF4G1, EIF3F, EIF3M). Top discovery priorities include ENSG00000261582 (completely uncharacterized), NOP16 and URB1 (minimal annotation despite nucleolar nomenclature), and novel regulatory roles for CEBPZ (transcription factor), ACTR1A (dynactin component), and RELB (NF-κB factor) in ribosome biogenesis. The morphological phenotypes likely reflect disrupted nucleolar organization, altered ribosome production, or perturbed protein synthesis capacity.	nucleus_Hoescht_mean	RSL24D1	established			0.5439196825027466	0.0		-0.1069006538388853	0.0234924781561406
1	Ribosome biogenesis and large ribosomal subunit assembly	High	This cluster shows exceptionally high confidence for ribosome biogenesis and large ribosomal subunit (60S) assembly, with >80% of genes directly involved in this pathway. The cluster contains 28 ribosomal proteins (RPL family), multiple ribosome assembly factors (GTPBP4, MDN1, GNL2, RSL24D1, MRTO4), rRNA processing enzymes (NOP2, DDX56, DDX24, DDX54, ISG20L2), and translation initiation factors (EIF4G1, EIF3F, EIF3M). Top discovery priorities include ENSG00000261582 (completely uncharacterized), NOP16 and URB1 (minimal annotation despite nucleolar nomenclature), and novel regulatory roles for CEBPZ (transcription factor), ACTR1A (dynactin component), and RELB (NF-κB factor) in ribosome biogenesis. The morphological phenotypes likely reflect disrupted nucleolar organization, altered ribosome production, or perturbed protein synthesis capacity.	nucleus_Hoescht_mean	MRTO4	established			0.0560789108276367	0.652	0.1857524042680798	-0.0684434842519909	0.0110000872464276
1	Ribosome biogenesis and large ribosomal subunit assembly	High	This cluster shows exceptionally high confidence for ribosome biogenesis and large ribosomal subunit (60S) assembly, with >80% of genes directly involved in this pathway. The cluster contains 28 ribosomal proteins (RPL family), multiple ribosome assembly factors (GTPBP4, MDN1, GNL2, RSL24D1, MRTO4), rRNA processing enzymes (NOP2, DDX56, DDX24, DDX54, ISG20L2), and translation initiation factors (EIF4G1, EIF3F, EIF3M). Top discovery priorities include ENSG00000261582 (completely uncharacterized), NOP16 and URB1 (minimal annotation despite nucleolar nomenclature), and novel regulatory roles for CEBPZ (transcription factor), ACTR1A (dynactin component), and RELB (NF-κB factor) in ribosome biogenesis. The morphological phenotypes likely reflect disrupted nucleolar organization, altered ribosome production, or perturbed protein synthesis capacity.	nucleus_Hoescht_mean	RRS1	established			0.4079599678516388	0.0008	3.0969100130080562	-0.1038476104596966	0.0244239754436947
1	Ribosome biogenesis and large ribosomal subunit assembly	High	This cluster shows exceptionally high confidence for ribosome biogenesis and large ribosomal subunit (60S) assembly, with >80% of genes directly involved in this pathway. The cluster contains 28 ribosomal proteins (RPL family), multiple ribosome assembly factors (GTPBP4, MDN1, GNL2, RSL24D1, MRTO4), rRNA processing enzymes (NOP2, DDX56, DDX24, DDX54, ISG20L2), and translation initiation factors (EIF4G1, EIF3F, EIF3M). Top discovery priorities include ENSG00000261582 (completely uncharacterized), NOP16 and URB1 (minimal annotation despite nucleolar nomenclature), and novel regulatory roles for CEBPZ (transcription factor), ACTR1A (dynactin component), and RELB (NF-κB factor) in ribosome biogenesis. The morphological phenotypes likely reflect disrupted nucleolar organization, altered ribosome production, or perturbed protein synthesis capacity.	nucleus_Hoescht_mean	RPF2	established			0.6076580882072449	0.0		-0.0869536430729577	0.0202655134336429
1	Ribosome biogenesis and large ribosomal subunit assembly	High	This cluster shows exceptionally high confidence for ribosome biogenesis and large ribosomal subunit (60S) assembly, with >80% of genes directly involved in this pathway. The cluster contains 28 ribosomal proteins (RPL family), multiple ribosome assembly factors (GTPBP4, MDN1, GNL2, RSL24D1, MRTO4), rRNA processing enzymes (NOP2, DDX56, DDX24, DDX54, ISG20L2), and translation initiation factors (EIF4G1, EIF3F, EIF3M). Top discovery priorities include ENSG00000261582 (completely uncharacterized), NOP16 and URB1 (minimal annotation despite nucleolar nomenclature), and novel regulatory roles for CEBPZ (transcription factor), ACTR1A (dynactin component), and RELB (NF-κB factor) in ribosome biogenesis. The morphological phenotypes likely reflect disrupted nucleolar organization, altered ribosome production, or perturbed protein synthesis capacity.	nucleus_Hoescht_mean	DDX56	established			0.4013161659240722	0.0032	2.494850021680094	-0.0832246661849066	0.0178165819524988
1	Ribosome biogenesis and large ribosomal subunit assembly	High	This cluster shows exceptionally high confidence for ribosome biogenesis and large ribosomal subunit (60S) assembly, with >80% of genes directly involved in this pathway. The cluster contains 28 ribosomal proteins (RPL family), multiple ribosome assembly factors (GTPBP4, MDN1, GNL2, RSL24D1, MRTO4), rRNA processing enzymes (NOP2, DDX56, DDX24, DDX54, ISG20L2), and translation initiation factors (EIF4G1, EIF3F, EIF3M). Top discovery priorities include ENSG00000261582 (completely uncharacterized), NOP16 and URB1 (minimal annotation despite nucleolar nomenclature), and novel regulatory roles for CEBPZ (transcription factor), ACTR1A (dynactin component), and RELB (NF-κB factor) in ribosome biogenesis. The morphological phenotypes likely reflect disrupted nucleolar organization, altered ribosome production, or perturbed protein synthesis capacity.	nucleus_Hoescht_mean	DDX24	established			0.3398847579956054	0.0084	2.0757207139381184	-0.1038966565485519	0.0249689185812653
1	Ribosome biogenesis and large ribosomal subunit assembly	High	This cluster shows exceptionally high confidence for ribosome biogenesis and large ribosomal subunit (60S) assembly, with >80% of genes directly involved in this pathway. The cluster contains 28 ribosomal proteins (RPL family), multiple ribosome assembly factors (GTPBP4, MDN1, GNL2, RSL24D1, MRTO4), rRNA processing enzymes (NOP2, DDX56, DDX24, DDX54, ISG20L2), and translation initiation factors (EIF4G1, EIF3F, EIF3M). Top discovery priorities include ENSG00000261582 (completely uncharacterized), NOP16 and URB1 (minimal annotation despite nucleolar nomenclature), and novel regulatory roles for CEBPZ (transcription factor), ACTR1A (dynactin component), and RELB (NF-κB factor) in ribosome biogenesis. The morphological phenotypes likely reflect disrupted nucleolar organization, altered ribosome production, or perturbed protein synthesis capacity.	nucleus_Hoescht_mean	DDX54	established			0.263646125793457	0.026	1.585026652029182	-0.0809303507230206	0.0201093539068746
1	Ribosome biogenesis and large ribosomal subunit assembly	High	This cluster shows exceptionally high confidence for ribosome biogenesis and large ribosomal subunit (60S) assembly, with >80% of genes directly involved in this pathway. The cluster contains 28 ribosomal proteins (RPL family), multiple ribosome assembly factors (GTPBP4, MDN1, GNL2, RSL24D1, MRTO4), rRNA processing enzymes (NOP2, DDX56, DDX24, DDX54, ISG20L2), and translation initiation factors (EIF4G1, EIF3F, EIF3M). Top discovery priorities include ENSG00000261582 (completely uncharacterized), NOP16 and URB1 (minimal annotation despite nucleolar nomenclature), and novel regulatory roles for CEBPZ (transcription factor), ACTR1A (dynactin component), and RELB (NF-κB factor) in ribosome biogenesis. The morphological phenotypes likely reflect disrupted nucleolar organization, altered ribosome production, or perturbed protein synthesis capacity.	nucleus_Hoescht_mean	ISG20L2	established			0.4074601531028747	0.0004	3.3979400086720375	-0.0759179067153267	0.0187021392743608
1	Ribosome biogenesis and large ribosomal subunit assembly	High	This cluster shows exceptionally high confidence for ribosome biogenesis and large ribosomal subunit (60S) assembly, with >80% of genes directly involved in this pathway. The cluster contains 28 ribosomal proteins (RPL family), multiple ribosome assembly factors (GTPBP4, MDN1, GNL2, RSL24D1, MRTO4), rRNA processing enzymes (NOP2, DDX56, DDX24, DDX54, ISG20L2), and translation initiation factors (EIF4G1, EIF3F, EIF3M). Top discovery priorities include ENSG00000261582 (completely uncharacterized), NOP16 and URB1 (minimal annotation despite nucleolar nomenclature), and novel regulatory roles for CEBPZ (transcription factor), ACTR1A (dynactin component), and RELB (NF-κB factor) in ribosome biogenesis. The morphological phenotypes likely reflect disrupted nucleolar organization, altered ribosome production, or perturbed protein synthesis capacity.	nucleus_Hoescht_mean	NLE1	established			0.3759511411190033	0.0656	1.1830961606243398	-0.0780610518849089	0.0190601180811753
1	Ribosome biogenesis and large ribosomal subunit assembly	High	This cluster shows exceptionally high confidence for ribosome biogenesis and large ribosomal subunit (60S) assembly, with >80% of genes directly involved in this pathway. The cluster contains 28 ribosomal proteins (RPL family), multiple ribosome assembly factors (GTPBP4, MDN1, GNL2, RSL24D1, MRTO4), rRNA processing enzymes (NOP2, DDX56, DDX24, DDX54, ISG20L2), and translation initiation factors (EIF4G1, EIF3F, EIF3M). Top discovery priorities include ENSG00000261582 (completely uncharacterized), NOP16 and URB1 (minimal annotation despite nucleolar nomenclature), and novel regulatory roles for CEBPZ (transcription factor), ACTR1A (dynactin component), and RELB (NF-κB factor) in ribosome biogenesis. The morphological phenotypes likely reflect disrupted nucleolar organization, altered ribosome production, or perturbed protein synthesis capacity.	nucleus_Hoescht_mean	EIF4G1	established			0.3465939164161682	0.0036	2.4436974992327127	-0.0721983722141554	0.001609326615965
1	Ribosome biogenesis and large ribosomal subunit assembly	High	This cluster shows exceptionally high confidence for ribosome biogenesis and large ribosomal subunit (60S) assembly, with >80% of genes directly involved in this pathway. The cluster contains 28 ribosomal proteins (RPL family), multiple ribosome assembly factors (GTPBP4, MDN1, GNL2, RSL24D1, MRTO4), rRNA processing enzymes (NOP2, DDX56, DDX24, DDX54, ISG20L2), and translation initiation factors (EIF4G1, EIF3F, EIF3M). Top discovery priorities include ENSG00000261582 (completely uncharacterized), NOP16 and URB1 (minimal annotation despite nucleolar nomenclature), and novel regulatory roles for CEBPZ (transcription factor), ACTR1A (dynactin component), and RELB (NF-κB factor) in ribosome biogenesis. The morphological phenotypes likely reflect disrupted nucleolar organization, altered ribosome production, or perturbed protein synthesis capacity.	nucleus_Hoescht_mean	EIF3F	established			0.4121899008750915	0.0022	2.657577319177794	-0.0834549806604781	0.0105025593728172
1	Ribosome biogenesis and large ribosomal subunit assembly	High	This cluster shows exceptionally high confidence for ribosome biogenesis and large ribosomal subunit (60S) assembly, with >80% of genes directly involved in this pathway. The cluster contains 28 ribosomal proteins (RPL family), multiple ribosome assembly factors (GTPBP4, MDN1, GNL2, RSL24D1, MRTO4), rRNA processing enzymes (NOP2, DDX56, DDX24, DDX54, ISG20L2), and translation initiation factors (EIF4G1, EIF3F, EIF3M). Top discovery priorities include ENSG00000261582 (completely uncharacterized), NOP16 and URB1 (minimal annotation despite nucleolar nomenclature), and novel regulatory roles for CEBPZ (transcription factor), ACTR1A (dynactin component), and RELB (NF-κB factor) in ribosome biogenesis. The morphological phenotypes likely reflect disrupted nucleolar organization, altered ribosome production, or perturbed protein synthesis capacity.	nucleus_Hoescht_mean	EIF3M	established			0.5810558795928955	0.0004	3.3979400086720375	-0.0748233702481426	0.014150662442078
1	Ribosome biogenesis and large ribosomal subunit assembly	High	This cluster shows exceptionally high confidence for ribosome biogenesis and large ribosomal subunit (60S) assembly, with >80% of genes directly involved in this pathway. The cluster contains 28 ribosomal proteins (RPL family), multiple ribosome assembly factors (GTPBP4, MDN1, GNL2, RSL24D1, MRTO4), rRNA processing enzymes (NOP2, DDX56, DDX24, DDX54, ISG20L2), and translation initiation factors (EIF4G1, EIF3F, EIF3M). Top discovery priorities include ENSG00000261582 (completely uncharacterized), NOP16 and URB1 (minimal annotation despite nucleolar nomenclature), and novel regulatory roles for CEBPZ (transcription factor), ACTR1A (dynactin component), and RELB (NF-κB factor) in ribosome biogenesis. The morphological phenotypes likely reflect disrupted nucleolar organization, altered ribosome production, or perturbed protein synthesis capacity.	nucleus_Hoescht_mean	NIFK	novel	3.0	No functional annotation provided, but gene name (Nucleolar protein interacting with FHA domain of Ki-67) strongly suggests established nucleolar/ribosome function. Likely already characterized in literature.	0.5705400705337524	0.0		-0.109146880035213	0.0257753559936315
1	Ribosome biogenesis and large ribosomal subunit assembly	High	This cluster shows exceptionally high confidence for ribosome biogenesis and large ribosomal subunit (60S) assembly, with >80% of genes directly involved in this pathway. The cluster contains 28 ribosomal proteins (RPL family), multiple ribosome assembly factors (GTPBP4, MDN1, GNL2, RSL24D1, MRTO4), rRNA processing enzymes (NOP2, DDX56, DDX24, DDX54, ISG20L2), and translation initiation factors (EIF4G1, EIF3F, EIF3M). Top discovery priorities include ENSG00000261582 (completely uncharacterized), NOP16 and URB1 (minimal annotation despite nucleolar nomenclature), and novel regulatory roles for CEBPZ (transcription factor), ACTR1A (dynactin component), and RELB (NF-κB factor) in ribosome biogenesis. The morphological phenotypes likely reflect disrupted nucleolar organization, altered ribosome production, or perturbed protein synthesis capacity.	nucleus_Hoescht_mean	SPOUT1	novel	4.0	Recently characterized as 28S rRNA methyltransferase (2024 publication). Also has mitotic spindle functions. Role in ribosome biogenesis is now established, so priority is lower.	0.1432968974113464	0.401	0.39685562737981767	-0.0841778440077561	0.0196721044732749
1	Ribosome biogenesis and large ribosomal subunit assembly	High	This cluster shows exceptionally high confidence for ribosome biogenesis and large ribosomal subunit (60S) assembly, with >80% of genes directly involved in this pathway. The cluster contains 28 ribosomal proteins (RPL family), multiple ribosome assembly factors (GTPBP4, MDN1, GNL2, RSL24D1, MRTO4), rRNA processing enzymes (NOP2, DDX56, DDX24, DDX54, ISG20L2), and translation initiation factors (EIF4G1, EIF3F, EIF3M). Top discovery priorities include ENSG00000261582 (completely uncharacterized), NOP16 and URB1 (minimal annotation despite nucleolar nomenclature), and novel regulatory roles for CEBPZ (transcription factor), ACTR1A (dynactin component), and RELB (NF-κB factor) in ribosome biogenesis. The morphological phenotypes likely reflect disrupted nucleolar organization, altered ribosome production, or perturbed protein synthesis capacity.	nucleus_Hoescht_mean	BRSK2	novel	5.0	Serine/threonine kinase primarily studied in neuronal polarization and insulin secretion. Clustering with ribosome biogenesis factors suggests potential regulatory role, but connection is speculative.	0.0655328258872032	0.6558	0.18322858766665354	-0.0767000055707607	0.0191855136776631
1	Ribosome biogenesis and large ribosomal subunit assembly	High	This cluster shows exceptionally high confidence for ribosome biogenesis and large ribosomal subunit (60S) assembly, with >80% of genes directly involved in this pathway. The cluster contains 28 ribosomal proteins (RPL family), multiple ribosome assembly factors (GTPBP4, MDN1, GNL2, RSL24D1, MRTO4), rRNA processing enzymes (NOP2, DDX56, DDX24, DDX54, ISG20L2), and translation initiation factors (EIF4G1, EIF3F, EIF3M). Top discovery priorities include ENSG00000261582 (completely uncharacterized), NOP16 and URB1 (minimal annotation despite nucleolar nomenclature), and novel regulatory roles for CEBPZ (transcription factor), ACTR1A (dynactin component), and RELB (NF-κB factor) in ribosome biogenesis. The morphological phenotypes likely reflect disrupted nucleolar organization, altered ribosome production, or perturbed protein synthesis capacity.	nucleus_Hoescht_mean	RELB	novel	6.0	Well-characterized NF-κB transcription factor involved in immunity and inflammation. Clustering suggests potential novel role in transcriptional regulation of ribosomal genes or nucleolar stress response.	0.1756147146224975	0.238	0.623423042943488	-0.0710138480783658	0.0145631490897277
1	Ribosome biogenesis and large ribosomal subunit assembly	High	This cluster shows exceptionally high confidence for ribosome biogenesis and large ribosomal subunit (60S) assembly, with >80% of genes directly involved in this pathway. The cluster contains 28 ribosomal proteins (RPL family), multiple ribosome assembly factors (GTPBP4, MDN1, GNL2, RSL24D1, MRTO4), rRNA processing enzymes (NOP2, DDX56, DDX24, DDX54, ISG20L2), and translation initiation factors (EIF4G1, EIF3F, EIF3M). Top discovery priorities include ENSG00000261582 (completely uncharacterized), NOP16 and URB1 (minimal annotation despite nucleolar nomenclature), and novel regulatory roles for CEBPZ (transcription factor), ACTR1A (dynactin component), and RELB (NF-κB factor) in ribosome biogenesis. The morphological phenotypes likely reflect disrupted nucleolar organization, altered ribosome production, or perturbed protein synthesis capacity.	nucleus_Hoescht_mean	DYRK1A	novel	6.0	Dual-specificity kinase with roles in transcription, splicing, and DNA repair. Phosphorylates RNA Pol II CTD. Novel connection to ribosome biogenesis pathway not well-established, though transcriptional role is plausible.	0.1657994836568832	0.1952	0.7095201866693269	-0.0728093167725286	0.0185888622097342
1	Ribosome biogenesis and large ribosomal subunit assembly	High	This cluster shows exceptionally high confidence for ribosome biogenesis and large ribosomal subunit (60S) assembly, with >80% of genes directly involved in this pathway. The cluster contains 28 ribosomal proteins (RPL family), multiple ribosome assembly factors (GTPBP4, MDN1, GNL2, RSL24D1, MRTO4), rRNA processing enzymes (NOP2, DDX56, DDX24, DDX54, ISG20L2), and translation initiation factors (EIF4G1, EIF3F, EIF3M). Top discovery priorities include ENSG00000261582 (completely uncharacterized), NOP16 and URB1 (minimal annotation despite nucleolar nomenclature), and novel regulatory roles for CEBPZ (transcription factor), ACTR1A (dynactin component), and RELB (NF-κB factor) in ribosome biogenesis. The morphological phenotypes likely reflect disrupted nucleolar organization, altered ribosome production, or perturbed protein synthesis capacity.	nucleus_Hoescht_mean	CEBPZ	novel	7.0	Known as transcription factor stimulating HSP70 promoter. Clustering with ribosome biogenesis machinery suggests novel role in ribosomal gene transcription or rRNA processing not well-established in literature.	0.3313749432563782	0.0022	2.657577319177794	-0.0961351348248607	0.0230105712219831
1	Ribosome biogenesis and large ribosomal subunit assembly	High	This cluster shows exceptionally high confidence for ribosome biogenesis and large ribosomal subunit (60S) assembly, with >80% of genes directly involved in this pathway. The cluster contains 28 ribosomal proteins (RPL family), multiple ribosome assembly factors (GTPBP4, MDN1, GNL2, RSL24D1, MRTO4), rRNA processing enzymes (NOP2, DDX56, DDX24, DDX54, ISG20L2), and translation initiation factors (EIF4G1, EIF3F, EIF3M). Top discovery priorities include ENSG00000261582 (completely uncharacterized), NOP16 and URB1 (minimal annotation despite nucleolar nomenclature), and novel regulatory roles for CEBPZ (transcription factor), ACTR1A (dynactin component), and RELB (NF-κB factor) in ribosome biogenesis. The morphological phenotypes likely reflect disrupted nucleolar organization, altered ribosome production, or perturbed protein synthesis capacity.	nucleus_Hoescht_mean	ACTR1A	novel	7.0	Established component of dynactin complex for microtubule-based transport. Clustering with nucleolar ribosome biogenesis factors suggests novel role in ribosomal subunit trafficking or nucleolar organization.	0.104218453168869	0.3498	0.4561801948573423	-0.0546637965914436	0.0140978330005541
1	Ribosome biogenesis and large ribosomal subunit assembly	High	This cluster shows exceptionally high confidence for ribosome biogenesis and large ribosomal subunit (60S) assembly, with >80% of genes directly involved in this pathway. The cluster contains 28 ribosomal proteins (RPL family), multiple ribosome assembly factors (GTPBP4, MDN1, GNL2, RSL24D1, MRTO4), rRNA processing enzymes (NOP2, DDX56, DDX24, DDX54, ISG20L2), and translation initiation factors (EIF4G1, EIF3F, EIF3M). Top discovery priorities include ENSG00000261582 (completely uncharacterized), NOP16 and URB1 (minimal annotation despite nucleolar nomenclature), and novel regulatory roles for CEBPZ (transcription factor), ACTR1A (dynactin component), and RELB (NF-κB factor) in ribosome biogenesis. The morphological phenotypes likely reflect disrupted nucleolar organization, altered ribosome production, or perturbed protein synthesis capacity.	nucleus_Hoescht_mean	RPL7L1	uncharacterized	4.0	No functional annotation provided, but as RPL7-like protein likely has ribosomal function. Paralog relationship suggests partial characterization exists.	0.422265350818634	0.0234	1.630784142589857	-0.0983460754426058	0.0236854493401793
1	Ribosome biogenesis and large ribosomal subunit assembly	High	This cluster shows exceptionally high confidence for ribosome biogenesis and large ribosomal subunit (60S) assembly, with >80% of genes directly involved in this pathway. The cluster contains 28 ribosomal proteins (RPL family), multiple ribosome assembly factors (GTPBP4, MDN1, GNL2, RSL24D1, MRTO4), rRNA processing enzymes (NOP2, DDX56, DDX24, DDX54, ISG20L2), and translation initiation factors (EIF4G1, EIF3F, EIF3M). Top discovery priorities include ENSG00000261582 (completely uncharacterized), NOP16 and URB1 (minimal annotation despite nucleolar nomenclature), and novel regulatory roles for CEBPZ (transcription factor), ACTR1A (dynactin component), and RELB (NF-κB factor) in ribosome biogenesis. The morphological phenotypes likely reflect disrupted nucleolar organization, altered ribosome production, or perturbed protein synthesis capacity.	nucleus_Hoescht_mean	RPL17-C18orf32	uncharacterized	5.0	Readthrough fusion transcript. Limited characterization but likely related to RPL17 function in ribosome structure.	0.5438359379768372	0.0		-0.1179701929109549	0.0234914624691643
1	Ribosome biogenesis and large ribosomal subunit assembly	High	This cluster shows exceptionally high confidence for ribosome biogenesis and large ribosomal subunit (60S) assembly, with >80% of genes directly involved in this pathway. The cluster contains 28 ribosomal proteins (RPL family), multiple ribosome assembly factors (GTPBP4, MDN1, GNL2, RSL24D1, MRTO4), rRNA processing enzymes (NOP2, DDX56, DDX24, DDX54, ISG20L2), and translation initiation factors (EIF4G1, EIF3F, EIF3M). Top discovery priorities include ENSG00000261582 (completely uncharacterized), NOP16 and URB1 (minimal annotation despite nucleolar nomenclature), and novel regulatory roles for CEBPZ (transcription factor), ACTR1A (dynactin component), and RELB (NF-κB factor) in ribosome biogenesis. The morphological phenotypes likely reflect disrupted nucleolar organization, altered ribosome production, or perturbed protein synthesis capacity.	nucleus_Hoescht_mean	RPL36A-HNRNPH2	uncharacterized	5.0	Readthrough fusion transcript combining ribosomal protein and RNA-binding protein. Minimal functional characterization.	0.4188924431800842	0.001	3.0	-0.0923244313405781	0.0230794213350051
1	Ribosome biogenesis and large ribosomal subunit assembly	High	This cluster shows exceptionally high confidence for ribosome biogenesis and large ribosomal subunit (60S) assembly, with >80% of genes directly involved in this pathway. The cluster contains 28 ribosomal proteins (RPL family), multiple ribosome assembly factors (GTPBP4, MDN1, GNL2, RSL24D1, MRTO4), rRNA processing enzymes (NOP2, DDX56, DDX24, DDX54, ISG20L2), and translation initiation factors (EIF4G1, EIF3F, EIF3M). Top discovery priorities include ENSG00000261582 (completely uncharacterized), NOP16 and URB1 (minimal annotation despite nucleolar nomenclature), and novel regulatory roles for CEBPZ (transcription factor), ACTR1A (dynactin component), and RELB (NF-κB factor) in ribosome biogenesis. The morphological phenotypes likely reflect disrupted nucleolar organization, altered ribosome production, or perturbed protein synthesis capacity.	nucleus_Hoescht_mean	RRP15	uncharacterized	6.0	No functional information provided. Name suggests ribosomal RNA processing involvement, but lacks experimental characterization in human cells.	0.3767439424991607	0.004	2.3979400086720375	-0.079657035262495	0.020024428898961
1	Ribosome biogenesis and large ribosomal subunit assembly	High	This cluster shows exceptionally high confidence for ribosome biogenesis and large ribosomal subunit (60S) assembly, with >80% of genes directly involved in this pathway. The cluster contains 28 ribosomal proteins (RPL family), multiple ribosome assembly factors (GTPBP4, MDN1, GNL2, RSL24D1, MRTO4), rRNA processing enzymes (NOP2, DDX56, DDX24, DDX54, ISG20L2), and translation initiation factors (EIF4G1, EIF3F, EIF3M). Top discovery priorities include ENSG00000261582 (completely uncharacterized), NOP16 and URB1 (minimal annotation despite nucleolar nomenclature), and novel regulatory roles for CEBPZ (transcription factor), ACTR1A (dynactin component), and RELB (NF-κB factor) in ribosome biogenesis. The morphological phenotypes likely reflect disrupted nucleolar organization, altered ribosome production, or perturbed protein synthesis capacity.	nucleus_Hoescht_mean	MAK16	uncharacterized	6.0	No functional annotation provided. Yeast ortholog functions in ribosome biogenesis, but human protein remains poorly characterized.	0.2846295833587646	0.0162	1.790484985457369	-0.1056196601796226	0.0255340799348167
1	Ribosome biogenesis and large ribosomal subunit assembly	High	This cluster shows exceptionally high confidence for ribosome biogenesis and large ribosomal subunit (60S) assembly, with >80% of genes directly involved in this pathway. The cluster contains 28 ribosomal proteins (RPL family), multiple ribosome assembly factors (GTPBP4, MDN1, GNL2, RSL24D1, MRTO4), rRNA processing enzymes (NOP2, DDX56, DDX24, DDX54, ISG20L2), and translation initiation factors (EIF4G1, EIF3F, EIF3M). Top discovery priorities include ENSG00000261582 (completely uncharacterized), NOP16 and URB1 (minimal annotation despite nucleolar nomenclature), and novel regulatory roles for CEBPZ (transcription factor), ACTR1A (dynactin component), and RELB (NF-κB factor) in ribosome biogenesis. The morphological phenotypes likely reflect disrupted nucleolar organization, altered ribosome production, or perturbed protein synthesis capacity.	nucleus_Hoescht_mean	NOP16	uncharacterized	7.0	No functional information provided despite nucleolar protein nomenclature. Likely involved in ribosome biogenesis based on naming convention and cluster membership, but lacks experimental validation.	0.1984551548957824	0.1084	0.9649707177976319	-0.0871800277551014	0.0218140876571206
1	Ribosome biogenesis and large ribosomal subunit assembly	High	This cluster shows exceptionally high confidence for ribosome biogenesis and large ribosomal subunit (60S) assembly, with >80% of genes directly involved in this pathway. The cluster contains 28 ribosomal proteins (RPL family), multiple ribosome assembly factors (GTPBP4, MDN1, GNL2, RSL24D1, MRTO4), rRNA processing enzymes (NOP2, DDX56, DDX24, DDX54, ISG20L2), and translation initiation factors (EIF4G1, EIF3F, EIF3M). Top discovery priorities include ENSG00000261582 (completely uncharacterized), NOP16 and URB1 (minimal annotation despite nucleolar nomenclature), and novel regulatory roles for CEBPZ (transcription factor), ACTR1A (dynactin component), and RELB (NF-κB factor) in ribosome biogenesis. The morphological phenotypes likely reflect disrupted nucleolar organization, altered ribosome production, or perturbed protein synthesis capacity.	nucleus_Hoescht_mean	URB1	uncharacterized	7.0	No functional annotation provided. Clusters with ribosome biogenesis machinery. Yeast ortholog is involved in ribosome biogenesis, but human function remains uncharacterized.	0.396656334400177	0.0046	2.337242168318426	-0.06931752290391	0.0131112083214515
1	Ribosome biogenesis and large ribosomal subunit assembly	High	This cluster shows exceptionally high confidence for ribosome biogenesis and large ribosomal subunit (60S) assembly, with >80% of genes directly involved in this pathway. The cluster contains 28 ribosomal proteins (RPL family), multiple ribosome assembly factors (GTPBP4, MDN1, GNL2, RSL24D1, MRTO4), rRNA processing enzymes (NOP2, DDX56, DDX24, DDX54, ISG20L2), and translation initiation factors (EIF4G1, EIF3F, EIF3M). Top discovery priorities include ENSG00000261582 (completely uncharacterized), NOP16 and URB1 (minimal annotation despite nucleolar nomenclature), and novel regulatory roles for CEBPZ (transcription factor), ACTR1A (dynactin component), and RELB (NF-κB factor) in ribosome biogenesis. The morphological phenotypes likely reflect disrupted nucleolar organization, altered ribosome production, or perturbed protein synthesis capacity.	nucleus_Hoescht_mean	ENSG00000261582	uncharacterized	9.0	No functional annotation provided. Completely uncharacterized gene clustering with ribosome biogenesis factors. High priority for novel discovery in ribosomal pathway.	0.0274242460727691	0.8286	0.08165507103772508	-0.0834972362383326	0.0194653984626212
2	Ribosome biogenesis and small ribosomal subunit (40S) assembly	High	This cluster shows HIGH confidence for ribosome biogenesis and 40S small ribosomal subunit assembly. Over 75% of genes are established components: 22 ribosomal proteins (RPS family), 13 SSU processome/pre-rRNA processing factors (UTP, BMS1, PNO1, etc.), 5 translation initiation factors (EIF3 complex), and supporting factors (POLR1B for rRNA transcription, XPO1 for nuclear export, RIOK2 for late maturation). The morphological phenotypes likely reflect disrupted protein synthesis affecting cellular architecture. Key discoveries: Two completely uncharacterized genes (ENSG00000280148, LOC102723573) represent high-priority targets for novel ribosome biogenesis factor identification. HK2 (hexokinase 2) is the most surprising finding - a glycolytic enzyme with no known ribosomal function, suggesting unexpected metabolic coupling to translation machinery. ANAPC2 (APC/C component) and PPRC1 (mitochondrial biogenesis coactivator) suggest novel regulatory connections between cell cycle, metabolism, and ribosome production.	nucleus_COX4_mean	RPS20	established			0.3971287608146667	0.0076	2.1191864077192086	-0.0727566110642215	-0.0122567395285924
2	Ribosome biogenesis and small ribosomal subunit (40S) assembly	High	This cluster shows HIGH confidence for ribosome biogenesis and 40S small ribosomal subunit assembly. Over 75% of genes are established components: 22 ribosomal proteins (RPS family), 13 SSU processome/pre-rRNA processing factors (UTP, BMS1, PNO1, etc.), 5 translation initiation factors (EIF3 complex), and supporting factors (POLR1B for rRNA transcription, XPO1 for nuclear export, RIOK2 for late maturation). The morphological phenotypes likely reflect disrupted protein synthesis affecting cellular architecture. Key discoveries: Two completely uncharacterized genes (ENSG00000280148, LOC102723573) represent high-priority targets for novel ribosome biogenesis factor identification. HK2 (hexokinase 2) is the most surprising finding - a glycolytic enzyme with no known ribosomal function, suggesting unexpected metabolic coupling to translation machinery. ANAPC2 (APC/C component) and PPRC1 (mitochondrial biogenesis coactivator) suggest novel regulatory connections between cell cycle, metabolism, and ribosome production.	nucleus_COX4_mean	RPS8	established			0.6918429136276245	0.0		-0.0734914734498808	-0.0129272282973373
2	Ribosome biogenesis and small ribosomal subunit (40S) assembly	High	This cluster shows HIGH confidence for ribosome biogenesis and 40S small ribosomal subunit assembly. Over 75% of genes are established components: 22 ribosomal proteins (RPS family), 13 SSU processome/pre-rRNA processing factors (UTP, BMS1, PNO1, etc.), 5 translation initiation factors (EIF3 complex), and supporting factors (POLR1B for rRNA transcription, XPO1 for nuclear export, RIOK2 for late maturation). The morphological phenotypes likely reflect disrupted protein synthesis affecting cellular architecture. Key discoveries: Two completely uncharacterized genes (ENSG00000280148, LOC102723573) represent high-priority targets for novel ribosome biogenesis factor identification. HK2 (hexokinase 2) is the most surprising finding - a glycolytic enzyme with no known ribosomal function, suggesting unexpected metabolic coupling to translation machinery. ANAPC2 (APC/C component) and PPRC1 (mitochondrial biogenesis coactivator) suggest novel regulatory connections between cell cycle, metabolism, and ribosome production.	nucleus_COX4_mean	RPS7	established			0.2299576848745346	0.045	1.3467874862246563	-0.0789850609902589	-0.0081352987898353
2	Ribosome biogenesis and small ribosomal subunit (40S) assembly	High	This cluster shows HIGH confidence for ribosome biogenesis and 40S small ribosomal subunit assembly. Over 75% of genes are established components: 22 ribosomal proteins (RPS family), 13 SSU processome/pre-rRNA processing factors (UTP, BMS1, PNO1, etc.), 5 translation initiation factors (EIF3 complex), and supporting factors (POLR1B for rRNA transcription, XPO1 for nuclear export, RIOK2 for late maturation). The morphological phenotypes likely reflect disrupted protein synthesis affecting cellular architecture. Key discoveries: Two completely uncharacterized genes (ENSG00000280148, LOC102723573) represent high-priority targets for novel ribosome biogenesis factor identification. HK2 (hexokinase 2) is the most surprising finding - a glycolytic enzyme with no known ribosomal function, suggesting unexpected metabolic coupling to translation machinery. ANAPC2 (APC/C component) and PPRC1 (mitochondrial biogenesis coactivator) suggest novel regulatory connections between cell cycle, metabolism, and ribosome production.	nucleus_COX4_mean	RPS12	established			0.4803467690944671	0.008	2.0969100130080562	-0.0795669923911576	-0.009836023573504
2	Ribosome biogenesis and small ribosomal subunit (40S) assembly	High	This cluster shows HIGH confidence for ribosome biogenesis and 40S small ribosomal subunit assembly. Over 75% of genes are established components: 22 ribosomal proteins (RPS family), 13 SSU processome/pre-rRNA processing factors (UTP, BMS1, PNO1, etc.), 5 translation initiation factors (EIF3 complex), and supporting factors (POLR1B for rRNA transcription, XPO1 for nuclear export, RIOK2 for late maturation). The morphological phenotypes likely reflect disrupted protein synthesis affecting cellular architecture. Key discoveries: Two completely uncharacterized genes (ENSG00000280148, LOC102723573) represent high-priority targets for novel ribosome biogenesis factor identification. HK2 (hexokinase 2) is the most surprising finding - a glycolytic enzyme with no known ribosomal function, suggesting unexpected metabolic coupling to translation machinery. ANAPC2 (APC/C component) and PPRC1 (mitochondrial biogenesis coactivator) suggest novel regulatory connections between cell cycle, metabolism, and ribosome production.	nucleus_COX4_mean	RPS13	established			0.4356061816215515	0.003	2.5228787452803374	-0.0971479943761456	-0.0137832730543794
2	Ribosome biogenesis and small ribosomal subunit (40S) assembly	High	This cluster shows HIGH confidence for ribosome biogenesis and 40S small ribosomal subunit assembly. Over 75% of genes are established components: 22 ribosomal proteins (RPS family), 13 SSU processome/pre-rRNA processing factors (UTP, BMS1, PNO1, etc.), 5 translation initiation factors (EIF3 complex), and supporting factors (POLR1B for rRNA transcription, XPO1 for nuclear export, RIOK2 for late maturation). The morphological phenotypes likely reflect disrupted protein synthesis affecting cellular architecture. Key discoveries: Two completely uncharacterized genes (ENSG00000280148, LOC102723573) represent high-priority targets for novel ribosome biogenesis factor identification. HK2 (hexokinase 2) is the most surprising finding - a glycolytic enzyme with no known ribosomal function, suggesting unexpected metabolic coupling to translation machinery. ANAPC2 (APC/C component) and PPRC1 (mitochondrial biogenesis coactivator) suggest novel regulatory connections between cell cycle, metabolism, and ribosome production.	nucleus_COX4_mean	RPS23	established			0.6064994931221008	0.0		-0.0834291649184	-0.017026839025632
2	Ribosome biogenesis and small ribosomal subunit (40S) assembly	High	This cluster shows HIGH confidence for ribosome biogenesis and 40S small ribosomal subunit assembly. Over 75% of genes are established components: 22 ribosomal proteins (RPS family), 13 SSU processome/pre-rRNA processing factors (UTP, BMS1, PNO1, etc.), 5 translation initiation factors (EIF3 complex), and supporting factors (POLR1B for rRNA transcription, XPO1 for nuclear export, RIOK2 for late maturation). The morphological phenotypes likely reflect disrupted protein synthesis affecting cellular architecture. Key discoveries: Two completely uncharacterized genes (ENSG00000280148, LOC102723573) represent high-priority targets for novel ribosome biogenesis factor identification. HK2 (hexokinase 2) is the most surprising finding - a glycolytic enzyme with no known ribosomal function, suggesting unexpected metabolic coupling to translation machinery. ANAPC2 (APC/C component) and PPRC1 (mitochondrial biogenesis coactivator) suggest novel regulatory connections between cell cycle, metabolism, and ribosome production.	nucleus_COX4_mean	RPS19	established			0.1489637494087219	0.263	0.5800442515102421	-0.0754846156165107	-0.0096495068209822
2	Ribosome biogenesis and small ribosomal subunit (40S) assembly	High	This cluster shows HIGH confidence for ribosome biogenesis and 40S small ribosomal subunit assembly. Over 75% of genes are established components: 22 ribosomal proteins (RPS family), 13 SSU processome/pre-rRNA processing factors (UTP, BMS1, PNO1, etc.), 5 translation initiation factors (EIF3 complex), and supporting factors (POLR1B for rRNA transcription, XPO1 for nuclear export, RIOK2 for late maturation). The morphological phenotypes likely reflect disrupted protein synthesis affecting cellular architecture. Key discoveries: Two completely uncharacterized genes (ENSG00000280148, LOC102723573) represent high-priority targets for novel ribosome biogenesis factor identification. HK2 (hexokinase 2) is the most surprising finding - a glycolytic enzyme with no known ribosomal function, suggesting unexpected metabolic coupling to translation machinery. ANAPC2 (APC/C component) and PPRC1 (mitochondrial biogenesis coactivator) suggest novel regulatory connections between cell cycle, metabolism, and ribosome production.	nucleus_COX4_mean	RPS10	established			0.3652997314929962	0.0026	2.5850266520291822	-0.0896220638945271	-0.0141870552493463
2	Ribosome biogenesis and small ribosomal subunit (40S) assembly	High	This cluster shows HIGH confidence for ribosome biogenesis and 40S small ribosomal subunit assembly. Over 75% of genes are established components: 22 ribosomal proteins (RPS family), 13 SSU processome/pre-rRNA processing factors (UTP, BMS1, PNO1, etc.), 5 translation initiation factors (EIF3 complex), and supporting factors (POLR1B for rRNA transcription, XPO1 for nuclear export, RIOK2 for late maturation). The morphological phenotypes likely reflect disrupted protein synthesis affecting cellular architecture. Key discoveries: Two completely uncharacterized genes (ENSG00000280148, LOC102723573) represent high-priority targets for novel ribosome biogenesis factor identification. HK2 (hexokinase 2) is the most surprising finding - a glycolytic enzyme with no known ribosomal function, suggesting unexpected metabolic coupling to translation machinery. ANAPC2 (APC/C component) and PPRC1 (mitochondrial biogenesis coactivator) suggest novel regulatory connections between cell cycle, metabolism, and ribosome production.	nucleus_COX4_mean	RPS24	established			1.110199213027954	0.0		-0.0961883266157683	-0.0146667303593651
2	Ribosome biogenesis and small ribosomal subunit (40S) assembly	High	This cluster shows HIGH confidence for ribosome biogenesis and 40S small ribosomal subunit assembly. Over 75% of genes are established components: 22 ribosomal proteins (RPS family), 13 SSU processome/pre-rRNA processing factors (UTP, BMS1, PNO1, etc.), 5 translation initiation factors (EIF3 complex), and supporting factors (POLR1B for rRNA transcription, XPO1 for nuclear export, RIOK2 for late maturation). The morphological phenotypes likely reflect disrupted protein synthesis affecting cellular architecture. Key discoveries: Two completely uncharacterized genes (ENSG00000280148, LOC102723573) represent high-priority targets for novel ribosome biogenesis factor identification. HK2 (hexokinase 2) is the most surprising finding - a glycolytic enzyme with no known ribosomal function, suggesting unexpected metabolic coupling to translation machinery. ANAPC2 (APC/C component) and PPRC1 (mitochondrial biogenesis coactivator) suggest novel regulatory connections between cell cycle, metabolism, and ribosome production.	nucleus_COX4_mean	RPS9	established			0.6086111068725586	0.0		-0.1010586293505872	-0.0150805794574666
2	Ribosome biogenesis and small ribosomal subunit (40S) assembly	High	This cluster shows HIGH confidence for ribosome biogenesis and 40S small ribosomal subunit assembly. Over 75% of genes are established components: 22 ribosomal proteins (RPS family), 13 SSU processome/pre-rRNA processing factors (UTP, BMS1, PNO1, etc.), 5 translation initiation factors (EIF3 complex), and supporting factors (POLR1B for rRNA transcription, XPO1 for nuclear export, RIOK2 for late maturation). The morphological phenotypes likely reflect disrupted protein synthesis affecting cellular architecture. Key discoveries: Two completely uncharacterized genes (ENSG00000280148, LOC102723573) represent high-priority targets for novel ribosome biogenesis factor identification. HK2 (hexokinase 2) is the most surprising finding - a glycolytic enzyme with no known ribosomal function, suggesting unexpected metabolic coupling to translation machinery. ANAPC2 (APC/C component) and PPRC1 (mitochondrial biogenesis coactivator) suggest novel regulatory connections between cell cycle, metabolism, and ribosome production.	nucleus_COX4_mean	RPS3A	established			0.8729720115661621	0.0		-0.0929966565765616	-0.0128916845590273
2	Ribosome biogenesis and small ribosomal subunit (40S) assembly	High	This cluster shows HIGH confidence for ribosome biogenesis and 40S small ribosomal subunit assembly. Over 75% of genes are established components: 22 ribosomal proteins (RPS family), 13 SSU processome/pre-rRNA processing factors (UTP, BMS1, PNO1, etc.), 5 translation initiation factors (EIF3 complex), and supporting factors (POLR1B for rRNA transcription, XPO1 for nuclear export, RIOK2 for late maturation). The morphological phenotypes likely reflect disrupted protein synthesis affecting cellular architecture. Key discoveries: Two completely uncharacterized genes (ENSG00000280148, LOC102723573) represent high-priority targets for novel ribosome biogenesis factor identification. HK2 (hexokinase 2) is the most surprising finding - a glycolytic enzyme with no known ribosomal function, suggesting unexpected metabolic coupling to translation machinery. ANAPC2 (APC/C component) and PPRC1 (mitochondrial biogenesis coactivator) suggest novel regulatory connections between cell cycle, metabolism, and ribosome production.	nucleus_COX4_mean	RPS14	established			0.307074099779129	0.0616	1.2104192878355746	-0.0790170238184493	-0.0033051986329751
2	Ribosome biogenesis and small ribosomal subunit (40S) assembly	High	This cluster shows HIGH confidence for ribosome biogenesis and 40S small ribosomal subunit assembly. Over 75% of genes are established components: 22 ribosomal proteins (RPS family), 13 SSU processome/pre-rRNA processing factors (UTP, BMS1, PNO1, etc.), 5 translation initiation factors (EIF3 complex), and supporting factors (POLR1B for rRNA transcription, XPO1 for nuclear export, RIOK2 for late maturation). The morphological phenotypes likely reflect disrupted protein synthesis affecting cellular architecture. Key discoveries: Two completely uncharacterized genes (ENSG00000280148, LOC102723573) represent high-priority targets for novel ribosome biogenesis factor identification. HK2 (hexokinase 2) is the most surprising finding - a glycolytic enzyme with no known ribosomal function, suggesting unexpected metabolic coupling to translation machinery. ANAPC2 (APC/C component) and PPRC1 (mitochondrial biogenesis coactivator) suggest novel regulatory connections between cell cycle, metabolism, and ribosome production.	nucleus_COX4_mean	RPS26	established			0.4190675914287567	0.002	2.6989700043360187	-0.0999237603334111	-0.0120344985517683
2	Ribosome biogenesis and small ribosomal subunit (40S) assembly	High	This cluster shows HIGH confidence for ribosome biogenesis and 40S small ribosomal subunit assembly. Over 75% of genes are established components: 22 ribosomal proteins (RPS family), 13 SSU processome/pre-rRNA processing factors (UTP, BMS1, PNO1, etc.), 5 translation initiation factors (EIF3 complex), and supporting factors (POLR1B for rRNA transcription, XPO1 for nuclear export, RIOK2 for late maturation). The morphological phenotypes likely reflect disrupted protein synthesis affecting cellular architecture. Key discoveries: Two completely uncharacterized genes (ENSG00000280148, LOC102723573) represent high-priority targets for novel ribosome biogenesis factor identification. HK2 (hexokinase 2) is the most surprising finding - a glycolytic enzyme with no known ribosomal function, suggesting unexpected metabolic coupling to translation machinery. ANAPC2 (APC/C component) and PPRC1 (mitochondrial biogenesis coactivator) suggest novel regulatory connections between cell cycle, metabolism, and ribosome production.	nucleus_COX4_mean	RPS2	established			0.6424577236175537	0.0026	2.5850266520291822	-0.0802519119158555	-0.0130280721392618
2	Ribosome biogenesis and small ribosomal subunit (40S) assembly	High	This cluster shows HIGH confidence for ribosome biogenesis and 40S small ribosomal subunit assembly. Over 75% of genes are established components: 22 ribosomal proteins (RPS family), 13 SSU processome/pre-rRNA processing factors (UTP, BMS1, PNO1, etc.), 5 translation initiation factors (EIF3 complex), and supporting factors (POLR1B for rRNA transcription, XPO1 for nuclear export, RIOK2 for late maturation). The morphological phenotypes likely reflect disrupted protein synthesis affecting cellular architecture. Key discoveries: Two completely uncharacterized genes (ENSG00000280148, LOC102723573) represent high-priority targets for novel ribosome biogenesis factor identification. HK2 (hexokinase 2) is the most surprising finding - a glycolytic enzyme with no known ribosomal function, suggesting unexpected metabolic coupling to translation machinery. ANAPC2 (APC/C component) and PPRC1 (mitochondrial biogenesis coactivator) suggest novel regulatory connections between cell cycle, metabolism, and ribosome production.	nucleus_COX4_mean	RPS15	established			0.4755034148693084	0.0006	3.2218487496163566	-0.080864933380391	-0.0128286364689379
2	Ribosome biogenesis and small ribosomal subunit (40S) assembly	High	This cluster shows HIGH confidence for ribosome biogenesis and 40S small ribosomal subunit assembly. Over 75% of genes are established components: 22 ribosomal proteins (RPS family), 13 SSU processome/pre-rRNA processing factors (UTP, BMS1, PNO1, etc.), 5 translation initiation factors (EIF3 complex), and supporting factors (POLR1B for rRNA transcription, XPO1 for nuclear export, RIOK2 for late maturation). The morphological phenotypes likely reflect disrupted protein synthesis affecting cellular architecture. Key discoveries: Two completely uncharacterized genes (ENSG00000280148, LOC102723573) represent high-priority targets for novel ribosome biogenesis factor identification. HK2 (hexokinase 2) is the most surprising finding - a glycolytic enzyme with no known ribosomal function, suggesting unexpected metabolic coupling to translation machinery. ANAPC2 (APC/C component) and PPRC1 (mitochondrial biogenesis coactivator) suggest novel regulatory connections between cell cycle, metabolism, and ribosome production.	nucleus_COX4_mean	RPS15A	established			0.5514437556266785	0.0		-0.0971002069992649	-0.0155308126580516
2	Ribosome biogenesis and small ribosomal subunit (40S) assembly	High	This cluster shows HIGH confidence for ribosome biogenesis and 40S small ribosomal subunit assembly. Over 75% of genes are established components: 22 ribosomal proteins (RPS family), 13 SSU processome/pre-rRNA processing factors (UTP, BMS1, PNO1, etc.), 5 translation initiation factors (EIF3 complex), and supporting factors (POLR1B for rRNA transcription, XPO1 for nuclear export, RIOK2 for late maturation). The morphological phenotypes likely reflect disrupted protein synthesis affecting cellular architecture. Key discoveries: Two completely uncharacterized genes (ENSG00000280148, LOC102723573) represent high-priority targets for novel ribosome biogenesis factor identification. HK2 (hexokinase 2) is the most surprising finding - a glycolytic enzyme with no known ribosomal function, suggesting unexpected metabolic coupling to translation machinery. ANAPC2 (APC/C component) and PPRC1 (mitochondrial biogenesis coactivator) suggest novel regulatory connections between cell cycle, metabolism, and ribosome production.	nucleus_COX4_mean	RPS17	established			0.4801256060600281	0.0		-0.083891420178211	-0.0161328921466767
2	Ribosome biogenesis and small ribosomal subunit (40S) assembly	High	This cluster shows HIGH confidence for ribosome biogenesis and 40S small ribosomal subunit assembly. Over 75% of genes are established components: 22 ribosomal proteins (RPS family), 13 SSU processome/pre-rRNA processing factors (UTP, BMS1, PNO1, etc.), 5 translation initiation factors (EIF3 complex), and supporting factors (POLR1B for rRNA transcription, XPO1 for nuclear export, RIOK2 for late maturation). The morphological phenotypes likely reflect disrupted protein synthesis affecting cellular architecture. Key discoveries: Two completely uncharacterized genes (ENSG00000280148, LOC102723573) represent high-priority targets for novel ribosome biogenesis factor identification. HK2 (hexokinase 2) is the most surprising finding - a glycolytic enzyme with no known ribosomal function, suggesting unexpected metabolic coupling to translation machinery. ANAPC2 (APC/C component) and PPRC1 (mitochondrial biogenesis coactivator) suggest novel regulatory connections between cell cycle, metabolism, and ribosome production.	nucleus_COX4_mean	RPS5	established			0.4681964814662933	0.0002	3.6989700043360187	-0.0991108703077276	-0.0120519529602064
2	Ribosome biogenesis and small ribosomal subunit (40S) assembly	High	This cluster shows HIGH confidence for ribosome biogenesis and 40S small ribosomal subunit assembly. Over 75% of genes are established components: 22 ribosomal proteins (RPS family), 13 SSU processome/pre-rRNA processing factors (UTP, BMS1, PNO1, etc.), 5 translation initiation factors (EIF3 complex), and supporting factors (POLR1B for rRNA transcription, XPO1 for nuclear export, RIOK2 for late maturation). The morphological phenotypes likely reflect disrupted protein synthesis affecting cellular architecture. Key discoveries: Two completely uncharacterized genes (ENSG00000280148, LOC102723573) represent high-priority targets for novel ribosome biogenesis factor identification. HK2 (hexokinase 2) is the most surprising finding - a glycolytic enzyme with no known ribosomal function, suggesting unexpected metabolic coupling to translation machinery. ANAPC2 (APC/C component) and PPRC1 (mitochondrial biogenesis coactivator) suggest novel regulatory connections between cell cycle, metabolism, and ribosome production.	nucleus_COX4_mean	RPS21	established			0.7133908271789551	0.0		-0.0773969899068822	-0.0094299705321392
2	Ribosome biogenesis and small ribosomal subunit (40S) assembly	High	This cluster shows HIGH confidence for ribosome biogenesis and 40S small ribosomal subunit assembly. Over 75% of genes are established components: 22 ribosomal proteins (RPS family), 13 SSU processome/pre-rRNA processing factors (UTP, BMS1, PNO1, etc.), 5 translation initiation factors (EIF3 complex), and supporting factors (POLR1B for rRNA transcription, XPO1 for nuclear export, RIOK2 for late maturation). The morphological phenotypes likely reflect disrupted protein synthesis affecting cellular architecture. Key discoveries: Two completely uncharacterized genes (ENSG00000280148, LOC102723573) represent high-priority targets for novel ribosome biogenesis factor identification. HK2 (hexokinase 2) is the most surprising finding - a glycolytic enzyme with no known ribosomal function, suggesting unexpected metabolic coupling to translation machinery. ANAPC2 (APC/C component) and PPRC1 (mitochondrial biogenesis coactivator) suggest novel regulatory connections between cell cycle, metabolism, and ribosome production.	nucleus_COX4_mean	RPS11	established			0.6274764537811279	0.0		-0.0948120087537967	-0.0129071417745981
2	Ribosome biogenesis and small ribosomal subunit (40S) assembly	High	This cluster shows HIGH confidence for ribosome biogenesis and 40S small ribosomal subunit assembly. Over 75% of genes are established components: 22 ribosomal proteins (RPS family), 13 SSU processome/pre-rRNA processing factors (UTP, BMS1, PNO1, etc.), 5 translation initiation factors (EIF3 complex), and supporting factors (POLR1B for rRNA transcription, XPO1 for nuclear export, RIOK2 for late maturation). The morphological phenotypes likely reflect disrupted protein synthesis affecting cellular architecture. Key discoveries: Two completely uncharacterized genes (ENSG00000280148, LOC102723573) represent high-priority targets for novel ribosome biogenesis factor identification. HK2 (hexokinase 2) is the most surprising finding - a glycolytic enzyme with no known ribosomal function, suggesting unexpected metabolic coupling to translation machinery. ANAPC2 (APC/C component) and PPRC1 (mitochondrial biogenesis coactivator) suggest novel regulatory connections between cell cycle, metabolism, and ribosome production.	nucleus_COX4_mean	RPSA	established			0.6541075110435486	0.0		-0.0907463615707126	-0.0113306042412614
2	Ribosome biogenesis and small ribosomal subunit (40S) assembly	High	This cluster shows HIGH confidence for ribosome biogenesis and 40S small ribosomal subunit assembly. Over 75% of genes are established components: 22 ribosomal proteins (RPS family), 13 SSU processome/pre-rRNA processing factors (UTP, BMS1, PNO1, etc.), 5 translation initiation factors (EIF3 complex), and supporting factors (POLR1B for rRNA transcription, XPO1 for nuclear export, RIOK2 for late maturation). The morphological phenotypes likely reflect disrupted protein synthesis affecting cellular architecture. Key discoveries: Two completely uncharacterized genes (ENSG00000280148, LOC102723573) represent high-priority targets for novel ribosome biogenesis factor identification. HK2 (hexokinase 2) is the most surprising finding - a glycolytic enzyme with no known ribosomal function, suggesting unexpected metabolic coupling to translation machinery. ANAPC2 (APC/C component) and PPRC1 (mitochondrial biogenesis coactivator) suggest novel regulatory connections between cell cycle, metabolism, and ribosome production.	nucleus_COX4_mean	FAU	established			0.5943461656570435	0.0016	2.795880017344075	-0.069144689362062	-0.0055626784639432
2	Ribosome biogenesis and small ribosomal subunit (40S) assembly	High	This cluster shows HIGH confidence for ribosome biogenesis and 40S small ribosomal subunit assembly. Over 75% of genes are established components: 22 ribosomal proteins (RPS family), 13 SSU processome/pre-rRNA processing factors (UTP, BMS1, PNO1, etc.), 5 translation initiation factors (EIF3 complex), and supporting factors (POLR1B for rRNA transcription, XPO1 for nuclear export, RIOK2 for late maturation). The morphological phenotypes likely reflect disrupted protein synthesis affecting cellular architecture. Key discoveries: Two completely uncharacterized genes (ENSG00000280148, LOC102723573) represent high-priority targets for novel ribosome biogenesis factor identification. HK2 (hexokinase 2) is the most surprising finding - a glycolytic enzyme with no known ribosomal function, suggesting unexpected metabolic coupling to translation machinery. ANAPC2 (APC/C component) and PPRC1 (mitochondrial biogenesis coactivator) suggest novel regulatory connections between cell cycle, metabolism, and ribosome production.	nucleus_COX4_mean	PNO1	established			0.52674800157547	0.0		-0.0867462759161681	-0.0091126854254159
2	Ribosome biogenesis and small ribosomal subunit (40S) assembly	High	This cluster shows HIGH confidence for ribosome biogenesis and 40S small ribosomal subunit assembly. Over 75% of genes are established components: 22 ribosomal proteins (RPS family), 13 SSU processome/pre-rRNA processing factors (UTP, BMS1, PNO1, etc.), 5 translation initiation factors (EIF3 complex), and supporting factors (POLR1B for rRNA transcription, XPO1 for nuclear export, RIOK2 for late maturation). The morphological phenotypes likely reflect disrupted protein synthesis affecting cellular architecture. Key discoveries: Two completely uncharacterized genes (ENSG00000280148, LOC102723573) represent high-priority targets for novel ribosome biogenesis factor identification. HK2 (hexokinase 2) is the most surprising finding - a glycolytic enzyme with no known ribosomal function, suggesting unexpected metabolic coupling to translation machinery. ANAPC2 (APC/C component) and PPRC1 (mitochondrial biogenesis coactivator) suggest novel regulatory connections between cell cycle, metabolism, and ribosome production.	nucleus_COX4_mean	UTP11	established			0.2774689197540283	0.036	1.4436974992327127	-0.1027404568855854	-0.0129659409636418
2	Ribosome biogenesis and small ribosomal subunit (40S) assembly	High	This cluster shows HIGH confidence for ribosome biogenesis and 40S small ribosomal subunit assembly. Over 75% of genes are established components: 22 ribosomal proteins (RPS family), 13 SSU processome/pre-rRNA processing factors (UTP, BMS1, PNO1, etc.), 5 translation initiation factors (EIF3 complex), and supporting factors (POLR1B for rRNA transcription, XPO1 for nuclear export, RIOK2 for late maturation). The morphological phenotypes likely reflect disrupted protein synthesis affecting cellular architecture. Key discoveries: Two completely uncharacterized genes (ENSG00000280148, LOC102723573) represent high-priority targets for novel ribosome biogenesis factor identification. HK2 (hexokinase 2) is the most surprising finding - a glycolytic enzyme with no known ribosomal function, suggesting unexpected metabolic coupling to translation machinery. ANAPC2 (APC/C component) and PPRC1 (mitochondrial biogenesis coactivator) suggest novel regulatory connections between cell cycle, metabolism, and ribosome production.	nucleus_COX4_mean	BMS1	established			0.4017965197563171	0.0052	2.283996656365201	-0.0775508893689651	-0.0037119202244067
2	Ribosome biogenesis and small ribosomal subunit (40S) assembly	High	This cluster shows HIGH confidence for ribosome biogenesis and 40S small ribosomal subunit assembly. Over 75% of genes are established components: 22 ribosomal proteins (RPS family), 13 SSU processome/pre-rRNA processing factors (UTP, BMS1, PNO1, etc.), 5 translation initiation factors (EIF3 complex), and supporting factors (POLR1B for rRNA transcription, XPO1 for nuclear export, RIOK2 for late maturation). The morphological phenotypes likely reflect disrupted protein synthesis affecting cellular architecture. Key discoveries: Two completely uncharacterized genes (ENSG00000280148, LOC102723573) represent high-priority targets for novel ribosome biogenesis factor identification. HK2 (hexokinase 2) is the most surprising finding - a glycolytic enzyme with no known ribosomal function, suggesting unexpected metabolic coupling to translation machinery. ANAPC2 (APC/C component) and PPRC1 (mitochondrial biogenesis coactivator) suggest novel regulatory connections between cell cycle, metabolism, and ribosome production.	nucleus_COX4_mean	PDCD11	established			0.2163969576358795	0.0552	1.258060922270801	-0.0796949453163552	-0.0013355409273666
2	Ribosome biogenesis and small ribosomal subunit (40S) assembly	High	This cluster shows HIGH confidence for ribosome biogenesis and 40S small ribosomal subunit assembly. Over 75% of genes are established components: 22 ribosomal proteins (RPS family), 13 SSU processome/pre-rRNA processing factors (UTP, BMS1, PNO1, etc.), 5 translation initiation factors (EIF3 complex), and supporting factors (POLR1B for rRNA transcription, XPO1 for nuclear export, RIOK2 for late maturation). The morphological phenotypes likely reflect disrupted protein synthesis affecting cellular architecture. Key discoveries: Two completely uncharacterized genes (ENSG00000280148, LOC102723573) represent high-priority targets for novel ribosome biogenesis factor identification. HK2 (hexokinase 2) is the most surprising finding - a glycolytic enzyme with no known ribosomal function, suggesting unexpected metabolic coupling to translation machinery. ANAPC2 (APC/C component) and PPRC1 (mitochondrial biogenesis coactivator) suggest novel regulatory connections between cell cycle, metabolism, and ribosome production.	nucleus_COX4_mean	BYSL	established			0.2119245082139969	0.1396	0.8551145817128577	-0.068607509701951	-0.0094285458370312
2	Ribosome biogenesis and small ribosomal subunit (40S) assembly	High	This cluster shows HIGH confidence for ribosome biogenesis and 40S small ribosomal subunit assembly. Over 75% of genes are established components: 22 ribosomal proteins (RPS family), 13 SSU processome/pre-rRNA processing factors (UTP, BMS1, PNO1, etc.), 5 translation initiation factors (EIF3 complex), and supporting factors (POLR1B for rRNA transcription, XPO1 for nuclear export, RIOK2 for late maturation). The morphological phenotypes likely reflect disrupted protein synthesis affecting cellular architecture. Key discoveries: Two completely uncharacterized genes (ENSG00000280148, LOC102723573) represent high-priority targets for novel ribosome biogenesis factor identification. HK2 (hexokinase 2) is the most surprising finding - a glycolytic enzyme with no known ribosomal function, suggesting unexpected metabolic coupling to translation machinery. ANAPC2 (APC/C component) and PPRC1 (mitochondrial biogenesis coactivator) suggest novel regulatory connections between cell cycle, metabolism, and ribosome production.	nucleus_COX4_mean	RCL1	established			0.5469444990158081	0.0		-0.0771343656863865	-0.0004478134118974
2	Ribosome biogenesis and small ribosomal subunit (40S) assembly	High	This cluster shows HIGH confidence for ribosome biogenesis and 40S small ribosomal subunit assembly. Over 75% of genes are established components: 22 ribosomal proteins (RPS family), 13 SSU processome/pre-rRNA processing factors (UTP, BMS1, PNO1, etc.), 5 translation initiation factors (EIF3 complex), and supporting factors (POLR1B for rRNA transcription, XPO1 for nuclear export, RIOK2 for late maturation). The morphological phenotypes likely reflect disrupted protein synthesis affecting cellular architecture. Key discoveries: Two completely uncharacterized genes (ENSG00000280148, LOC102723573) represent high-priority targets for novel ribosome biogenesis factor identification. HK2 (hexokinase 2) is the most surprising finding - a glycolytic enzyme with no known ribosomal function, suggesting unexpected metabolic coupling to translation machinery. ANAPC2 (APC/C component) and PPRC1 (mitochondrial biogenesis coactivator) suggest novel regulatory connections between cell cycle, metabolism, and ribosome production.	nucleus_COX4_mean	HEATR1	established			0.1863354742527008	0.1476	0.8309136425129772	-0.0476410505397276	-0.0028483777546768
2	Ribosome biogenesis and small ribosomal subunit (40S) assembly	High	This cluster shows HIGH confidence for ribosome biogenesis and 40S small ribosomal subunit assembly. Over 75% of genes are established components: 22 ribosomal proteins (RPS family), 13 SSU processome/pre-rRNA processing factors (UTP, BMS1, PNO1, etc.), 5 translation initiation factors (EIF3 complex), and supporting factors (POLR1B for rRNA transcription, XPO1 for nuclear export, RIOK2 for late maturation). The morphological phenotypes likely reflect disrupted protein synthesis affecting cellular architecture. Key discoveries: Two completely uncharacterized genes (ENSG00000280148, LOC102723573) represent high-priority targets for novel ribosome biogenesis factor identification. HK2 (hexokinase 2) is the most surprising finding - a glycolytic enzyme with no known ribosomal function, suggesting unexpected metabolic coupling to translation machinery. ANAPC2 (APC/C component) and PPRC1 (mitochondrial biogenesis coactivator) suggest novel regulatory connections between cell cycle, metabolism, and ribosome production.	nucleus_COX4_mean	LTV1	established			0.3850595355033874	0.0048	2.318758762624413	-0.0740057753409934	-0.0059522069275645
2	Ribosome biogenesis and small ribosomal subunit (40S) assembly	High	This cluster shows HIGH confidence for ribosome biogenesis and 40S small ribosomal subunit assembly. Over 75% of genes are established components: 22 ribosomal proteins (RPS family), 13 SSU processome/pre-rRNA processing factors (UTP, BMS1, PNO1, etc.), 5 translation initiation factors (EIF3 complex), and supporting factors (POLR1B for rRNA transcription, XPO1 for nuclear export, RIOK2 for late maturation). The morphological phenotypes likely reflect disrupted protein synthesis affecting cellular architecture. Key discoveries: Two completely uncharacterized genes (ENSG00000280148, LOC102723573) represent high-priority targets for novel ribosome biogenesis factor identification. HK2 (hexokinase 2) is the most surprising finding - a glycolytic enzyme with no known ribosomal function, suggesting unexpected metabolic coupling to translation machinery. ANAPC2 (APC/C component) and PPRC1 (mitochondrial biogenesis coactivator) suggest novel regulatory connections between cell cycle, metabolism, and ribosome production.	nucleus_COX4_mean	UTP15	established			0.532423734664917	0.0		-0.0855816946947034	-0.0021635540066471
2	Ribosome biogenesis and small ribosomal subunit (40S) assembly	High	This cluster shows HIGH confidence for ribosome biogenesis and 40S small ribosomal subunit assembly. Over 75% of genes are established components: 22 ribosomal proteins (RPS family), 13 SSU processome/pre-rRNA processing factors (UTP, BMS1, PNO1, etc.), 5 translation initiation factors (EIF3 complex), and supporting factors (POLR1B for rRNA transcription, XPO1 for nuclear export, RIOK2 for late maturation). The morphological phenotypes likely reflect disrupted protein synthesis affecting cellular architecture. Key discoveries: Two completely uncharacterized genes (ENSG00000280148, LOC102723573) represent high-priority targets for novel ribosome biogenesis factor identification. HK2 (hexokinase 2) is the most surprising finding - a glycolytic enzyme with no known ribosomal function, suggesting unexpected metabolic coupling to translation machinery. ANAPC2 (APC/C component) and PPRC1 (mitochondrial biogenesis coactivator) suggest novel regulatory connections between cell cycle, metabolism, and ribosome production.	nucleus_COX4_mean	UTP20	established			0.4956876039505005	0.0		-0.0767651197525611	-0.0026585028006752
2	Ribosome biogenesis and small ribosomal subunit (40S) assembly	High	This cluster shows HIGH confidence for ribosome biogenesis and 40S small ribosomal subunit assembly. Over 75% of genes are established components: 22 ribosomal proteins (RPS family), 13 SSU processome/pre-rRNA processing factors (UTP, BMS1, PNO1, etc.), 5 translation initiation factors (EIF3 complex), and supporting factors (POLR1B for rRNA transcription, XPO1 for nuclear export, RIOK2 for late maturation). The morphological phenotypes likely reflect disrupted protein synthesis affecting cellular architecture. Key discoveries: Two completely uncharacterized genes (ENSG00000280148, LOC102723573) represent high-priority targets for novel ribosome biogenesis factor identification. HK2 (hexokinase 2) is the most surprising finding - a glycolytic enzyme with no known ribosomal function, suggesting unexpected metabolic coupling to translation machinery. ANAPC2 (APC/C component) and PPRC1 (mitochondrial biogenesis coactivator) suggest novel regulatory connections between cell cycle, metabolism, and ribosome production.	nucleus_COX4_mean	DHX37	established			0.5703246593475342	0.0002	3.6989700043360187	-0.0881585416019973	-0.0113950280028448
2	Ribosome biogenesis and small ribosomal subunit (40S) assembly	High	This cluster shows HIGH confidence for ribosome biogenesis and 40S small ribosomal subunit assembly. Over 75% of genes are established components: 22 ribosomal proteins (RPS family), 13 SSU processome/pre-rRNA processing factors (UTP, BMS1, PNO1, etc.), 5 translation initiation factors (EIF3 complex), and supporting factors (POLR1B for rRNA transcription, XPO1 for nuclear export, RIOK2 for late maturation). The morphological phenotypes likely reflect disrupted protein synthesis affecting cellular architecture. Key discoveries: Two completely uncharacterized genes (ENSG00000280148, LOC102723573) represent high-priority targets for novel ribosome biogenesis factor identification. HK2 (hexokinase 2) is the most surprising finding - a glycolytic enzyme with no known ribosomal function, suggesting unexpected metabolic coupling to translation machinery. ANAPC2 (APC/C component) and PPRC1 (mitochondrial biogenesis coactivator) suggest novel regulatory connections between cell cycle, metabolism, and ribosome production.	nucleus_COX4_mean	DDX21	established			0.1128798052668571	0.3216	0.4926839599235864	-0.0847692341149517	0.0062058913867049
2	Ribosome biogenesis and small ribosomal subunit (40S) assembly	High	This cluster shows HIGH confidence for ribosome biogenesis and 40S small ribosomal subunit assembly. Over 75% of genes are established components: 22 ribosomal proteins (RPS family), 13 SSU processome/pre-rRNA processing factors (UTP, BMS1, PNO1, etc.), 5 translation initiation factors (EIF3 complex), and supporting factors (POLR1B for rRNA transcription, XPO1 for nuclear export, RIOK2 for late maturation). The morphological phenotypes likely reflect disrupted protein synthesis affecting cellular architecture. Key discoveries: Two completely uncharacterized genes (ENSG00000280148, LOC102723573) represent high-priority targets for novel ribosome biogenesis factor identification. HK2 (hexokinase 2) is the most surprising finding - a glycolytic enzyme with no known ribosomal function, suggesting unexpected metabolic coupling to translation machinery. ANAPC2 (APC/C component) and PPRC1 (mitochondrial biogenesis coactivator) suggest novel regulatory connections between cell cycle, metabolism, and ribosome production.	nucleus_COX4_mean	UTP14A	established			0.4083461165428161	0.0246	1.609064892896621	-0.0401514442447278	0.0056451983494638
2	Ribosome biogenesis and small ribosomal subunit (40S) assembly	High	This cluster shows HIGH confidence for ribosome biogenesis and 40S small ribosomal subunit assembly. Over 75% of genes are established components: 22 ribosomal proteins (RPS family), 13 SSU processome/pre-rRNA processing factors (UTP, BMS1, PNO1, etc.), 5 translation initiation factors (EIF3 complex), and supporting factors (POLR1B for rRNA transcription, XPO1 for nuclear export, RIOK2 for late maturation). The morphological phenotypes likely reflect disrupted protein synthesis affecting cellular architecture. Key discoveries: Two completely uncharacterized genes (ENSG00000280148, LOC102723573) represent high-priority targets for novel ribosome biogenesis factor identification. HK2 (hexokinase 2) is the most surprising finding - a glycolytic enzyme with no known ribosomal function, suggesting unexpected metabolic coupling to translation machinery. ANAPC2 (APC/C component) and PPRC1 (mitochondrial biogenesis coactivator) suggest novel regulatory connections between cell cycle, metabolism, and ribosome production.	nucleus_COX4_mean	BUD23	established			0.4659913182258606	0.0		-0.0757054031557298	-0.0055554237281929
2	Ribosome biogenesis and small ribosomal subunit (40S) assembly	High	This cluster shows HIGH confidence for ribosome biogenesis and 40S small ribosomal subunit assembly. Over 75% of genes are established components: 22 ribosomal proteins (RPS family), 13 SSU processome/pre-rRNA processing factors (UTP, BMS1, PNO1, etc.), 5 translation initiation factors (EIF3 complex), and supporting factors (POLR1B for rRNA transcription, XPO1 for nuclear export, RIOK2 for late maturation). The morphological phenotypes likely reflect disrupted protein synthesis affecting cellular architecture. Key discoveries: Two completely uncharacterized genes (ENSG00000280148, LOC102723573) represent high-priority targets for novel ribosome biogenesis factor identification. HK2 (hexokinase 2) is the most surprising finding - a glycolytic enzyme with no known ribosomal function, suggesting unexpected metabolic coupling to translation machinery. ANAPC2 (APC/C component) and PPRC1 (mitochondrial biogenesis coactivator) suggest novel regulatory connections between cell cycle, metabolism, and ribosome production.	nucleus_COX4_mean	NOP14	established			0.6408406496047974	0.0		-0.060296669226925	-0.0034478047113055
2	Ribosome biogenesis and small ribosomal subunit (40S) assembly	High	This cluster shows HIGH confidence for ribosome biogenesis and 40S small ribosomal subunit assembly. Over 75% of genes are established components: 22 ribosomal proteins (RPS family), 13 SSU processome/pre-rRNA processing factors (UTP, BMS1, PNO1, etc.), 5 translation initiation factors (EIF3 complex), and supporting factors (POLR1B for rRNA transcription, XPO1 for nuclear export, RIOK2 for late maturation). The morphological phenotypes likely reflect disrupted protein synthesis affecting cellular architecture. Key discoveries: Two completely uncharacterized genes (ENSG00000280148, LOC102723573) represent high-priority targets for novel ribosome biogenesis factor identification. HK2 (hexokinase 2) is the most surprising finding - a glycolytic enzyme with no known ribosomal function, suggesting unexpected metabolic coupling to translation machinery. ANAPC2 (APC/C component) and PPRC1 (mitochondrial biogenesis coactivator) suggest novel regulatory connections between cell cycle, metabolism, and ribosome production.	nucleus_COX4_mean	WDR43	established			0.4708690643310547	0.0044	2.3565473235138126	-0.092779511587049	-0.0034558528316481
2	Ribosome biogenesis and small ribosomal subunit (40S) assembly	High	This cluster shows HIGH confidence for ribosome biogenesis and 40S small ribosomal subunit assembly. Over 75% of genes are established components: 22 ribosomal proteins (RPS family), 13 SSU processome/pre-rRNA processing factors (UTP, BMS1, PNO1, etc.), 5 translation initiation factors (EIF3 complex), and supporting factors (POLR1B for rRNA transcription, XPO1 for nuclear export, RIOK2 for late maturation). The morphological phenotypes likely reflect disrupted protein synthesis affecting cellular architecture. Key discoveries: Two completely uncharacterized genes (ENSG00000280148, LOC102723573) represent high-priority targets for novel ribosome biogenesis factor identification. HK2 (hexokinase 2) is the most surprising finding - a glycolytic enzyme with no known ribosomal function, suggesting unexpected metabolic coupling to translation machinery. ANAPC2 (APC/C component) and PPRC1 (mitochondrial biogenesis coactivator) suggest novel regulatory connections between cell cycle, metabolism, and ribosome production.	nucleus_COX4_mean	EIF3B	established			0.3676780164241791	0.008	2.0969100130080562	-0.0925507124013428	-0.0188706763635371
2	Ribosome biogenesis and small ribosomal subunit (40S) assembly	High	This cluster shows HIGH confidence for ribosome biogenesis and 40S small ribosomal subunit assembly. Over 75% of genes are established components: 22 ribosomal proteins (RPS family), 13 SSU processome/pre-rRNA processing factors (UTP, BMS1, PNO1, etc.), 5 translation initiation factors (EIF3 complex), and supporting factors (POLR1B for rRNA transcription, XPO1 for nuclear export, RIOK2 for late maturation). The morphological phenotypes likely reflect disrupted protein synthesis affecting cellular architecture. Key discoveries: Two completely uncharacterized genes (ENSG00000280148, LOC102723573) represent high-priority targets for novel ribosome biogenesis factor identification. HK2 (hexokinase 2) is the most surprising finding - a glycolytic enzyme with no known ribosomal function, suggesting unexpected metabolic coupling to translation machinery. ANAPC2 (APC/C component) and PPRC1 (mitochondrial biogenesis coactivator) suggest novel regulatory connections between cell cycle, metabolism, and ribosome production.	nucleus_COX4_mean	EIF3A	established			0.258290946483612	0.025	1.6020599913279623	-0.0857954882750623	-0.016032570617212
2	Ribosome biogenesis and small ribosomal subunit (40S) assembly	High	This cluster shows HIGH confidence for ribosome biogenesis and 40S small ribosomal subunit assembly. Over 75% of genes are established components: 22 ribosomal proteins (RPS family), 13 SSU processome/pre-rRNA processing factors (UTP, BMS1, PNO1, etc.), 5 translation initiation factors (EIF3 complex), and supporting factors (POLR1B for rRNA transcription, XPO1 for nuclear export, RIOK2 for late maturation). The morphological phenotypes likely reflect disrupted protein synthesis affecting cellular architecture. Key discoveries: Two completely uncharacterized genes (ENSG00000280148, LOC102723573) represent high-priority targets for novel ribosome biogenesis factor identification. HK2 (hexokinase 2) is the most surprising finding - a glycolytic enzyme with no known ribosomal function, suggesting unexpected metabolic coupling to translation machinery. ANAPC2 (APC/C component) and PPRC1 (mitochondrial biogenesis coactivator) suggest novel regulatory connections between cell cycle, metabolism, and ribosome production.	nucleus_COX4_mean	EIF3CL	established			0.312388002872467	0.0542	1.2660007134616131	-0.0834307875791394	-0.0134947744884664
2	Ribosome biogenesis and small ribosomal subunit (40S) assembly	High	This cluster shows HIGH confidence for ribosome biogenesis and 40S small ribosomal subunit assembly. Over 75% of genes are established components: 22 ribosomal proteins (RPS family), 13 SSU processome/pre-rRNA processing factors (UTP, BMS1, PNO1, etc.), 5 translation initiation factors (EIF3 complex), and supporting factors (POLR1B for rRNA transcription, XPO1 for nuclear export, RIOK2 for late maturation). The morphological phenotypes likely reflect disrupted protein synthesis affecting cellular architecture. Key discoveries: Two completely uncharacterized genes (ENSG00000280148, LOC102723573) represent high-priority targets for novel ribosome biogenesis factor identification. HK2 (hexokinase 2) is the most surprising finding - a glycolytic enzyme with no known ribosomal function, suggesting unexpected metabolic coupling to translation machinery. ANAPC2 (APC/C component) and PPRC1 (mitochondrial biogenesis coactivator) suggest novel regulatory connections between cell cycle, metabolism, and ribosome production.	nucleus_COX4_mean	EIF3G	established			0.2510029077529907	0.0966	1.0150228735845066	-0.0926846574750127	-0.0160884336695172
2	Ribosome biogenesis and small ribosomal subunit (40S) assembly	High	This cluster shows HIGH confidence for ribosome biogenesis and 40S small ribosomal subunit assembly. Over 75% of genes are established components: 22 ribosomal proteins (RPS family), 13 SSU processome/pre-rRNA processing factors (UTP, BMS1, PNO1, etc.), 5 translation initiation factors (EIF3 complex), and supporting factors (POLR1B for rRNA transcription, XPO1 for nuclear export, RIOK2 for late maturation). The morphological phenotypes likely reflect disrupted protein synthesis affecting cellular architecture. Key discoveries: Two completely uncharacterized genes (ENSG00000280148, LOC102723573) represent high-priority targets for novel ribosome biogenesis factor identification. HK2 (hexokinase 2) is the most surprising finding - a glycolytic enzyme with no known ribosomal function, suggesting unexpected metabolic coupling to translation machinery. ANAPC2 (APC/C component) and PPRC1 (mitochondrial biogenesis coactivator) suggest novel regulatory connections between cell cycle, metabolism, and ribosome production.	nucleus_COX4_mean	EIF3C	established			0.1975814998149871	0.1284	0.8914349762671656	-0.0986219483997502	-0.006157564037242
2	Ribosome biogenesis and small ribosomal subunit (40S) assembly	High	This cluster shows HIGH confidence for ribosome biogenesis and 40S small ribosomal subunit assembly. Over 75% of genes are established components: 22 ribosomal proteins (RPS family), 13 SSU processome/pre-rRNA processing factors (UTP, BMS1, PNO1, etc.), 5 translation initiation factors (EIF3 complex), and supporting factors (POLR1B for rRNA transcription, XPO1 for nuclear export, RIOK2 for late maturation). The morphological phenotypes likely reflect disrupted protein synthesis affecting cellular architecture. Key discoveries: Two completely uncharacterized genes (ENSG00000280148, LOC102723573) represent high-priority targets for novel ribosome biogenesis factor identification. HK2 (hexokinase 2) is the most surprising finding - a glycolytic enzyme with no known ribosomal function, suggesting unexpected metabolic coupling to translation machinery. ANAPC2 (APC/C component) and PPRC1 (mitochondrial biogenesis coactivator) suggest novel regulatory connections between cell cycle, metabolism, and ribosome production.	nucleus_COX4_mean	POLR1B	established			0.1070592552423477	0.4474	0.3493040202393891	-0.0796290121660221	0.0064251300990651
2	Ribosome biogenesis and small ribosomal subunit (40S) assembly	High	This cluster shows HIGH confidence for ribosome biogenesis and 40S small ribosomal subunit assembly. Over 75% of genes are established components: 22 ribosomal proteins (RPS family), 13 SSU processome/pre-rRNA processing factors (UTP, BMS1, PNO1, etc.), 5 translation initiation factors (EIF3 complex), and supporting factors (POLR1B for rRNA transcription, XPO1 for nuclear export, RIOK2 for late maturation). The morphological phenotypes likely reflect disrupted protein synthesis affecting cellular architecture. Key discoveries: Two completely uncharacterized genes (ENSG00000280148, LOC102723573) represent high-priority targets for novel ribosome biogenesis factor identification. HK2 (hexokinase 2) is the most surprising finding - a glycolytic enzyme with no known ribosomal function, suggesting unexpected metabolic coupling to translation machinery. ANAPC2 (APC/C component) and PPRC1 (mitochondrial biogenesis coactivator) suggest novel regulatory connections between cell cycle, metabolism, and ribosome production.	nucleus_COX4_mean	RIOK2	established			0.446930855512619	0.0002	3.6989700043360187	-0.0511019715638009	0.003588848503769
2	Ribosome biogenesis and small ribosomal subunit (40S) assembly	High	This cluster shows HIGH confidence for ribosome biogenesis and 40S small ribosomal subunit assembly. Over 75% of genes are established components: 22 ribosomal proteins (RPS family), 13 SSU processome/pre-rRNA processing factors (UTP, BMS1, PNO1, etc.), 5 translation initiation factors (EIF3 complex), and supporting factors (POLR1B for rRNA transcription, XPO1 for nuclear export, RIOK2 for late maturation). The morphological phenotypes likely reflect disrupted protein synthesis affecting cellular architecture. Key discoveries: Two completely uncharacterized genes (ENSG00000280148, LOC102723573) represent high-priority targets for novel ribosome biogenesis factor identification. HK2 (hexokinase 2) is the most surprising finding - a glycolytic enzyme with no known ribosomal function, suggesting unexpected metabolic coupling to translation machinery. ANAPC2 (APC/C component) and PPRC1 (mitochondrial biogenesis coactivator) suggest novel regulatory connections between cell cycle, metabolism, and ribosome production.	nucleus_COX4_mean	AATF	established			0.4230121076107025	0.0004	3.3979400086720375	-0.06030731095925	-0.0005916128615358
2	Ribosome biogenesis and small ribosomal subunit (40S) assembly	High	This cluster shows HIGH confidence for ribosome biogenesis and 40S small ribosomal subunit assembly. Over 75% of genes are established components: 22 ribosomal proteins (RPS family), 13 SSU processome/pre-rRNA processing factors (UTP, BMS1, PNO1, etc.), 5 translation initiation factors (EIF3 complex), and supporting factors (POLR1B for rRNA transcription, XPO1 for nuclear export, RIOK2 for late maturation). The morphological phenotypes likely reflect disrupted protein synthesis affecting cellular architecture. Key discoveries: Two completely uncharacterized genes (ENSG00000280148, LOC102723573) represent high-priority targets for novel ribosome biogenesis factor identification. HK2 (hexokinase 2) is the most surprising finding - a glycolytic enzyme with no known ribosomal function, suggesting unexpected metabolic coupling to translation machinery. ANAPC2 (APC/C component) and PPRC1 (mitochondrial biogenesis coactivator) suggest novel regulatory connections between cell cycle, metabolism, and ribosome production.	nucleus_COX4_mean	XPO1	established			0.94213604927063	0.0		-0.0772227785965016	-0.0162864214120539
2	Ribosome biogenesis and small ribosomal subunit (40S) assembly	High	This cluster shows HIGH confidence for ribosome biogenesis and 40S small ribosomal subunit assembly. Over 75% of genes are established components: 22 ribosomal proteins (RPS family), 13 SSU processome/pre-rRNA processing factors (UTP, BMS1, PNO1, etc.), 5 translation initiation factors (EIF3 complex), and supporting factors (POLR1B for rRNA transcription, XPO1 for nuclear export, RIOK2 for late maturation). The morphological phenotypes likely reflect disrupted protein synthesis affecting cellular architecture. Key discoveries: Two completely uncharacterized genes (ENSG00000280148, LOC102723573) represent high-priority targets for novel ribosome biogenesis factor identification. HK2 (hexokinase 2) is the most surprising finding - a glycolytic enzyme with no known ribosomal function, suggesting unexpected metabolic coupling to translation machinery. ANAPC2 (APC/C component) and PPRC1 (mitochondrial biogenesis coactivator) suggest novel regulatory connections between cell cycle, metabolism, and ribosome production.	nucleus_COX4_mean	BBIP1	novel	3.0	BBSome component required for primary cilia assembly and microtubule stability. While unexpected in this cluster, some ribosomal proteins have ciliary functions. Connection may be indirect through cytoskeletal organization affecting nucleolar structure.	0.1684725284576416	0.2368	0.6256183019491178	-0.0601918289071385	-0.0020242565758803
2	Ribosome biogenesis and small ribosomal subunit (40S) assembly	High	This cluster shows HIGH confidence for ribosome biogenesis and 40S small ribosomal subunit assembly. Over 75% of genes are established components: 22 ribosomal proteins (RPS family), 13 SSU processome/pre-rRNA processing factors (UTP, BMS1, PNO1, etc.), 5 translation initiation factors (EIF3 complex), and supporting factors (POLR1B for rRNA transcription, XPO1 for nuclear export, RIOK2 for late maturation). The morphological phenotypes likely reflect disrupted protein synthesis affecting cellular architecture. Key discoveries: Two completely uncharacterized genes (ENSG00000280148, LOC102723573) represent high-priority targets for novel ribosome biogenesis factor identification. HK2 (hexokinase 2) is the most surprising finding - a glycolytic enzyme with no known ribosomal function, suggesting unexpected metabolic coupling to translation machinery. ANAPC2 (APC/C component) and PPRC1 (mitochondrial biogenesis coactivator) suggest novel regulatory connections between cell cycle, metabolism, and ribosome production.	nucleus_COX4_mean	DDX18	novel	4.0	RNA helicase with established roles in R-loop resolution and pluripotency maintenance. While it has some connection to nucleolar function and rDNA loci, its role in ribosome biogenesis is partially characterized. Lower priority as the connection is not entirely novel.	0.235424056649208	0.015	1.8239087409443189	-0.0868951434076243	-0.0062665164854196
2	Ribosome biogenesis and small ribosomal subunit (40S) assembly	High	This cluster shows HIGH confidence for ribosome biogenesis and 40S small ribosomal subunit assembly. Over 75% of genes are established components: 22 ribosomal proteins (RPS family), 13 SSU processome/pre-rRNA processing factors (UTP, BMS1, PNO1, etc.), 5 translation initiation factors (EIF3 complex), and supporting factors (POLR1B for rRNA transcription, XPO1 for nuclear export, RIOK2 for late maturation). The morphological phenotypes likely reflect disrupted protein synthesis affecting cellular architecture. Key discoveries: Two completely uncharacterized genes (ENSG00000280148, LOC102723573) represent high-priority targets for novel ribosome biogenesis factor identification. HK2 (hexokinase 2) is the most surprising finding - a glycolytic enzyme with no known ribosomal function, suggesting unexpected metabolic coupling to translation machinery. ANAPC2 (APC/C component) and PPRC1 (mitochondrial biogenesis coactivator) suggest novel regulatory connections between cell cycle, metabolism, and ribosome production.	nucleus_COX4_mean	DDX10	novel	4.0	RNA helicase primarily characterized in innate immunity and inflammasome activation. No established role in ribosome biogenesis, but DDX family helicases are known to function in RNA processing. Plausible but not highly surprising connection.	0.6184195280075073	0.0046	2.337242168318426	-0.0751401527260175	-0.0022264501431959
2	Ribosome biogenesis and small ribosomal subunit (40S) assembly	High	This cluster shows HIGH confidence for ribosome biogenesis and 40S small ribosomal subunit assembly. Over 75% of genes are established components: 22 ribosomal proteins (RPS family), 13 SSU processome/pre-rRNA processing factors (UTP, BMS1, PNO1, etc.), 5 translation initiation factors (EIF3 complex), and supporting factors (POLR1B for rRNA transcription, XPO1 for nuclear export, RIOK2 for late maturation). The morphological phenotypes likely reflect disrupted protein synthesis affecting cellular architecture. Key discoveries: Two completely uncharacterized genes (ENSG00000280148, LOC102723573) represent high-priority targets for novel ribosome biogenesis factor identification. HK2 (hexokinase 2) is the most surprising finding - a glycolytic enzyme with no known ribosomal function, suggesting unexpected metabolic coupling to translation machinery. ANAPC2 (APC/C component) and PPRC1 (mitochondrial biogenesis coactivator) suggest novel regulatory connections between cell cycle, metabolism, and ribosome production.	nucleus_COX4_mean	SRFBP1	novel	5.0	Involved in transcriptional regulation and SLC2A4 processing. Limited characterization overall. Potential role in regulating ribosomal gene transcription, but function remains unclear.	0.4416521787643432	0.001	3.0	-0.0506858556459489	0.0032265710544895
2	Ribosome biogenesis and small ribosomal subunit (40S) assembly	High	This cluster shows HIGH confidence for ribosome biogenesis and 40S small ribosomal subunit assembly. Over 75% of genes are established components: 22 ribosomal proteins (RPS family), 13 SSU processome/pre-rRNA processing factors (UTP, BMS1, PNO1, etc.), 5 translation initiation factors (EIF3 complex), and supporting factors (POLR1B for rRNA transcription, XPO1 for nuclear export, RIOK2 for late maturation). The morphological phenotypes likely reflect disrupted protein synthesis affecting cellular architecture. Key discoveries: Two completely uncharacterized genes (ENSG00000280148, LOC102723573) represent high-priority targets for novel ribosome biogenesis factor identification. HK2 (hexokinase 2) is the most surprising finding - a glycolytic enzyme with no known ribosomal function, suggesting unexpected metabolic coupling to translation machinery. ANAPC2 (APC/C component) and PPRC1 (mitochondrial biogenesis coactivator) suggest novel regulatory connections between cell cycle, metabolism, and ribosome production.	nucleus_COX4_mean	PPRC1	novel	6.0	Coactivator for mitochondrial biogenesis and CREB/NRF1 targets. While it regulates transcription related to cell growth, no direct link to ribosome biogenesis is established. May coordinate mitochondrial and ribosomal biogenesis for cellular growth programs.	0.109085202217102	0.389	0.41005039867429227	-0.0604257174440744	-0.0013279719897328
2	Ribosome biogenesis and small ribosomal subunit (40S) assembly	High	This cluster shows HIGH confidence for ribosome biogenesis and 40S small ribosomal subunit assembly. Over 75% of genes are established components: 22 ribosomal proteins (RPS family), 13 SSU processome/pre-rRNA processing factors (UTP, BMS1, PNO1, etc.), 5 translation initiation factors (EIF3 complex), and supporting factors (POLR1B for rRNA transcription, XPO1 for nuclear export, RIOK2 for late maturation). The morphological phenotypes likely reflect disrupted protein synthesis affecting cellular architecture. Key discoveries: Two completely uncharacterized genes (ENSG00000280148, LOC102723573) represent high-priority targets for novel ribosome biogenesis factor identification. HK2 (hexokinase 2) is the most surprising finding - a glycolytic enzyme with no known ribosomal function, suggesting unexpected metabolic coupling to translation machinery. ANAPC2 (APC/C component) and PPRC1 (mitochondrial biogenesis coactivator) suggest novel regulatory connections between cell cycle, metabolism, and ribosome production.	nucleus_COX4_mean	ANAPC2	novel	6.0	Core component of APC/C ubiquitin ligase controlling cell cycle progression. No established role in ribosome biogenesis. May regulate stability of ribosome biogenesis factors or coordinate ribosome production with cell cycle.	0.0024340003728866	0.9976	0.001043559529513782	-0.0677400713738598	-0.0031009458020983
2	Ribosome biogenesis and small ribosomal subunit (40S) assembly	High	This cluster shows HIGH confidence for ribosome biogenesis and 40S small ribosomal subunit assembly. Over 75% of genes are established components: 22 ribosomal proteins (RPS family), 13 SSU processome/pre-rRNA processing factors (UTP, BMS1, PNO1, etc.), 5 translation initiation factors (EIF3 complex), and supporting factors (POLR1B for rRNA transcription, XPO1 for nuclear export, RIOK2 for late maturation). The morphological phenotypes likely reflect disrupted protein synthesis affecting cellular architecture. Key discoveries: Two completely uncharacterized genes (ENSG00000280148, LOC102723573) represent high-priority targets for novel ribosome biogenesis factor identification. HK2 (hexokinase 2) is the most surprising finding - a glycolytic enzyme with no known ribosomal function, suggesting unexpected metabolic coupling to translation machinery. ANAPC2 (APC/C component) and PPRC1 (mitochondrial biogenesis coactivator) suggest novel regulatory connections between cell cycle, metabolism, and ribosome production.	nucleus_COX4_mean	ZCCHC9	novel	7.0	Known as transcriptional regulator (NF-kappa-B, serum response element), but limited functional characterization overall. No established role in ribosome biogenesis. May regulate transcription of ribosomal genes or rRNA processing factors.	0.4290350079536438	0.0002	3.6989700043360187	-0.0773204294941375	-0.0044139681889379
2	Ribosome biogenesis and small ribosomal subunit (40S) assembly	High	This cluster shows HIGH confidence for ribosome biogenesis and 40S small ribosomal subunit assembly. Over 75% of genes are established components: 22 ribosomal proteins (RPS family), 13 SSU processome/pre-rRNA processing factors (UTP, BMS1, PNO1, etc.), 5 translation initiation factors (EIF3 complex), and supporting factors (POLR1B for rRNA transcription, XPO1 for nuclear export, RIOK2 for late maturation). The morphological phenotypes likely reflect disrupted protein synthesis affecting cellular architecture. Key discoveries: Two completely uncharacterized genes (ENSG00000280148, LOC102723573) represent high-priority targets for novel ribosome biogenesis factor identification. HK2 (hexokinase 2) is the most surprising finding - a glycolytic enzyme with no known ribosomal function, suggesting unexpected metabolic coupling to translation machinery. ANAPC2 (APC/C component) and PPRC1 (mitochondrial biogenesis coactivator) suggest novel regulatory connections between cell cycle, metabolism, and ribosome production.	nucleus_COX4_mean	HK2	novel	9.0	Hexokinase 2 is well-established in glycolysis and mitochondrial function, with no known role in ribosome biogenesis. Its presence in this highly specific cluster suggests a surprising novel connection between glucose metabolism and ribosome assembly. Could represent metabolic regulation of ribosome production or energy coupling to translation machinery.	0.349432110786438	0.002	2.6989700043360187	-0.0795787814541975	-0.0110614365599493
2	Ribosome biogenesis and small ribosomal subunit (40S) assembly	High	This cluster shows HIGH confidence for ribosome biogenesis and 40S small ribosomal subunit assembly. Over 75% of genes are established components: 22 ribosomal proteins (RPS family), 13 SSU processome/pre-rRNA processing factors (UTP, BMS1, PNO1, etc.), 5 translation initiation factors (EIF3 complex), and supporting factors (POLR1B for rRNA transcription, XPO1 for nuclear export, RIOK2 for late maturation). The morphological phenotypes likely reflect disrupted protein synthesis affecting cellular architecture. Key discoveries: Two completely uncharacterized genes (ENSG00000280148, LOC102723573) represent high-priority targets for novel ribosome biogenesis factor identification. HK2 (hexokinase 2) is the most surprising finding - a glycolytic enzyme with no known ribosomal function, suggesting unexpected metabolic coupling to translation machinery. ANAPC2 (APC/C component) and PPRC1 (mitochondrial biogenesis coactivator) suggest novel regulatory connections between cell cycle, metabolism, and ribosome production.	nucleus_COX4_mean	RPS10-NUDT3	uncharacterized	7.0	Fusion gene or readthrough transcript with minimal characterization. RPS10 component is established in ribosome function, but the fusion product's role is unclear.	0.3146231770515442	0.0184	1.7351821769904636	-0.0765537201665544	-0.0110430954260118
2	Ribosome biogenesis and small ribosomal subunit (40S) assembly	High	This cluster shows HIGH confidence for ribosome biogenesis and 40S small ribosomal subunit assembly. Over 75% of genes are established components: 22 ribosomal proteins (RPS family), 13 SSU processome/pre-rRNA processing factors (UTP, BMS1, PNO1, etc.), 5 translation initiation factors (EIF3 complex), and supporting factors (POLR1B for rRNA transcription, XPO1 for nuclear export, RIOK2 for late maturation). The morphological phenotypes likely reflect disrupted protein synthesis affecting cellular architecture. Key discoveries: Two completely uncharacterized genes (ENSG00000280148, LOC102723573) represent high-priority targets for novel ribosome biogenesis factor identification. HK2 (hexokinase 2) is the most surprising finding - a glycolytic enzyme with no known ribosomal function, suggesting unexpected metabolic coupling to translation machinery. ANAPC2 (APC/C component) and PPRC1 (mitochondrial biogenesis coactivator) suggest novel regulatory connections between cell cycle, metabolism, and ribosome production.	nucleus_COX4_mean	ENSG00000280148	uncharacterized	9.0	No functional annotation provided. Completely uncharacterized gene clustering with ribosome biogenesis factors. High potential for novel discovery in 40S assembly pathway.	0.671220064163208	0.0		-0.0739696993408853	-0.0067843209775767
2	Ribosome biogenesis and small ribosomal subunit (40S) assembly	High	This cluster shows HIGH confidence for ribosome biogenesis and 40S small ribosomal subunit assembly. Over 75% of genes are established components: 22 ribosomal proteins (RPS family), 13 SSU processome/pre-rRNA processing factors (UTP, BMS1, PNO1, etc.), 5 translation initiation factors (EIF3 complex), and supporting factors (POLR1B for rRNA transcription, XPO1 for nuclear export, RIOK2 for late maturation). The morphological phenotypes likely reflect disrupted protein synthesis affecting cellular architecture. Key discoveries: Two completely uncharacterized genes (ENSG00000280148, LOC102723573) represent high-priority targets for novel ribosome biogenesis factor identification. HK2 (hexokinase 2) is the most surprising finding - a glycolytic enzyme with no known ribosomal function, suggesting unexpected metabolic coupling to translation machinery. ANAPC2 (APC/C component) and PPRC1 (mitochondrial biogenesis coactivator) suggest novel regulatory connections between cell cycle, metabolism, and ribosome production.	nucleus_COX4_mean	LOC102723573	uncharacterized	9.0	No functional annotation provided. Completely uncharacterized gene in a highly coherent ribosome biogenesis cluster. Strong candidate for novel ribosomal function.	0.2535454630851745	0.0216	1.665546248849069	-0.0875169005277554	-0.0113454864431485
4	DNA replication	High	This cluster shows exceptionally high confidence for DNA replication as the dominant pathway, with >75% of genes being established core components of the replication machinery (polymerases POLE/POLD3/POLA1, primase PRIM2, clamp loader RFC1, processivity factor PCNA, helicase CDC45, kinase CDC7, RPA complex, and replication checkpoint protein CLSPN). Four completely uncharacterized genes (ENSG00000285625, SMIM15, LOC107987372, FAM180A) represent high-priority discovery opportunities. Seven genes with established functions in other pathways show unexpected clustering with replication machinery, suggesting novel roles: CASP8AP2 (beyond histone transcription), ADIRF (adipogenesis factor), CHADL (chondrocyte regulator), CYB5D2 (neuronal differentiation), INSIG1 (cholesterol homeostasis), YLPM1 (telomerase regulation), and AGAP5 (putative GAP). The morphological phenotypes captured by cell painting likely reflect alterations in nuclear organization, chromatin structure, and cell cycle progression resulting from perturbed DNA replication. Histones (H2AC17, H2AC14, H2BC4) and chromatin modifiers (DDB1, KMT5A) support the replication-chromatin assembly connection. The proteasome subunit PSMD3 may reflect quality control of replication factors.	cytoplasm_AGP_mean	CDC7	established			0.1964709013700485	0.0814	1.0893755951107988	0.0155900835624601	-0.0167573336021115
4	DNA replication	High	This cluster shows exceptionally high confidence for DNA replication as the dominant pathway, with >75% of genes being established core components of the replication machinery (polymerases POLE/POLD3/POLA1, primase PRIM2, clamp loader RFC1, processivity factor PCNA, helicase CDC45, kinase CDC7, RPA complex, and replication checkpoint protein CLSPN). Four completely uncharacterized genes (ENSG00000285625, SMIM15, LOC107987372, FAM180A) represent high-priority discovery opportunities. Seven genes with established functions in other pathways show unexpected clustering with replication machinery, suggesting novel roles: CASP8AP2 (beyond histone transcription), ADIRF (adipogenesis factor), CHADL (chondrocyte regulator), CYB5D2 (neuronal differentiation), INSIG1 (cholesterol homeostasis), YLPM1 (telomerase regulation), and AGAP5 (putative GAP). The morphological phenotypes captured by cell painting likely reflect alterations in nuclear organization, chromatin structure, and cell cycle progression resulting from perturbed DNA replication. Histones (H2AC17, H2AC14, H2BC4) and chromatin modifiers (DDB1, KMT5A) support the replication-chromatin assembly connection. The proteasome subunit PSMD3 may reflect quality control of replication factors.	cytoplasm_AGP_mean	RPA2	established			0.2116290628910064	0.1024	0.989700043360188	0.011629371083587	-0.0161761937998617
4	DNA replication	High	This cluster shows exceptionally high confidence for DNA replication as the dominant pathway, with >75% of genes being established core components of the replication machinery (polymerases POLE/POLD3/POLA1, primase PRIM2, clamp loader RFC1, processivity factor PCNA, helicase CDC45, kinase CDC7, RPA complex, and replication checkpoint protein CLSPN). Four completely uncharacterized genes (ENSG00000285625, SMIM15, LOC107987372, FAM180A) represent high-priority discovery opportunities. Seven genes with established functions in other pathways show unexpected clustering with replication machinery, suggesting novel roles: CASP8AP2 (beyond histone transcription), ADIRF (adipogenesis factor), CHADL (chondrocyte regulator), CYB5D2 (neuronal differentiation), INSIG1 (cholesterol homeostasis), YLPM1 (telomerase regulation), and AGAP5 (putative GAP). The morphological phenotypes captured by cell painting likely reflect alterations in nuclear organization, chromatin structure, and cell cycle progression resulting from perturbed DNA replication. Histones (H2AC17, H2AC14, H2BC4) and chromatin modifiers (DDB1, KMT5A) support the replication-chromatin assembly connection. The proteasome subunit PSMD3 may reflect quality control of replication factors.	cytoplasm_AGP_mean	POLE	established			-0.0160594582557678	0.8782000000000001	0.05640656723163097	0.0153483903034058	-0.0183318868885157
4	DNA replication	High	This cluster shows exceptionally high confidence for DNA replication as the dominant pathway, with >75% of genes being established core components of the replication machinery (polymerases POLE/POLD3/POLA1, primase PRIM2, clamp loader RFC1, processivity factor PCNA, helicase CDC45, kinase CDC7, RPA complex, and replication checkpoint protein CLSPN). Four completely uncharacterized genes (ENSG00000285625, SMIM15, LOC107987372, FAM180A) represent high-priority discovery opportunities. Seven genes with established functions in other pathways show unexpected clustering with replication machinery, suggesting novel roles: CASP8AP2 (beyond histone transcription), ADIRF (adipogenesis factor), CHADL (chondrocyte regulator), CYB5D2 (neuronal differentiation), INSIG1 (cholesterol homeostasis), YLPM1 (telomerase regulation), and AGAP5 (putative GAP). The morphological phenotypes captured by cell painting likely reflect alterations in nuclear organization, chromatin structure, and cell cycle progression resulting from perturbed DNA replication. Histones (H2AC17, H2AC14, H2BC4) and chromatin modifiers (DDB1, KMT5A) support the replication-chromatin assembly connection. The proteasome subunit PSMD3 may reflect quality control of replication factors.	cytoplasm_AGP_mean	RPA1	established			-0.0401477441191673	0.7303999999999999	0.1364392354737575	0.0151965883235793	-0.0167119878934988
4	DNA replication	High	This cluster shows exceptionally high confidence for DNA replication as the dominant pathway, with >75% of genes being established core components of the replication machinery (polymerases POLE/POLD3/POLA1, primase PRIM2, clamp loader RFC1, processivity factor PCNA, helicase CDC45, kinase CDC7, RPA complex, and replication checkpoint protein CLSPN). Four completely uncharacterized genes (ENSG00000285625, SMIM15, LOC107987372, FAM180A) represent high-priority discovery opportunities. Seven genes with established functions in other pathways show unexpected clustering with replication machinery, suggesting novel roles: CASP8AP2 (beyond histone transcription), ADIRF (adipogenesis factor), CHADL (chondrocyte regulator), CYB5D2 (neuronal differentiation), INSIG1 (cholesterol homeostasis), YLPM1 (telomerase regulation), and AGAP5 (putative GAP). The morphological phenotypes captured by cell painting likely reflect alterations in nuclear organization, chromatin structure, and cell cycle progression resulting from perturbed DNA replication. Histones (H2AC17, H2AC14, H2BC4) and chromatin modifiers (DDB1, KMT5A) support the replication-chromatin assembly connection. The proteasome subunit PSMD3 may reflect quality control of replication factors.	cytoplasm_AGP_mean	POLD3	established			0.1646209806203842	0.1018	0.99225222199926	0.0140328063548214	-0.0074153969229211
4	DNA replication	High	This cluster shows exceptionally high confidence for DNA replication as the dominant pathway, with >75% of genes being established core components of the replication machinery (polymerases POLE/POLD3/POLA1, primase PRIM2, clamp loader RFC1, processivity factor PCNA, helicase CDC45, kinase CDC7, RPA complex, and replication checkpoint protein CLSPN). Four completely uncharacterized genes (ENSG00000285625, SMIM15, LOC107987372, FAM180A) represent high-priority discovery opportunities. Seven genes with established functions in other pathways show unexpected clustering with replication machinery, suggesting novel roles: CASP8AP2 (beyond histone transcription), ADIRF (adipogenesis factor), CHADL (chondrocyte regulator), CYB5D2 (neuronal differentiation), INSIG1 (cholesterol homeostasis), YLPM1 (telomerase regulation), and AGAP5 (putative GAP). The morphological phenotypes captured by cell painting likely reflect alterations in nuclear organization, chromatin structure, and cell cycle progression resulting from perturbed DNA replication. Histones (H2AC17, H2AC14, H2BC4) and chromatin modifiers (DDB1, KMT5A) support the replication-chromatin assembly connection. The proteasome subunit PSMD3 may reflect quality control of replication factors.	cytoplasm_AGP_mean	POLE2	established			-0.1716565787792205	0.2387999999999999	0.6219656775426687	0.01627423803635	-0.013984656113226
4	DNA replication	High	This cluster shows exceptionally high confidence for DNA replication as the dominant pathway, with >75% of genes being established core components of the replication machinery (polymerases POLE/POLD3/POLA1, primase PRIM2, clamp loader RFC1, processivity factor PCNA, helicase CDC45, kinase CDC7, RPA complex, and replication checkpoint protein CLSPN). Four completely uncharacterized genes (ENSG00000285625, SMIM15, LOC107987372, FAM180A) represent high-priority discovery opportunities. Seven genes with established functions in other pathways show unexpected clustering with replication machinery, suggesting novel roles: CASP8AP2 (beyond histone transcription), ADIRF (adipogenesis factor), CHADL (chondrocyte regulator), CYB5D2 (neuronal differentiation), INSIG1 (cholesterol homeostasis), YLPM1 (telomerase regulation), and AGAP5 (putative GAP). The morphological phenotypes captured by cell painting likely reflect alterations in nuclear organization, chromatin structure, and cell cycle progression resulting from perturbed DNA replication. Histones (H2AC17, H2AC14, H2BC4) and chromatin modifiers (DDB1, KMT5A) support the replication-chromatin assembly connection. The proteasome subunit PSMD3 may reflect quality control of replication factors.	cytoplasm_AGP_mean	DTYMK	established			-0.0860169827938079	0.4397999999999999	0.3567447749752285	0.0150576960810998	-0.0164417524346014
4	DNA replication	High	This cluster shows exceptionally high confidence for DNA replication as the dominant pathway, with >75% of genes being established core components of the replication machinery (polymerases POLE/POLD3/POLA1, primase PRIM2, clamp loader RFC1, processivity factor PCNA, helicase CDC45, kinase CDC7, RPA complex, and replication checkpoint protein CLSPN). Four completely uncharacterized genes (ENSG00000285625, SMIM15, LOC107987372, FAM180A) represent high-priority discovery opportunities. Seven genes with established functions in other pathways show unexpected clustering with replication machinery, suggesting novel roles: CASP8AP2 (beyond histone transcription), ADIRF (adipogenesis factor), CHADL (chondrocyte regulator), CYB5D2 (neuronal differentiation), INSIG1 (cholesterol homeostasis), YLPM1 (telomerase regulation), and AGAP5 (putative GAP). The morphological phenotypes captured by cell painting likely reflect alterations in nuclear organization, chromatin structure, and cell cycle progression resulting from perturbed DNA replication. Histones (H2AC17, H2AC14, H2BC4) and chromatin modifiers (DDB1, KMT5A) support the replication-chromatin assembly connection. The proteasome subunit PSMD3 may reflect quality control of replication factors.	cytoplasm_AGP_mean	RFC1	established			-0.2720984816551208	0.0276	1.5590909179347823	0.0107695806835949	-0.0084960766515838
4	DNA replication	High	This cluster shows exceptionally high confidence for DNA replication as the dominant pathway, with >75% of genes being established core components of the replication machinery (polymerases POLE/POLD3/POLA1, primase PRIM2, clamp loader RFC1, processivity factor PCNA, helicase CDC45, kinase CDC7, RPA complex, and replication checkpoint protein CLSPN). Four completely uncharacterized genes (ENSG00000285625, SMIM15, LOC107987372, FAM180A) represent high-priority discovery opportunities. Seven genes with established functions in other pathways show unexpected clustering with replication machinery, suggesting novel roles: CASP8AP2 (beyond histone transcription), ADIRF (adipogenesis factor), CHADL (chondrocyte regulator), CYB5D2 (neuronal differentiation), INSIG1 (cholesterol homeostasis), YLPM1 (telomerase regulation), and AGAP5 (putative GAP). The morphological phenotypes captured by cell painting likely reflect alterations in nuclear organization, chromatin structure, and cell cycle progression resulting from perturbed DNA replication. Histones (H2AC17, H2AC14, H2BC4) and chromatin modifiers (DDB1, KMT5A) support the replication-chromatin assembly connection. The proteasome subunit PSMD3 may reflect quality control of replication factors.	cytoplasm_AGP_mean	CDC45	established			0.3725257217884063	0.0012	2.9208187539523753	0.0148104817986351	-0.0211868826880901
4	DNA replication	High	This cluster shows exceptionally high confidence for DNA replication as the dominant pathway, with >75% of genes being established core components of the replication machinery (polymerases POLE/POLD3/POLA1, primase PRIM2, clamp loader RFC1, processivity factor PCNA, helicase CDC45, kinase CDC7, RPA complex, and replication checkpoint protein CLSPN). Four completely uncharacterized genes (ENSG00000285625, SMIM15, LOC107987372, FAM180A) represent high-priority discovery opportunities. Seven genes with established functions in other pathways show unexpected clustering with replication machinery, suggesting novel roles: CASP8AP2 (beyond histone transcription), ADIRF (adipogenesis factor), CHADL (chondrocyte regulator), CYB5D2 (neuronal differentiation), INSIG1 (cholesterol homeostasis), YLPM1 (telomerase regulation), and AGAP5 (putative GAP). The morphological phenotypes captured by cell painting likely reflect alterations in nuclear organization, chromatin structure, and cell cycle progression resulting from perturbed DNA replication. Histones (H2AC17, H2AC14, H2BC4) and chromatin modifiers (DDB1, KMT5A) support the replication-chromatin assembly connection. The proteasome subunit PSMD3 may reflect quality control of replication factors.	cytoplasm_AGP_mean	PCNA	established			0.2282598316669464	0.0756	1.1214782044987934	0.0148103743672893	-0.016913693260477
4	DNA replication	High	This cluster shows exceptionally high confidence for DNA replication as the dominant pathway, with >75% of genes being established core components of the replication machinery (polymerases POLE/POLD3/POLA1, primase PRIM2, clamp loader RFC1, processivity factor PCNA, helicase CDC45, kinase CDC7, RPA complex, and replication checkpoint protein CLSPN). Four completely uncharacterized genes (ENSG00000285625, SMIM15, LOC107987372, FAM180A) represent high-priority discovery opportunities. Seven genes with established functions in other pathways show unexpected clustering with replication machinery, suggesting novel roles: CASP8AP2 (beyond histone transcription), ADIRF (adipogenesis factor), CHADL (chondrocyte regulator), CYB5D2 (neuronal differentiation), INSIG1 (cholesterol homeostasis), YLPM1 (telomerase regulation), and AGAP5 (putative GAP). The morphological phenotypes captured by cell painting likely reflect alterations in nuclear organization, chromatin structure, and cell cycle progression resulting from perturbed DNA replication. Histones (H2AC17, H2AC14, H2BC4) and chromatin modifiers (DDB1, KMT5A) support the replication-chromatin assembly connection. The proteasome subunit PSMD3 may reflect quality control of replication factors.	cytoplasm_AGP_mean	DNA2	established			0.2197016477584839	0.1328	0.8768019249680014	0.0149595787546025	-0.0165650752161233
4	DNA replication	High	This cluster shows exceptionally high confidence for DNA replication as the dominant pathway, with >75% of genes being established core components of the replication machinery (polymerases POLE/POLD3/POLA1, primase PRIM2, clamp loader RFC1, processivity factor PCNA, helicase CDC45, kinase CDC7, RPA complex, and replication checkpoint protein CLSPN). Four completely uncharacterized genes (ENSG00000285625, SMIM15, LOC107987372, FAM180A) represent high-priority discovery opportunities. Seven genes with established functions in other pathways show unexpected clustering with replication machinery, suggesting novel roles: CASP8AP2 (beyond histone transcription), ADIRF (adipogenesis factor), CHADL (chondrocyte regulator), CYB5D2 (neuronal differentiation), INSIG1 (cholesterol homeostasis), YLPM1 (telomerase regulation), and AGAP5 (putative GAP). The morphological phenotypes captured by cell painting likely reflect alterations in nuclear organization, chromatin structure, and cell cycle progression resulting from perturbed DNA replication. Histones (H2AC17, H2AC14, H2BC4) and chromatin modifiers (DDB1, KMT5A) support the replication-chromatin assembly connection. The proteasome subunit PSMD3 may reflect quality control of replication factors.	cytoplasm_AGP_mean	CLSPN	established			0.3121867477893829	0.044	1.3565473235138126	0.014071527937689	-0.0161174478584093
4	DNA replication	High	This cluster shows exceptionally high confidence for DNA replication as the dominant pathway, with >75% of genes being established core components of the replication machinery (polymerases POLE/POLD3/POLA1, primase PRIM2, clamp loader RFC1, processivity factor PCNA, helicase CDC45, kinase CDC7, RPA complex, and replication checkpoint protein CLSPN). Four completely uncharacterized genes (ENSG00000285625, SMIM15, LOC107987372, FAM180A) represent high-priority discovery opportunities. Seven genes with established functions in other pathways show unexpected clustering with replication machinery, suggesting novel roles: CASP8AP2 (beyond histone transcription), ADIRF (adipogenesis factor), CHADL (chondrocyte regulator), CYB5D2 (neuronal differentiation), INSIG1 (cholesterol homeostasis), YLPM1 (telomerase regulation), and AGAP5 (putative GAP). The morphological phenotypes captured by cell painting likely reflect alterations in nuclear organization, chromatin structure, and cell cycle progression resulting from perturbed DNA replication. Histones (H2AC17, H2AC14, H2BC4) and chromatin modifiers (DDB1, KMT5A) support the replication-chromatin assembly connection. The proteasome subunit PSMD3 may reflect quality control of replication factors.	cytoplasm_AGP_mean	RAD51	established			-0.1301924735307693	0.2749999999999999	0.5606673061697375	0.0130913377507684	-0.0141824232751974
4	DNA replication	High	This cluster shows exceptionally high confidence for DNA replication as the dominant pathway, with >75% of genes being established core components of the replication machinery (polymerases POLE/POLD3/POLA1, primase PRIM2, clamp loader RFC1, processivity factor PCNA, helicase CDC45, kinase CDC7, RPA complex, and replication checkpoint protein CLSPN). Four completely uncharacterized genes (ENSG00000285625, SMIM15, LOC107987372, FAM180A) represent high-priority discovery opportunities. Seven genes with established functions in other pathways show unexpected clustering with replication machinery, suggesting novel roles: CASP8AP2 (beyond histone transcription), ADIRF (adipogenesis factor), CHADL (chondrocyte regulator), CYB5D2 (neuronal differentiation), INSIG1 (cholesterol homeostasis), YLPM1 (telomerase regulation), and AGAP5 (putative GAP). The morphological phenotypes captured by cell painting likely reflect alterations in nuclear organization, chromatin structure, and cell cycle progression resulting from perturbed DNA replication. Histones (H2AC17, H2AC14, H2BC4) and chromatin modifiers (DDB1, KMT5A) support the replication-chromatin assembly connection. The proteasome subunit PSMD3 may reflect quality control of replication factors.	cytoplasm_AGP_mean	POLA1	established			0.0110533237457275	0.9358	0.028816959143838583	0.0153380365170626	-0.0171919618480314
4	DNA replication	High	This cluster shows exceptionally high confidence for DNA replication as the dominant pathway, with >75% of genes being established core components of the replication machinery (polymerases POLE/POLD3/POLA1, primase PRIM2, clamp loader RFC1, processivity factor PCNA, helicase CDC45, kinase CDC7, RPA complex, and replication checkpoint protein CLSPN). Four completely uncharacterized genes (ENSG00000285625, SMIM15, LOC107987372, FAM180A) represent high-priority discovery opportunities. Seven genes with established functions in other pathways show unexpected clustering with replication machinery, suggesting novel roles: CASP8AP2 (beyond histone transcription), ADIRF (adipogenesis factor), CHADL (chondrocyte regulator), CYB5D2 (neuronal differentiation), INSIG1 (cholesterol homeostasis), YLPM1 (telomerase regulation), and AGAP5 (putative GAP). The morphological phenotypes captured by cell painting likely reflect alterations in nuclear organization, chromatin structure, and cell cycle progression resulting from perturbed DNA replication. Histones (H2AC17, H2AC14, H2BC4) and chromatin modifiers (DDB1, KMT5A) support the replication-chromatin assembly connection. The proteasome subunit PSMD3 may reflect quality control of replication factors.	cytoplasm_AGP_mean	PRIM2	established			-0.0438909232616424	0.6404000000000001	0.19354867675273782	0.0141533415654988	-0.0142642858098256
4	DNA replication	High	This cluster shows exceptionally high confidence for DNA replication as the dominant pathway, with >75% of genes being established core components of the replication machinery (polymerases POLE/POLD3/POLA1, primase PRIM2, clamp loader RFC1, processivity factor PCNA, helicase CDC45, kinase CDC7, RPA complex, and replication checkpoint protein CLSPN). Four completely uncharacterized genes (ENSG00000285625, SMIM15, LOC107987372, FAM180A) represent high-priority discovery opportunities. Seven genes with established functions in other pathways show unexpected clustering with replication machinery, suggesting novel roles: CASP8AP2 (beyond histone transcription), ADIRF (adipogenesis factor), CHADL (chondrocyte regulator), CYB5D2 (neuronal differentiation), INSIG1 (cholesterol homeostasis), YLPM1 (telomerase regulation), and AGAP5 (putative GAP). The morphological phenotypes captured by cell painting likely reflect alterations in nuclear organization, chromatin structure, and cell cycle progression resulting from perturbed DNA replication. Histones (H2AC17, H2AC14, H2BC4) and chromatin modifiers (DDB1, KMT5A) support the replication-chromatin assembly connection. The proteasome subunit PSMD3 may reflect quality control of replication factors.	cytoplasm_AGP_mean	RRM1	established			0.0141007155179977	0.92	0.036212172654444715	0.0142389933881137	-0.0175440960118854
4	DNA replication	High	This cluster shows exceptionally high confidence for DNA replication as the dominant pathway, with >75% of genes being established core components of the replication machinery (polymerases POLE/POLD3/POLA1, primase PRIM2, clamp loader RFC1, processivity factor PCNA, helicase CDC45, kinase CDC7, RPA complex, and replication checkpoint protein CLSPN). Four completely uncharacterized genes (ENSG00000285625, SMIM15, LOC107987372, FAM180A) represent high-priority discovery opportunities. Seven genes with established functions in other pathways show unexpected clustering with replication machinery, suggesting novel roles: CASP8AP2 (beyond histone transcription), ADIRF (adipogenesis factor), CHADL (chondrocyte regulator), CYB5D2 (neuronal differentiation), INSIG1 (cholesterol homeostasis), YLPM1 (telomerase regulation), and AGAP5 (putative GAP). The morphological phenotypes captured by cell painting likely reflect alterations in nuclear organization, chromatin structure, and cell cycle progression resulting from perturbed DNA replication. Histones (H2AC17, H2AC14, H2BC4) and chromatin modifiers (DDB1, KMT5A) support the replication-chromatin assembly connection. The proteasome subunit PSMD3 may reflect quality control of replication factors.	cytoplasm_AGP_mean	MTBP	established			0.4179849028587341	0.0		0.0151003494361991	-0.0194049905430554
4	DNA replication	High	This cluster shows exceptionally high confidence for DNA replication as the dominant pathway, with >75% of genes being established core components of the replication machinery (polymerases POLE/POLD3/POLA1, primase PRIM2, clamp loader RFC1, processivity factor PCNA, helicase CDC45, kinase CDC7, RPA complex, and replication checkpoint protein CLSPN). Four completely uncharacterized genes (ENSG00000285625, SMIM15, LOC107987372, FAM180A) represent high-priority discovery opportunities. Seven genes with established functions in other pathways show unexpected clustering with replication machinery, suggesting novel roles: CASP8AP2 (beyond histone transcription), ADIRF (adipogenesis factor), CHADL (chondrocyte regulator), CYB5D2 (neuronal differentiation), INSIG1 (cholesterol homeostasis), YLPM1 (telomerase regulation), and AGAP5 (putative GAP). The morphological phenotypes captured by cell painting likely reflect alterations in nuclear organization, chromatin structure, and cell cycle progression resulting from perturbed DNA replication. Histones (H2AC17, H2AC14, H2BC4) and chromatin modifiers (DDB1, KMT5A) support the replication-chromatin assembly connection. The proteasome subunit PSMD3 may reflect quality control of replication factors.	cytoplasm_AGP_mean	MMS22L	established			0.2963185310363769	0.0034	2.468521082957745	0.0152968006750999	-0.0159109975167097
4	DNA replication	High	This cluster shows exceptionally high confidence for DNA replication as the dominant pathway, with >75% of genes being established core components of the replication machinery (polymerases POLE/POLD3/POLA1, primase PRIM2, clamp loader RFC1, processivity factor PCNA, helicase CDC45, kinase CDC7, RPA complex, and replication checkpoint protein CLSPN). Four completely uncharacterized genes (ENSG00000285625, SMIM15, LOC107987372, FAM180A) represent high-priority discovery opportunities. Seven genes with established functions in other pathways show unexpected clustering with replication machinery, suggesting novel roles: CASP8AP2 (beyond histone transcription), ADIRF (adipogenesis factor), CHADL (chondrocyte regulator), CYB5D2 (neuronal differentiation), INSIG1 (cholesterol homeostasis), YLPM1 (telomerase regulation), and AGAP5 (putative GAP). The morphological phenotypes captured by cell painting likely reflect alterations in nuclear organization, chromatin structure, and cell cycle progression resulting from perturbed DNA replication. Histones (H2AC17, H2AC14, H2BC4) and chromatin modifiers (DDB1, KMT5A) support the replication-chromatin assembly connection. The proteasome subunit PSMD3 may reflect quality control of replication factors.	cytoplasm_AGP_mean	AGAP5	novel	4.0	Putative GTPase-activating protein with minimal characterization. GTPases can regulate various cellular processes including replication, but the connection is speculative and requires validation.	-0.2215632498264312	0.088	1.0555173278498313	0.0121378264027938	-0.0114964274976452
4	DNA replication	High	This cluster shows exceptionally high confidence for DNA replication as the dominant pathway, with >75% of genes being established core components of the replication machinery (polymerases POLE/POLD3/POLA1, primase PRIM2, clamp loader RFC1, processivity factor PCNA, helicase CDC45, kinase CDC7, RPA complex, and replication checkpoint protein CLSPN). Four completely uncharacterized genes (ENSG00000285625, SMIM15, LOC107987372, FAM180A) represent high-priority discovery opportunities. Seven genes with established functions in other pathways show unexpected clustering with replication machinery, suggesting novel roles: CASP8AP2 (beyond histone transcription), ADIRF (adipogenesis factor), CHADL (chondrocyte regulator), CYB5D2 (neuronal differentiation), INSIG1 (cholesterol homeostasis), YLPM1 (telomerase regulation), and AGAP5 (putative GAP). The morphological phenotypes captured by cell painting likely reflect alterations in nuclear organization, chromatin structure, and cell cycle progression resulting from perturbed DNA replication. Histones (H2AC17, H2AC14, H2BC4) and chromatin modifiers (DDB1, KMT5A) support the replication-chromatin assembly connection. The proteasome subunit PSMD3 may reflect quality control of replication factors.	cytoplasm_AGP_mean	YLPM1	novel	5.0	Known for binding TERT core promoter and controlling telomerase down-regulation during differentiation. While telomeres are related to replication, the strong clustering suggests broader involvement in general replication processes beyond telomere-specific functions.	-0.0651502460241317	0.5468	0.26217149410421536	0.0124611433331822	0.0075703510618256
4	DNA replication	High	This cluster shows exceptionally high confidence for DNA replication as the dominant pathway, with >75% of genes being established core components of the replication machinery (polymerases POLE/POLD3/POLA1, primase PRIM2, clamp loader RFC1, processivity factor PCNA, helicase CDC45, kinase CDC7, RPA complex, and replication checkpoint protein CLSPN). Four completely uncharacterized genes (ENSG00000285625, SMIM15, LOC107987372, FAM180A) represent high-priority discovery opportunities. Seven genes with established functions in other pathways show unexpected clustering with replication machinery, suggesting novel roles: CASP8AP2 (beyond histone transcription), ADIRF (adipogenesis factor), CHADL (chondrocyte regulator), CYB5D2 (neuronal differentiation), INSIG1 (cholesterol homeostasis), YLPM1 (telomerase regulation), and AGAP5 (putative GAP). The morphological phenotypes captured by cell painting likely reflect alterations in nuclear organization, chromatin structure, and cell cycle progression resulting from perturbed DNA replication. Histones (H2AC17, H2AC14, H2BC4) and chromatin modifiers (DDB1, KMT5A) support the replication-chromatin assembly connection. The proteasome subunit PSMD3 may reflect quality control of replication factors.	cytoplasm_AGP_mean	CYB5D2	novel	6.0	Heme-binding protein promoting neuronal differentiation. Unexpected clustering with replication machinery suggests potential novel role in redox regulation during DNA synthesis or replication-associated metabolic processes.	0.010064048692584	0.969	0.013676222949234686	0.0058275724278552	-0.0124098426492618
4	DNA replication	High	This cluster shows exceptionally high confidence for DNA replication as the dominant pathway, with >75% of genes being established core components of the replication machinery (polymerases POLE/POLD3/POLA1, primase PRIM2, clamp loader RFC1, processivity factor PCNA, helicase CDC45, kinase CDC7, RPA complex, and replication checkpoint protein CLSPN). Four completely uncharacterized genes (ENSG00000285625, SMIM15, LOC107987372, FAM180A) represent high-priority discovery opportunities. Seven genes with established functions in other pathways show unexpected clustering with replication machinery, suggesting novel roles: CASP8AP2 (beyond histone transcription), ADIRF (adipogenesis factor), CHADL (chondrocyte regulator), CYB5D2 (neuronal differentiation), INSIG1 (cholesterol homeostasis), YLPM1 (telomerase regulation), and AGAP5 (putative GAP). The morphological phenotypes captured by cell painting likely reflect alterations in nuclear organization, chromatin structure, and cell cycle progression resulting from perturbed DNA replication. Histones (H2AC17, H2AC14, H2BC4) and chromatin modifiers (DDB1, KMT5A) support the replication-chromatin assembly connection. The proteasome subunit PSMD3 may reflect quality control of replication factors.	cytoplasm_AGP_mean	INSIG1	novel	6.0	Well-characterized in cholesterol homeostasis and SREBP regulation. Clustering with DNA replication genes suggests potential novel connection between lipid metabolism and replication fork dynamics, possibly through membrane organization at replication sites.	-0.0477776080369949	0.6144000000000001	0.2115487929765444	0.0119790908066285	-0.0105056461340465
4	DNA replication	High	This cluster shows exceptionally high confidence for DNA replication as the dominant pathway, with >75% of genes being established core components of the replication machinery (polymerases POLE/POLD3/POLA1, primase PRIM2, clamp loader RFC1, processivity factor PCNA, helicase CDC45, kinase CDC7, RPA complex, and replication checkpoint protein CLSPN). Four completely uncharacterized genes (ENSG00000285625, SMIM15, LOC107987372, FAM180A) represent high-priority discovery opportunities. Seven genes with established functions in other pathways show unexpected clustering with replication machinery, suggesting novel roles: CASP8AP2 (beyond histone transcription), ADIRF (adipogenesis factor), CHADL (chondrocyte regulator), CYB5D2 (neuronal differentiation), INSIG1 (cholesterol homeostasis), YLPM1 (telomerase regulation), and AGAP5 (putative GAP). The morphological phenotypes captured by cell painting likely reflect alterations in nuclear organization, chromatin structure, and cell cycle progression resulting from perturbed DNA replication. Histones (H2AC17, H2AC14, H2BC4) and chromatin modifiers (DDB1, KMT5A) support the replication-chromatin assembly connection. The proteasome subunit PSMD3 may reflect quality control of replication factors.	cytoplasm_AGP_mean	ADIRF	novel	7.0	Characterized as adipogenic differentiation factor with cisplatin resistance function. Clustering with DNA replication genes is unexpected and suggests potential novel role in replication stress response or DNA damage tolerance during replication.	-0.0964784920215606	0.3968	0.401428336517859	0.012588771235663	-0.0126113627622197
4	DNA replication	High	This cluster shows exceptionally high confidence for DNA replication as the dominant pathway, with >75% of genes being established core components of the replication machinery (polymerases POLE/POLD3/POLA1, primase PRIM2, clamp loader RFC1, processivity factor PCNA, helicase CDC45, kinase CDC7, RPA complex, and replication checkpoint protein CLSPN). Four completely uncharacterized genes (ENSG00000285625, SMIM15, LOC107987372, FAM180A) represent high-priority discovery opportunities. Seven genes with established functions in other pathways show unexpected clustering with replication machinery, suggesting novel roles: CASP8AP2 (beyond histone transcription), ADIRF (adipogenesis factor), CHADL (chondrocyte regulator), CYB5D2 (neuronal differentiation), INSIG1 (cholesterol homeostasis), YLPM1 (telomerase regulation), and AGAP5 (putative GAP). The morphological phenotypes captured by cell painting likely reflect alterations in nuclear organization, chromatin structure, and cell cycle progression resulting from perturbed DNA replication. Histones (H2AC17, H2AC14, H2BC4) and chromatin modifiers (DDB1, KMT5A) support the replication-chromatin assembly connection. The proteasome subunit PSMD3 may reflect quality control of replication factors.	cytoplasm_AGP_mean	CHADL	novel	7.0	Known as negative modulator of chondrocyte differentiation affecting collagen fibrillogenesis. Presence in DNA replication cluster is surprising and may indicate undiscovered role in chromatin organization during replication or cell cycle regulation.	0.1673939973115921	0.309	0.5100415205751654	0.0124752081145698	-0.0124159144549716
4	DNA replication	High	This cluster shows exceptionally high confidence for DNA replication as the dominant pathway, with >75% of genes being established core components of the replication machinery (polymerases POLE/POLD3/POLA1, primase PRIM2, clamp loader RFC1, processivity factor PCNA, helicase CDC45, kinase CDC7, RPA complex, and replication checkpoint protein CLSPN). Four completely uncharacterized genes (ENSG00000285625, SMIM15, LOC107987372, FAM180A) represent high-priority discovery opportunities. Seven genes with established functions in other pathways show unexpected clustering with replication machinery, suggesting novel roles: CASP8AP2 (beyond histone transcription), ADIRF (adipogenesis factor), CHADL (chondrocyte regulator), CYB5D2 (neuronal differentiation), INSIG1 (cholesterol homeostasis), YLPM1 (telomerase regulation), and AGAP5 (putative GAP). The morphological phenotypes captured by cell painting likely reflect alterations in nuclear organization, chromatin structure, and cell cycle progression resulting from perturbed DNA replication. Histones (H2AC17, H2AC14, H2BC4) and chromatin modifiers (DDB1, KMT5A) support the replication-chromatin assembly connection. The proteasome subunit PSMD3 may reflect quality control of replication factors.	cytoplasm_AGP_mean	CASP8AP2	novel	8.0	Known for TNF-alpha signaling and NF-kappa-B activation, but also required for histone gene transcription and S phase progression. The clustering with core replication machinery suggests a more direct role in DNA replication than previously appreciated, potentially beyond histone gene regulation.	0.0499824211001396	0.7204	0.14242629585250427	0.0135953406745792	-0.0123011739138017
4	DNA replication	High	This cluster shows exceptionally high confidence for DNA replication as the dominant pathway, with >75% of genes being established core components of the replication machinery (polymerases POLE/POLD3/POLA1, primase PRIM2, clamp loader RFC1, processivity factor PCNA, helicase CDC45, kinase CDC7, RPA complex, and replication checkpoint protein CLSPN). Four completely uncharacterized genes (ENSG00000285625, SMIM15, LOC107987372, FAM180A) represent high-priority discovery opportunities. Seven genes with established functions in other pathways show unexpected clustering with replication machinery, suggesting novel roles: CASP8AP2 (beyond histone transcription), ADIRF (adipogenesis factor), CHADL (chondrocyte regulator), CYB5D2 (neuronal differentiation), INSIG1 (cholesterol homeostasis), YLPM1 (telomerase regulation), and AGAP5 (putative GAP). The morphological phenotypes captured by cell painting likely reflect alterations in nuclear organization, chromatin structure, and cell cycle progression resulting from perturbed DNA replication. Histones (H2AC17, H2AC14, H2BC4) and chromatin modifiers (DDB1, KMT5A) support the replication-chromatin assembly connection. The proteasome subunit PSMD3 may reflect quality control of replication factors.	cytoplasm_AGP_mean	FAM180A	uncharacterized	8.0	Family with sequence similarity 180 member A with no characterized function. Presence in this highly coherent DNA replication cluster suggests involvement in replication fork dynamics or associated processes.	0.2398639172315597	0.0762	1.1180450286603996	0.0118124428127682	-0.0058737434255879
4	DNA replication	High	This cluster shows exceptionally high confidence for DNA replication as the dominant pathway, with >75% of genes being established core components of the replication machinery (polymerases POLE/POLD3/POLA1, primase PRIM2, clamp loader RFC1, processivity factor PCNA, helicase CDC45, kinase CDC7, RPA complex, and replication checkpoint protein CLSPN). Four completely uncharacterized genes (ENSG00000285625, SMIM15, LOC107987372, FAM180A) represent high-priority discovery opportunities. Seven genes with established functions in other pathways show unexpected clustering with replication machinery, suggesting novel roles: CASP8AP2 (beyond histone transcription), ADIRF (adipogenesis factor), CHADL (chondrocyte regulator), CYB5D2 (neuronal differentiation), INSIG1 (cholesterol homeostasis), YLPM1 (telomerase regulation), and AGAP5 (putative GAP). The morphological phenotypes captured by cell painting likely reflect alterations in nuclear organization, chromatin structure, and cell cycle progression resulting from perturbed DNA replication. Histones (H2AC17, H2AC14, H2BC4) and chromatin modifiers (DDB1, KMT5A) support the replication-chromatin assembly connection. The proteasome subunit PSMD3 may reflect quality control of replication factors.	cytoplasm_AGP_mean	SMIM15	uncharacterized	9.0	Small integral membrane protein with minimal functional characterization. Unexpected presence in DNA replication cluster suggests potential novel connection to replication machinery or replication-associated membrane dynamics.	0.0792492479085922	0.4848	0.3144373888417702	0.0102500904863337	-0.009318816483964
4	DNA replication	High	This cluster shows exceptionally high confidence for DNA replication as the dominant pathway, with >75% of genes being established core components of the replication machinery (polymerases POLE/POLD3/POLA1, primase PRIM2, clamp loader RFC1, processivity factor PCNA, helicase CDC45, kinase CDC7, RPA complex, and replication checkpoint protein CLSPN). Four completely uncharacterized genes (ENSG00000285625, SMIM15, LOC107987372, FAM180A) represent high-priority discovery opportunities. Seven genes with established functions in other pathways show unexpected clustering with replication machinery, suggesting novel roles: CASP8AP2 (beyond histone transcription), ADIRF (adipogenesis factor), CHADL (chondrocyte regulator), CYB5D2 (neuronal differentiation), INSIG1 (cholesterol homeostasis), YLPM1 (telomerase regulation), and AGAP5 (putative GAP). The morphological phenotypes captured by cell painting likely reflect alterations in nuclear organization, chromatin structure, and cell cycle progression resulting from perturbed DNA replication. Histones (H2AC17, H2AC14, H2BC4) and chromatin modifiers (DDB1, KMT5A) support the replication-chromatin assembly connection. The proteasome subunit PSMD3 may reflect quality control of replication factors.	cytoplasm_AGP_mean	LOC107987372	uncharacterized	9.0	Uncharacterized locus with no known function. Strong clustering with DNA replication genes indicates potential undiscovered role in genome maintenance or replication processes.	0.1443323791027069	0.2294	0.6394065864347511	0.0128717229673223	-0.0114769658390586
4	DNA replication	High	This cluster shows exceptionally high confidence for DNA replication as the dominant pathway, with >75% of genes being established core components of the replication machinery (polymerases POLE/POLD3/POLA1, primase PRIM2, clamp loader RFC1, processivity factor PCNA, helicase CDC45, kinase CDC7, RPA complex, and replication checkpoint protein CLSPN). Four completely uncharacterized genes (ENSG00000285625, SMIM15, LOC107987372, FAM180A) represent high-priority discovery opportunities. Seven genes with established functions in other pathways show unexpected clustering with replication machinery, suggesting novel roles: CASP8AP2 (beyond histone transcription), ADIRF (adipogenesis factor), CHADL (chondrocyte regulator), CYB5D2 (neuronal differentiation), INSIG1 (cholesterol homeostasis), YLPM1 (telomerase regulation), and AGAP5 (putative GAP). The morphological phenotypes captured by cell painting likely reflect alterations in nuclear organization, chromatin structure, and cell cycle progression resulting from perturbed DNA replication. Histones (H2AC17, H2AC14, H2BC4) and chromatin modifiers (DDB1, KMT5A) support the replication-chromatin assembly connection. The proteasome subunit PSMD3 may reflect quality control of replication factors.	cytoplasm_AGP_mean	ENSG00000285625	uncharacterized	10.0	Completely uncharacterized gene with no functional annotation. Clustering with core DNA replication machinery suggests potential novel role in replication or replication-associated processes. Highest priority for discovery.	0.1614040434360504	0.1528	0.8158766457603289	0.0115651425752073	-0.0119361387109532
5	Pre-mRNA splicing (spliceosome assembly and function)	High	Cluster 5 shows HIGH confidence for pre-mRNA splicing as the dominant pathway, with 18/31 genes (58%) being established core spliceosome components representing multiple subcomplexes (U2 snRNP SF3A/SF3B, U4/U6-U5 tri-snRNP, PRP19 complex, LSM proteins). Two completely uncharacterized genes (LOC102724594, ENSG00000289690) represent excellent discovery opportunities as potential novel splicing factors. The most compelling novel roles involve chromatin regulators (MBD6, ZNF335, CXXC1) clustering with splicing machinery, suggesting previously unrecognized coordination between epigenetic state and splice site selection. The morphological phenotypes observed in this OPS screen likely reflect disrupted splicing leading to altered protein isoform expression affecting cellular architecture, particularly given the importance of alternative splicing in cytoskeletal and organellar protein diversity.	nucleus_COX4_mean	SMNDC1	established			-0.3509702384471893	0.0318	1.4975728800155672	-7.049035808888406e-05	-0.0298344299264186
5	Pre-mRNA splicing (spliceosome assembly and function)	High	Cluster 5 shows HIGH confidence for pre-mRNA splicing as the dominant pathway, with 18/31 genes (58%) being established core spliceosome components representing multiple subcomplexes (U2 snRNP SF3A/SF3B, U4/U6-U5 tri-snRNP, PRP19 complex, LSM proteins). Two completely uncharacterized genes (LOC102724594, ENSG00000289690) represent excellent discovery opportunities as potential novel splicing factors. The most compelling novel roles involve chromatin regulators (MBD6, ZNF335, CXXC1) clustering with splicing machinery, suggesting previously unrecognized coordination between epigenetic state and splice site selection. The morphological phenotypes observed in this OPS screen likely reflect disrupted splicing leading to altered protein isoform expression affecting cellular architecture, particularly given the importance of alternative splicing in cytoskeletal and organellar protein diversity.	nucleus_COX4_mean	PHF5A	established			-0.6190981864929199	0.0		0.0020117984579901	-0.0321385768671164
5	Pre-mRNA splicing (spliceosome assembly and function)	High	Cluster 5 shows HIGH confidence for pre-mRNA splicing as the dominant pathway, with 18/31 genes (58%) being established core spliceosome components representing multiple subcomplexes (U2 snRNP SF3A/SF3B, U4/U6-U5 tri-snRNP, PRP19 complex, LSM proteins). Two completely uncharacterized genes (LOC102724594, ENSG00000289690) represent excellent discovery opportunities as potential novel splicing factors. The most compelling novel roles involve chromatin regulators (MBD6, ZNF335, CXXC1) clustering with splicing machinery, suggesting previously unrecognized coordination between epigenetic state and splice site selection. The morphological phenotypes observed in this OPS screen likely reflect disrupted splicing leading to altered protein isoform expression affecting cellular architecture, particularly given the importance of alternative splicing in cytoskeletal and organellar protein diversity.	nucleus_COX4_mean	PRPF4	established			-0.0824102833867073	0.3982000000000001	0.3998987443086091	0.0051013718526926	-0.0333200427916343
5	Pre-mRNA splicing (spliceosome assembly and function)	High	Cluster 5 shows HIGH confidence for pre-mRNA splicing as the dominant pathway, with 18/31 genes (58%) being established core spliceosome components representing multiple subcomplexes (U2 snRNP SF3A/SF3B, U4/U6-U5 tri-snRNP, PRP19 complex, LSM proteins). Two completely uncharacterized genes (LOC102724594, ENSG00000289690) represent excellent discovery opportunities as potential novel splicing factors. The most compelling novel roles involve chromatin regulators (MBD6, ZNF335, CXXC1) clustering with splicing machinery, suggesting previously unrecognized coordination between epigenetic state and splice site selection. The morphological phenotypes observed in this OPS screen likely reflect disrupted splicing leading to altered protein isoform expression affecting cellular architecture, particularly given the importance of alternative splicing in cytoskeletal and organellar protein diversity.	nucleus_COX4_mean	CWC22	established			-0.2389875799417495	0.0311999999999998	1.50584540598156	0.0015944865212366	-0.0387664752038965
5	Pre-mRNA splicing (spliceosome assembly and function)	High	Cluster 5 shows HIGH confidence for pre-mRNA splicing as the dominant pathway, with 18/31 genes (58%) being established core spliceosome components representing multiple subcomplexes (U2 snRNP SF3A/SF3B, U4/U6-U5 tri-snRNP, PRP19 complex, LSM proteins). Two completely uncharacterized genes (LOC102724594, ENSG00000289690) represent excellent discovery opportunities as potential novel splicing factors. The most compelling novel roles involve chromatin regulators (MBD6, ZNF335, CXXC1) clustering with splicing machinery, suggesting previously unrecognized coordination between epigenetic state and splice site selection. The morphological phenotypes observed in this OPS screen likely reflect disrupted splicing leading to altered protein isoform expression affecting cellular architecture, particularly given the importance of alternative splicing in cytoskeletal and organellar protein diversity.	nucleus_COX4_mean	U2AF2	established			-0.3233643174171448	0.004	2.3979400086720375	-7.187530636496226e-05	-0.0302503436156321
5	Pre-mRNA splicing (spliceosome assembly and function)	High	Cluster 5 shows HIGH confidence for pre-mRNA splicing as the dominant pathway, with 18/31 genes (58%) being established core spliceosome components representing multiple subcomplexes (U2 snRNP SF3A/SF3B, U4/U6-U5 tri-snRNP, PRP19 complex, LSM proteins). Two completely uncharacterized genes (LOC102724594, ENSG00000289690) represent excellent discovery opportunities as potential novel splicing factors. The most compelling novel roles involve chromatin regulators (MBD6, ZNF335, CXXC1) clustering with splicing machinery, suggesting previously unrecognized coordination between epigenetic state and splice site selection. The morphological phenotypes observed in this OPS screen likely reflect disrupted splicing leading to altered protein isoform expression affecting cellular architecture, particularly given the importance of alternative splicing in cytoskeletal and organellar protein diversity.	nucleus_COX4_mean	PRPF18	established			-0.3089214563369751	0.0047999999999999	2.3187587626244217	0.0039300504397965	-0.0250371575778459
5	Pre-mRNA splicing (spliceosome assembly and function)	High	Cluster 5 shows HIGH confidence for pre-mRNA splicing as the dominant pathway, with 18/31 genes (58%) being established core spliceosome components representing multiple subcomplexes (U2 snRNP SF3A/SF3B, U4/U6-U5 tri-snRNP, PRP19 complex, LSM proteins). Two completely uncharacterized genes (LOC102724594, ENSG00000289690) represent excellent discovery opportunities as potential novel splicing factors. The most compelling novel roles involve chromatin regulators (MBD6, ZNF335, CXXC1) clustering with splicing machinery, suggesting previously unrecognized coordination between epigenetic state and splice site selection. The morphological phenotypes observed in this OPS screen likely reflect disrupted splicing leading to altered protein isoform expression affecting cellular architecture, particularly given the importance of alternative splicing in cytoskeletal and organellar protein diversity.	nucleus_COX4_mean	SF3A2	established			0.0874442160129547	0.422	0.37468754903832613	0.002803789266289	-0.0334988140992264
5	Pre-mRNA splicing (spliceosome assembly and function)	High	Cluster 5 shows HIGH confidence for pre-mRNA splicing as the dominant pathway, with 18/31 genes (58%) being established core spliceosome components representing multiple subcomplexes (U2 snRNP SF3A/SF3B, U4/U6-U5 tri-snRNP, PRP19 complex, LSM proteins). Two completely uncharacterized genes (LOC102724594, ENSG00000289690) represent excellent discovery opportunities as potential novel splicing factors. The most compelling novel roles involve chromatin regulators (MBD6, ZNF335, CXXC1) clustering with splicing machinery, suggesting previously unrecognized coordination between epigenetic state and splice site selection. The morphological phenotypes observed in this OPS screen likely reflect disrupted splicing leading to altered protein isoform expression affecting cellular architecture, particularly given the importance of alternative splicing in cytoskeletal and organellar protein diversity.	nucleus_COX4_mean	CDC40	established			-0.013596661388874	0.9188	0.03677901347701156	0.0029816374125633	-0.0208770584374736
5	Pre-mRNA splicing (spliceosome assembly and function)	High	Cluster 5 shows HIGH confidence for pre-mRNA splicing as the dominant pathway, with 18/31 genes (58%) being established core spliceosome components representing multiple subcomplexes (U2 snRNP SF3A/SF3B, U4/U6-U5 tri-snRNP, PRP19 complex, LSM proteins). Two completely uncharacterized genes (LOC102724594, ENSG00000289690) represent excellent discovery opportunities as potential novel splicing factors. The most compelling novel roles involve chromatin regulators (MBD6, ZNF335, CXXC1) clustering with splicing machinery, suggesting previously unrecognized coordination between epigenetic state and splice site selection. The morphological phenotypes observed in this OPS screen likely reflect disrupted splicing leading to altered protein isoform expression affecting cellular architecture, particularly given the importance of alternative splicing in cytoskeletal and organellar protein diversity.	nucleus_COX4_mean	LSM3	established			-0.1819294393062591	0.1033999999999999	0.9854794612420767	0.0042403767604301	-0.0299594321781997
5	Pre-mRNA splicing (spliceosome assembly and function)	High	Cluster 5 shows HIGH confidence for pre-mRNA splicing as the dominant pathway, with 18/31 genes (58%) being established core spliceosome components representing multiple subcomplexes (U2 snRNP SF3A/SF3B, U4/U6-U5 tri-snRNP, PRP19 complex, LSM proteins). Two completely uncharacterized genes (LOC102724594, ENSG00000289690) represent excellent discovery opportunities as potential novel splicing factors. The most compelling novel roles involve chromatin regulators (MBD6, ZNF335, CXXC1) clustering with splicing machinery, suggesting previously unrecognized coordination between epigenetic state and splice site selection. The morphological phenotypes observed in this OPS screen likely reflect disrupted splicing leading to altered protein isoform expression affecting cellular architecture, particularly given the importance of alternative splicing in cytoskeletal and organellar protein diversity.	nucleus_COX4_mean	SF3B6	established			-0.3827686905860901	0.0025999999999999	2.5850266520291987	0.0043343352077474	-0.0325261768544346
5	Pre-mRNA splicing (spliceosome assembly and function)	High	Cluster 5 shows HIGH confidence for pre-mRNA splicing as the dominant pathway, with 18/31 genes (58%) being established core spliceosome components representing multiple subcomplexes (U2 snRNP SF3A/SF3B, U4/U6-U5 tri-snRNP, PRP19 complex, LSM proteins). Two completely uncharacterized genes (LOC102724594, ENSG00000289690) represent excellent discovery opportunities as potential novel splicing factors. The most compelling novel roles involve chromatin regulators (MBD6, ZNF335, CXXC1) clustering with splicing machinery, suggesting previously unrecognized coordination between epigenetic state and splice site selection. The morphological phenotypes observed in this OPS screen likely reflect disrupted splicing leading to altered protein isoform expression affecting cellular architecture, particularly given the importance of alternative splicing in cytoskeletal and organellar protein diversity.	nucleus_COX4_mean	PRPF19	established			-0.1663293689489364	0.1006	0.9974020192800914	0.0061178325119696	-0.032522260179918
5	Pre-mRNA splicing (spliceosome assembly and function)	High	Cluster 5 shows HIGH confidence for pre-mRNA splicing as the dominant pathway, with 18/31 genes (58%) being established core spliceosome components representing multiple subcomplexes (U2 snRNP SF3A/SF3B, U4/U6-U5 tri-snRNP, PRP19 complex, LSM proteins). Two completely uncharacterized genes (LOC102724594, ENSG00000289690) represent excellent discovery opportunities as potential novel splicing factors. The most compelling novel roles involve chromatin regulators (MBD6, ZNF335, CXXC1) clustering with splicing machinery, suggesting previously unrecognized coordination between epigenetic state and splice site selection. The morphological phenotypes observed in this OPS screen likely reflect disrupted splicing leading to altered protein isoform expression affecting cellular architecture, particularly given the importance of alternative splicing in cytoskeletal and organellar protein diversity.	nucleus_COX4_mean	SF3A3	established			-0.2283241152763366	0.0693999999999999	1.1586405295451456	0.0032578926021856	-0.0339768589934618
5	Pre-mRNA splicing (spliceosome assembly and function)	High	Cluster 5 shows HIGH confidence for pre-mRNA splicing as the dominant pathway, with 18/31 genes (58%) being established core spliceosome components representing multiple subcomplexes (U2 snRNP SF3A/SF3B, U4/U6-U5 tri-snRNP, PRP19 complex, LSM proteins). Two completely uncharacterized genes (LOC102724594, ENSG00000289690) represent excellent discovery opportunities as potential novel splicing factors. The most compelling novel roles involve chromatin regulators (MBD6, ZNF335, CXXC1) clustering with splicing machinery, suggesting previously unrecognized coordination between epigenetic state and splice site selection. The morphological phenotypes observed in this OPS screen likely reflect disrupted splicing leading to altered protein isoform expression affecting cellular architecture, particularly given the importance of alternative splicing in cytoskeletal and organellar protein diversity.	nucleus_COX4_mean	PLRG1	established			-0.1795244514942169	0.1597999999999999	0.7964232250220277	0.0038224734724344	-0.0359104642987827
5	Pre-mRNA splicing (spliceosome assembly and function)	High	Cluster 5 shows HIGH confidence for pre-mRNA splicing as the dominant pathway, with 18/31 genes (58%) being established core spliceosome components representing multiple subcomplexes (U2 snRNP SF3A/SF3B, U4/U6-U5 tri-snRNP, PRP19 complex, LSM proteins). Two completely uncharacterized genes (LOC102724594, ENSG00000289690) represent excellent discovery opportunities as potential novel splicing factors. The most compelling novel roles involve chromatin regulators (MBD6, ZNF335, CXXC1) clustering with splicing machinery, suggesting previously unrecognized coordination between epigenetic state and splice site selection. The morphological phenotypes observed in this OPS screen likely reflect disrupted splicing leading to altered protein isoform expression affecting cellular architecture, particularly given the importance of alternative splicing in cytoskeletal and organellar protein diversity.	nucleus_COX4_mean	SRSF2	established			-0.1416198760271072	0.189	0.7235381958267558	0.0078253538500741	-0.0225159262303547
5	Pre-mRNA splicing (spliceosome assembly and function)	High	Cluster 5 shows HIGH confidence for pre-mRNA splicing as the dominant pathway, with 18/31 genes (58%) being established core spliceosome components representing multiple subcomplexes (U2 snRNP SF3A/SF3B, U4/U6-U5 tri-snRNP, PRP19 complex, LSM proteins). Two completely uncharacterized genes (LOC102724594, ENSG00000289690) represent excellent discovery opportunities as potential novel splicing factors. The most compelling novel roles involve chromatin regulators (MBD6, ZNF335, CXXC1) clustering with splicing machinery, suggesting previously unrecognized coordination between epigenetic state and splice site selection. The morphological phenotypes observed in this OPS screen likely reflect disrupted splicing leading to altered protein isoform expression affecting cellular architecture, particularly given the importance of alternative splicing in cytoskeletal and organellar protein diversity.	nucleus_COX4_mean	EFTUD2	established			-0.5436294078826904	0.006	2.221848749616356	0.0062061206089326	-0.0164609657674337
5	Pre-mRNA splicing (spliceosome assembly and function)	High	Cluster 5 shows HIGH confidence for pre-mRNA splicing as the dominant pathway, with 18/31 genes (58%) being established core spliceosome components representing multiple subcomplexes (U2 snRNP SF3A/SF3B, U4/U6-U5 tri-snRNP, PRP19 complex, LSM proteins). Two completely uncharacterized genes (LOC102724594, ENSG00000289690) represent excellent discovery opportunities as potential novel splicing factors. The most compelling novel roles involve chromatin regulators (MBD6, ZNF335, CXXC1) clustering with splicing machinery, suggesting previously unrecognized coordination between epigenetic state and splice site selection. The morphological phenotypes observed in this OPS screen likely reflect disrupted splicing leading to altered protein isoform expression affecting cellular architecture, particularly given the importance of alternative splicing in cytoskeletal and organellar protein diversity.	nucleus_COX4_mean	ISY1	established			-0.1551204174757003	0.3602000000000001	0.4434562915164854	-0.002395554407956	-0.0400098714976926
5	Pre-mRNA splicing (spliceosome assembly and function)	High	Cluster 5 shows HIGH confidence for pre-mRNA splicing as the dominant pathway, with 18/31 genes (58%) being established core spliceosome components representing multiple subcomplexes (U2 snRNP SF3A/SF3B, U4/U6-U5 tri-snRNP, PRP19 complex, LSM proteins). Two completely uncharacterized genes (LOC102724594, ENSG00000289690) represent excellent discovery opportunities as potential novel splicing factors. The most compelling novel roles involve chromatin regulators (MBD6, ZNF335, CXXC1) clustering with splicing machinery, suggesting previously unrecognized coordination between epigenetic state and splice site selection. The morphological phenotypes observed in this OPS screen likely reflect disrupted splicing leading to altered protein isoform expression affecting cellular architecture, particularly given the importance of alternative splicing in cytoskeletal and organellar protein diversity.	nucleus_COX4_mean	LSM5	established			-0.271486222743988	0.0076	2.1191864077192086	0.0033547983123913	-0.03384053413689
5	Pre-mRNA splicing (spliceosome assembly and function)	High	Cluster 5 shows HIGH confidence for pre-mRNA splicing as the dominant pathway, with 18/31 genes (58%) being established core spliceosome components representing multiple subcomplexes (U2 snRNP SF3A/SF3B, U4/U6-U5 tri-snRNP, PRP19 complex, LSM proteins). Two completely uncharacterized genes (LOC102724594, ENSG00000289690) represent excellent discovery opportunities as potential novel splicing factors. The most compelling novel roles involve chromatin regulators (MBD6, ZNF335, CXXC1) clustering with splicing machinery, suggesting previously unrecognized coordination between epigenetic state and splice site selection. The morphological phenotypes observed in this OPS screen likely reflect disrupted splicing leading to altered protein isoform expression affecting cellular architecture, particularly given the importance of alternative splicing in cytoskeletal and organellar protein diversity.	nucleus_COX4_mean	SF3B1	established			-0.3570761084556579	0.0049999999999998	2.3010299956639986	0.0005009900866021	-0.0390138229521411
5	Pre-mRNA splicing (spliceosome assembly and function)	High	Cluster 5 shows HIGH confidence for pre-mRNA splicing as the dominant pathway, with 18/31 genes (58%) being established core spliceosome components representing multiple subcomplexes (U2 snRNP SF3A/SF3B, U4/U6-U5 tri-snRNP, PRP19 complex, LSM proteins). Two completely uncharacterized genes (LOC102724594, ENSG00000289690) represent excellent discovery opportunities as potential novel splicing factors. The most compelling novel roles involve chromatin regulators (MBD6, ZNF335, CXXC1) clustering with splicing machinery, suggesting previously unrecognized coordination between epigenetic state and splice site selection. The morphological phenotypes observed in this OPS screen likely reflect disrupted splicing leading to altered protein isoform expression affecting cellular architecture, particularly given the importance of alternative splicing in cytoskeletal and organellar protein diversity.	nucleus_COX4_mean	PSMD12	novel	2.0	26S proteasome component involved in protein degradation. While proteasome may regulate splicing factor turnover, this is a general protein homeostasis function. Connection is indirect and likely reflects quality control of splicing factors rather than direct splicing role.	-0.0217688456177711	0.8351999999999999	0.07820951434181309	0.0112159126460759	-0.0216217234439049
5	Pre-mRNA splicing (spliceosome assembly and function)	High	Cluster 5 shows HIGH confidence for pre-mRNA splicing as the dominant pathway, with 18/31 genes (58%) being established core spliceosome components representing multiple subcomplexes (U2 snRNP SF3A/SF3B, U4/U6-U5 tri-snRNP, PRP19 complex, LSM proteins). Two completely uncharacterized genes (LOC102724594, ENSG00000289690) represent excellent discovery opportunities as potential novel splicing factors. The most compelling novel roles involve chromatin regulators (MBD6, ZNF335, CXXC1) clustering with splicing machinery, suggesting previously unrecognized coordination between epigenetic state and splice site selection. The morphological phenotypes observed in this OPS screen likely reflect disrupted splicing leading to altered protein isoform expression affecting cellular architecture, particularly given the importance of alternative splicing in cytoskeletal and organellar protein diversity.	nucleus_COX4_mean	USPL1	novel	3.0	SUMO-specific isopeptidase with established role in snRNA transcription in Cajal bodies and binding to U snRNA genes. Already connected to snRNA biology and splicing machinery, making this association expected rather than novel.	-0.1858408153057098	0.1746000000000001	0.7579557606304489	0.0009617181415393	-0.0222969429337835
5	Pre-mRNA splicing (spliceosome assembly and function)	High	Cluster 5 shows HIGH confidence for pre-mRNA splicing as the dominant pathway, with 18/31 genes (58%) being established core spliceosome components representing multiple subcomplexes (U2 snRNP SF3A/SF3B, U4/U6-U5 tri-snRNP, PRP19 complex, LSM proteins). Two completely uncharacterized genes (LOC102724594, ENSG00000289690) represent excellent discovery opportunities as potential novel splicing factors. The most compelling novel roles involve chromatin regulators (MBD6, ZNF335, CXXC1) clustering with splicing machinery, suggesting previously unrecognized coordination between epigenetic state and splice site selection. The morphological phenotypes observed in this OPS screen likely reflect disrupted splicing leading to altered protein isoform expression affecting cellular architecture, particularly given the importance of alternative splicing in cytoskeletal and organellar protein diversity.	nucleus_COX4_mean	SAP30BP	novel	4.0	Involved in transcriptional repression through histone deacetylase activity. While no direct splicing role documented, connection between transcriptional repression and splicing is well-studied. Lower priority as the link is somewhat expected.	0.1217095255851745	0.3876	0.41161623162127225	0.000315812963327	-0.0146903889379217
5	Pre-mRNA splicing (spliceosome assembly and function)	High	Cluster 5 shows HIGH confidence for pre-mRNA splicing as the dominant pathway, with 18/31 genes (58%) being established core spliceosome components representing multiple subcomplexes (U2 snRNP SF3A/SF3B, U4/U6-U5 tri-snRNP, PRP19 complex, LSM proteins). Two completely uncharacterized genes (LOC102724594, ENSG00000289690) represent excellent discovery opportunities as potential novel splicing factors. The most compelling novel roles involve chromatin regulators (MBD6, ZNF335, CXXC1) clustering with splicing machinery, suggesting previously unrecognized coordination between epigenetic state and splice site selection. The morphological phenotypes observed in this OPS screen likely reflect disrupted splicing leading to altered protein isoform expression affecting cellular architecture, particularly given the importance of alternative splicing in cytoskeletal and organellar protein diversity.	nucleus_COX4_mean	KIN	novel	4.0	Involved in DNA replication, DNA damage response, and has documented RNA binding and potential mRNA processing roles. Connection to RNA processing is already suggested in literature, reducing novelty of splicing association.	-0.4436153769493103	0.0		0.0029974899057622	-0.0171747230866127
5	Pre-mRNA splicing (spliceosome assembly and function)	High	Cluster 5 shows HIGH confidence for pre-mRNA splicing as the dominant pathway, with 18/31 genes (58%) being established core spliceosome components representing multiple subcomplexes (U2 snRNP SF3A/SF3B, U4/U6-U5 tri-snRNP, PRP19 complex, LSM proteins). Two completely uncharacterized genes (LOC102724594, ENSG00000289690) represent excellent discovery opportunities as potential novel splicing factors. The most compelling novel roles involve chromatin regulators (MBD6, ZNF335, CXXC1) clustering with splicing machinery, suggesting previously unrecognized coordination between epigenetic state and splice site selection. The morphological phenotypes observed in this OPS screen likely reflect disrupted splicing leading to altered protein isoform expression affecting cellular architecture, particularly given the importance of alternative splicing in cytoskeletal and organellar protein diversity.	nucleus_COX4_mean	MEPCE	novel	5.0	Methyltransferase for 7SK snRNA involved in P-TEFb regulation and transcriptional elongation. Also stabilizes U6 snRNA. While U6 is a spliceosomal component, MEPCE's role in spliceosome function is already partially established through U6 stabilization, reducing novelty.	-0.482928067445755	0.0		0.0048298351444252	-0.0318500089656213
5	Pre-mRNA splicing (spliceosome assembly and function)	High	Cluster 5 shows HIGH confidence for pre-mRNA splicing as the dominant pathway, with 18/31 genes (58%) being established core spliceosome components representing multiple subcomplexes (U2 snRNP SF3A/SF3B, U4/U6-U5 tri-snRNP, PRP19 complex, LSM proteins). Two completely uncharacterized genes (LOC102724594, ENSG00000289690) represent excellent discovery opportunities as potential novel splicing factors. The most compelling novel roles involve chromatin regulators (MBD6, ZNF335, CXXC1) clustering with splicing machinery, suggesting previously unrecognized coordination between epigenetic state and splice site selection. The morphological phenotypes observed in this OPS screen likely reflect disrupted splicing leading to altered protein isoform expression affecting cellular architecture, particularly given the importance of alternative splicing in cytoskeletal and organellar protein diversity.	nucleus_COX4_mean	ECD	novel	5.0	Known regulator of p53 stability and cell cycle. Has documented role in pre-mRNA splicing regulation and mRNA nuclear export. Connection to splicing is already established in literature (PubMed:24722212), limiting novelty of this association.	-0.0472826212644577	0.6452	0.1903056412830761	0.0079613893978554	-0.0353114200827022
5	Pre-mRNA splicing (spliceosome assembly and function)	High	Cluster 5 shows HIGH confidence for pre-mRNA splicing as the dominant pathway, with 18/31 genes (58%) being established core spliceosome components representing multiple subcomplexes (U2 snRNP SF3A/SF3B, U4/U6-U5 tri-snRNP, PRP19 complex, LSM proteins). Two completely uncharacterized genes (LOC102724594, ENSG00000289690) represent excellent discovery opportunities as potential novel splicing factors. The most compelling novel roles involve chromatin regulators (MBD6, ZNF335, CXXC1) clustering with splicing machinery, suggesting previously unrecognized coordination between epigenetic state and splice site selection. The morphological phenotypes observed in this OPS screen likely reflect disrupted splicing leading to altered protein isoform expression affecting cellular architecture, particularly given the importance of alternative splicing in cytoskeletal and organellar protein diversity.	nucleus_COX4_mean	BRF2	novel	6.0	RNA polymerase III transcription factor for genes with upstream promoter elements. No established connection to pre-mRNA splicing (Pol II function). May indicate cross-talk between Pol III and Pol II transcription/splicing machinery or shared regulatory mechanisms.	-0.3992819786071777	0.0001999999999999	3.698970004336236	0.0021174532937078	-0.0338558236659846
5	Pre-mRNA splicing (spliceosome assembly and function)	High	Cluster 5 shows HIGH confidence for pre-mRNA splicing as the dominant pathway, with 18/31 genes (58%) being established core spliceosome components representing multiple subcomplexes (U2 snRNP SF3A/SF3B, U4/U6-U5 tri-snRNP, PRP19 complex, LSM proteins). Two completely uncharacterized genes (LOC102724594, ENSG00000289690) represent excellent discovery opportunities as potential novel splicing factors. The most compelling novel roles involve chromatin regulators (MBD6, ZNF335, CXXC1) clustering with splicing machinery, suggesting previously unrecognized coordination between epigenetic state and splice site selection. The morphological phenotypes observed in this OPS screen likely reflect disrupted splicing leading to altered protein isoform expression affecting cellular architecture, particularly given the importance of alternative splicing in cytoskeletal and organellar protein diversity.	nucleus_COX4_mean	ZNF335	novel	7.0	Known transcriptional regulator and component of histone methyltransferase complexes controlling neural progenitor proliferation. No documented splicing function. May represent novel link between transcriptional regulation and co-transcriptional splicing, particularly in neural development contexts.	-0.2045724391937255	0.0726	1.1390633792999063	-0.0030287364588531	-0.0311148162675063
5	Pre-mRNA splicing (spliceosome assembly and function)	High	Cluster 5 shows HIGH confidence for pre-mRNA splicing as the dominant pathway, with 18/31 genes (58%) being established core spliceosome components representing multiple subcomplexes (U2 snRNP SF3A/SF3B, U4/U6-U5 tri-snRNP, PRP19 complex, LSM proteins). Two completely uncharacterized genes (LOC102724594, ENSG00000289690) represent excellent discovery opportunities as potential novel splicing factors. The most compelling novel roles involve chromatin regulators (MBD6, ZNF335, CXXC1) clustering with splicing machinery, suggesting previously unrecognized coordination between epigenetic state and splice site selection. The morphological phenotypes observed in this OPS screen likely reflect disrupted splicing leading to altered protein isoform expression affecting cellular architecture, particularly given the importance of alternative splicing in cytoskeletal and organellar protein diversity.	nucleus_COX4_mean	CXXC1	novel	7.0	Characterized as transcriptional activator binding unmethylated CpG motifs. No known splicing role. Clustering suggests potential novel function in coupling DNA methylation status to splicing decisions or recruiting splicing machinery to specific genomic loci.	-0.1307684332132339	0.2954000000000001	0.5295895090240692	0.0022057506977811	-0.0227589892470368
5	Pre-mRNA splicing (spliceosome assembly and function)	High	Cluster 5 shows HIGH confidence for pre-mRNA splicing as the dominant pathway, with 18/31 genes (58%) being established core spliceosome components representing multiple subcomplexes (U2 snRNP SF3A/SF3B, U4/U6-U5 tri-snRNP, PRP19 complex, LSM proteins). Two completely uncharacterized genes (LOC102724594, ENSG00000289690) represent excellent discovery opportunities as potential novel splicing factors. The most compelling novel roles involve chromatin regulators (MBD6, ZNF335, CXXC1) clustering with splicing machinery, suggesting previously unrecognized coordination between epigenetic state and splice site selection. The morphological phenotypes observed in this OPS screen likely reflect disrupted splicing leading to altered protein isoform expression affecting cellular architecture, particularly given the importance of alternative splicing in cytoskeletal and organellar protein diversity.	nucleus_COX4_mean	MBD6	novel	8.0	Well-characterized as component of PR-DUB complex involved in histone H2A deubiquitination and chromatin regulation. No established role in splicing. Clustering with spliceosome components suggests novel connection between chromatin state and splicing regulation, potentially coordinating epigenetic marks with splice site selection.	0.0920722931623458	0.3734	0.42782568638694046	0.0071233999501686	-0.0215887563825574
5	Pre-mRNA splicing (spliceosome assembly and function)	High	Cluster 5 shows HIGH confidence for pre-mRNA splicing as the dominant pathway, with 18/31 genes (58%) being established core spliceosome components representing multiple subcomplexes (U2 snRNP SF3A/SF3B, U4/U6-U5 tri-snRNP, PRP19 complex, LSM proteins). Two completely uncharacterized genes (LOC102724594, ENSG00000289690) represent excellent discovery opportunities as potential novel splicing factors. The most compelling novel roles involve chromatin regulators (MBD6, ZNF335, CXXC1) clustering with splicing machinery, suggesting previously unrecognized coordination between epigenetic state and splice site selection. The morphological phenotypes observed in this OPS screen likely reflect disrupted splicing leading to altered protein isoform expression affecting cellular architecture, particularly given the importance of alternative splicing in cytoskeletal and organellar protein diversity.	nucleus_COX4_mean	FAM32A	uncharacterized	6.0	Limited characterization showing potential role in G2 arrest and apoptosis (1 publication). No known connection to splicing. Clustering suggests possible novel role in coordinating splicing with cell cycle regulation or stress response.	-0.2209696173667907	0.0786	1.1045774539605921	0.0022383470181644	-0.0151150465588667
5	Pre-mRNA splicing (spliceosome assembly and function)	High	Cluster 5 shows HIGH confidence for pre-mRNA splicing as the dominant pathway, with 18/31 genes (58%) being established core spliceosome components representing multiple subcomplexes (U2 snRNP SF3A/SF3B, U4/U6-U5 tri-snRNP, PRP19 complex, LSM proteins). Two completely uncharacterized genes (LOC102724594, ENSG00000289690) represent excellent discovery opportunities as potential novel splicing factors. The most compelling novel roles involve chromatin regulators (MBD6, ZNF335, CXXC1) clustering with splicing machinery, suggesting previously unrecognized coordination between epigenetic state and splice site selection. The morphological phenotypes observed in this OPS screen likely reflect disrupted splicing leading to altered protein isoform expression affecting cellular architecture, particularly given the importance of alternative splicing in cytoskeletal and organellar protein diversity.	nucleus_COX4_mean	LOC102724594	uncharacterized	9.0	Completely uncharacterized gene with no functional annotation. Clustering with core spliceosome components suggests potential role in splicing machinery or RNA processing. High discovery potential.	-0.3253349065780639	0.004	2.3979400086720375	0.0017933111152146	-0.0325120218833399
5	Pre-mRNA splicing (spliceosome assembly and function)	High	Cluster 5 shows HIGH confidence for pre-mRNA splicing as the dominant pathway, with 18/31 genes (58%) being established core spliceosome components representing multiple subcomplexes (U2 snRNP SF3A/SF3B, U4/U6-U5 tri-snRNP, PRP19 complex, LSM proteins). Two completely uncharacterized genes (LOC102724594, ENSG00000289690) represent excellent discovery opportunities as potential novel splicing factors. The most compelling novel roles involve chromatin regulators (MBD6, ZNF335, CXXC1) clustering with splicing machinery, suggesting previously unrecognized coordination between epigenetic state and splice site selection. The morphological phenotypes observed in this OPS screen likely reflect disrupted splicing leading to altered protein isoform expression affecting cellular architecture, particularly given the importance of alternative splicing in cytoskeletal and organellar protein diversity.	nucleus_COX4_mean	ENSG00000289690	uncharacterized	9.0	Uncharacterized gene with no functional information. Strong clustering with established splicing factors indicates likely involvement in pre-mRNA splicing or related RNA processing. Excellent candidate for novel splicing factor discovery.	-0.2340583205223083	0.0538	1.269217724333611	0.0094986231059116	-0.0210809689378017
6	Ubiquitin-proteasome system (UPS) and protein degradation	High	Cluster 6 shows HIGH confidence for the ubiquitin-proteasome system (UPS) pathway, with 68% (17/25) of genes being established proteasome components. The cluster contains 11 core 20S proteasome subunits (PSMA1/4/7, PSMB1/3/4/7), 6 regulatory 19S ATPase subunits (PSMC1-6), 2 non-ATPase regulatory subunits (PSMD2/7), and key neddylation machinery (NEDD8, NAE1) that regulates cullin-RING E3 ligases. Two completely uncharacterized genes (ENSG00000256206, ENSG00000256646) represent top discovery priorities. Most intriguing are SNRPE and SNRNP27 - established splicing factors with no known proteasome connection - suggesting novel crosstalk between mRNA processing and protein degradation. AKIRIN2's recent identification as a nuclear proteasome import factor validates the cluster and suggests additional undiscovered roles. The morphological phenotypes likely reflect disrupted protein homeostasis affecting multiple cellular structures (ER, mitochondria, cytoskeleton) when proteasome function is compromised.	cell_COX4_mean	PSMA1	established			-0.2654571831226349	0.0285999999999999	1.5436339668709584	0.0167828154891754	-0.038631355664013
6	Ubiquitin-proteasome system (UPS) and protein degradation	High	Cluster 6 shows HIGH confidence for the ubiquitin-proteasome system (UPS) pathway, with 68% (17/25) of genes being established proteasome components. The cluster contains 11 core 20S proteasome subunits (PSMA1/4/7, PSMB1/3/4/7), 6 regulatory 19S ATPase subunits (PSMC1-6), 2 non-ATPase regulatory subunits (PSMD2/7), and key neddylation machinery (NEDD8, NAE1) that regulates cullin-RING E3 ligases. Two completely uncharacterized genes (ENSG00000256206, ENSG00000256646) represent top discovery priorities. Most intriguing are SNRPE and SNRNP27 - established splicing factors with no known proteasome connection - suggesting novel crosstalk between mRNA processing and protein degradation. AKIRIN2's recent identification as a nuclear proteasome import factor validates the cluster and suggests additional undiscovered roles. The morphological phenotypes likely reflect disrupted protein homeostasis affecting multiple cellular structures (ER, mitochondria, cytoskeleton) when proteasome function is compromised.	cell_COX4_mean	PSMA4	established			-0.3739456832408905	0.0025999999999999	2.5850266520291987	0.0159916084707559	-0.0400645312648458
6	Ubiquitin-proteasome system (UPS) and protein degradation	High	Cluster 6 shows HIGH confidence for the ubiquitin-proteasome system (UPS) pathway, with 68% (17/25) of genes being established proteasome components. The cluster contains 11 core 20S proteasome subunits (PSMA1/4/7, PSMB1/3/4/7), 6 regulatory 19S ATPase subunits (PSMC1-6), 2 non-ATPase regulatory subunits (PSMD2/7), and key neddylation machinery (NEDD8, NAE1) that regulates cullin-RING E3 ligases. Two completely uncharacterized genes (ENSG00000256206, ENSG00000256646) represent top discovery priorities. Most intriguing are SNRPE and SNRNP27 - established splicing factors with no known proteasome connection - suggesting novel crosstalk between mRNA processing and protein degradation. AKIRIN2's recent identification as a nuclear proteasome import factor validates the cluster and suggests additional undiscovered roles. The morphological phenotypes likely reflect disrupted protein homeostasis affecting multiple cellular structures (ER, mitochondria, cytoskeleton) when proteasome function is compromised.	cell_COX4_mean	PSMA7	established			-0.224993884563446	0.084	1.0757207139381184	0.0165416285190529	-0.035286160861821
6	Ubiquitin-proteasome system (UPS) and protein degradation	High	Cluster 6 shows HIGH confidence for the ubiquitin-proteasome system (UPS) pathway, with 68% (17/25) of genes being established proteasome components. The cluster contains 11 core 20S proteasome subunits (PSMA1/4/7, PSMB1/3/4/7), 6 regulatory 19S ATPase subunits (PSMC1-6), 2 non-ATPase regulatory subunits (PSMD2/7), and key neddylation machinery (NEDD8, NAE1) that regulates cullin-RING E3 ligases. Two completely uncharacterized genes (ENSG00000256206, ENSG00000256646) represent top discovery priorities. Most intriguing are SNRPE and SNRNP27 - established splicing factors with no known proteasome connection - suggesting novel crosstalk between mRNA processing and protein degradation. AKIRIN2's recent identification as a nuclear proteasome import factor validates the cluster and suggests additional undiscovered roles. The morphological phenotypes likely reflect disrupted protein homeostasis affecting multiple cellular structures (ER, mitochondria, cytoskeleton) when proteasome function is compromised.	cell_COX4_mean	PSMB1	established			-0.3350024819374084	0.0058	2.2365720064370627	0.0169158621060354	-0.0377377986610658
6	Ubiquitin-proteasome system (UPS) and protein degradation	High	Cluster 6 shows HIGH confidence for the ubiquitin-proteasome system (UPS) pathway, with 68% (17/25) of genes being established proteasome components. The cluster contains 11 core 20S proteasome subunits (PSMA1/4/7, PSMB1/3/4/7), 6 regulatory 19S ATPase subunits (PSMC1-6), 2 non-ATPase regulatory subunits (PSMD2/7), and key neddylation machinery (NEDD8, NAE1) that regulates cullin-RING E3 ligases. Two completely uncharacterized genes (ENSG00000256206, ENSG00000256646) represent top discovery priorities. Most intriguing are SNRPE and SNRNP27 - established splicing factors with no known proteasome connection - suggesting novel crosstalk between mRNA processing and protein degradation. AKIRIN2's recent identification as a nuclear proteasome import factor validates the cluster and suggests additional undiscovered roles. The morphological phenotypes likely reflect disrupted protein homeostasis affecting multiple cellular structures (ER, mitochondria, cytoskeleton) when proteasome function is compromised.	cell_COX4_mean	PSMB3	established			-0.306171715259552	0.0225999999999999	1.645891560852601	0.018405465517469	-0.0363107649821605
6	Ubiquitin-proteasome system (UPS) and protein degradation	High	Cluster 6 shows HIGH confidence for the ubiquitin-proteasome system (UPS) pathway, with 68% (17/25) of genes being established proteasome components. The cluster contains 11 core 20S proteasome subunits (PSMA1/4/7, PSMB1/3/4/7), 6 regulatory 19S ATPase subunits (PSMC1-6), 2 non-ATPase regulatory subunits (PSMD2/7), and key neddylation machinery (NEDD8, NAE1) that regulates cullin-RING E3 ligases. Two completely uncharacterized genes (ENSG00000256206, ENSG00000256646) represent top discovery priorities. Most intriguing are SNRPE and SNRNP27 - established splicing factors with no known proteasome connection - suggesting novel crosstalk between mRNA processing and protein degradation. AKIRIN2's recent identification as a nuclear proteasome import factor validates the cluster and suggests additional undiscovered roles. The morphological phenotypes likely reflect disrupted protein homeostasis affecting multiple cellular structures (ER, mitochondria, cytoskeleton) when proteasome function is compromised.	cell_COX4_mean	PSMB4	established			-0.299394279718399	0.0216	1.665546248849069	0.0176526141478006	-0.0351540440235601
6	Ubiquitin-proteasome system (UPS) and protein degradation	High	Cluster 6 shows HIGH confidence for the ubiquitin-proteasome system (UPS) pathway, with 68% (17/25) of genes being established proteasome components. The cluster contains 11 core 20S proteasome subunits (PSMA1/4/7, PSMB1/3/4/7), 6 regulatory 19S ATPase subunits (PSMC1-6), 2 non-ATPase regulatory subunits (PSMD2/7), and key neddylation machinery (NEDD8, NAE1) that regulates cullin-RING E3 ligases. Two completely uncharacterized genes (ENSG00000256206, ENSG00000256646) represent top discovery priorities. Most intriguing are SNRPE and SNRNP27 - established splicing factors with no known proteasome connection - suggesting novel crosstalk between mRNA processing and protein degradation. AKIRIN2's recent identification as a nuclear proteasome import factor validates the cluster and suggests additional undiscovered roles. The morphological phenotypes likely reflect disrupted protein homeostasis affecting multiple cellular structures (ER, mitochondria, cytoskeleton) when proteasome function is compromised.	cell_COX4_mean	PSMB7	established			-0.0936420410871505	0.4204000000000001	0.3763372926437953	0.0182822521136706	-0.0388357349812734
6	Ubiquitin-proteasome system (UPS) and protein degradation	High	Cluster 6 shows HIGH confidence for the ubiquitin-proteasome system (UPS) pathway, with 68% (17/25) of genes being established proteasome components. The cluster contains 11 core 20S proteasome subunits (PSMA1/4/7, PSMB1/3/4/7), 6 regulatory 19S ATPase subunits (PSMC1-6), 2 non-ATPase regulatory subunits (PSMD2/7), and key neddylation machinery (NEDD8, NAE1) that regulates cullin-RING E3 ligases. Two completely uncharacterized genes (ENSG00000256206, ENSG00000256646) represent top discovery priorities. Most intriguing are SNRPE and SNRNP27 - established splicing factors with no known proteasome connection - suggesting novel crosstalk between mRNA processing and protein degradation. AKIRIN2's recent identification as a nuclear proteasome import factor validates the cluster and suggests additional undiscovered roles. The morphological phenotypes likely reflect disrupted protein homeostasis affecting multiple cellular structures (ER, mitochondria, cytoskeleton) when proteasome function is compromised.	cell_COX4_mean	PSMC1	established			-0.0469694808125495	0.7083999999999999	0.14972144748196292	0.0001932124196777	-0.0353997617923515
6	Ubiquitin-proteasome system (UPS) and protein degradation	High	Cluster 6 shows HIGH confidence for the ubiquitin-proteasome system (UPS) pathway, with 68% (17/25) of genes being established proteasome components. The cluster contains 11 core 20S proteasome subunits (PSMA1/4/7, PSMB1/3/4/7), 6 regulatory 19S ATPase subunits (PSMC1-6), 2 non-ATPase regulatory subunits (PSMD2/7), and key neddylation machinery (NEDD8, NAE1) that regulates cullin-RING E3 ligases. Two completely uncharacterized genes (ENSG00000256206, ENSG00000256646) represent top discovery priorities. Most intriguing are SNRPE and SNRNP27 - established splicing factors with no known proteasome connection - suggesting novel crosstalk between mRNA processing and protein degradation. AKIRIN2's recent identification as a nuclear proteasome import factor validates the cluster and suggests additional undiscovered roles. The morphological phenotypes likely reflect disrupted protein homeostasis affecting multiple cellular structures (ER, mitochondria, cytoskeleton) when proteasome function is compromised.	cell_COX4_mean	PSMC2	established			-0.231474682688713	0.0285999999999999	1.5436339668709584	0.011788451981877	-0.0390281727683605
6	Ubiquitin-proteasome system (UPS) and protein degradation	High	Cluster 6 shows HIGH confidence for the ubiquitin-proteasome system (UPS) pathway, with 68% (17/25) of genes being established proteasome components. The cluster contains 11 core 20S proteasome subunits (PSMA1/4/7, PSMB1/3/4/7), 6 regulatory 19S ATPase subunits (PSMC1-6), 2 non-ATPase regulatory subunits (PSMD2/7), and key neddylation machinery (NEDD8, NAE1) that regulates cullin-RING E3 ligases. Two completely uncharacterized genes (ENSG00000256206, ENSG00000256646) represent top discovery priorities. Most intriguing are SNRPE and SNRNP27 - established splicing factors with no known proteasome connection - suggesting novel crosstalk between mRNA processing and protein degradation. AKIRIN2's recent identification as a nuclear proteasome import factor validates the cluster and suggests additional undiscovered roles. The morphological phenotypes likely reflect disrupted protein homeostasis affecting multiple cellular structures (ER, mitochondria, cytoskeleton) when proteasome function is compromised.	cell_COX4_mean	PSMC3	established			-0.1474663913249969	0.3466	0.4601714416221018	0.0128874707480951	-0.039463653185311
6	Ubiquitin-proteasome system (UPS) and protein degradation	High	Cluster 6 shows HIGH confidence for the ubiquitin-proteasome system (UPS) pathway, with 68% (17/25) of genes being established proteasome components. The cluster contains 11 core 20S proteasome subunits (PSMA1/4/7, PSMB1/3/4/7), 6 regulatory 19S ATPase subunits (PSMC1-6), 2 non-ATPase regulatory subunits (PSMD2/7), and key neddylation machinery (NEDD8, NAE1) that regulates cullin-RING E3 ligases. Two completely uncharacterized genes (ENSG00000256206, ENSG00000256646) represent top discovery priorities. Most intriguing are SNRPE and SNRNP27 - established splicing factors with no known proteasome connection - suggesting novel crosstalk between mRNA processing and protein degradation. AKIRIN2's recent identification as a nuclear proteasome import factor validates the cluster and suggests additional undiscovered roles. The morphological phenotypes likely reflect disrupted protein homeostasis affecting multiple cellular structures (ER, mitochondria, cytoskeleton) when proteasome function is compromised.	cell_COX4_mean	PSMC4	established			-0.4584937989711761	0.0003999999999999	3.3979400086721463	0.010299967879849	-0.0381332929223385
6	Ubiquitin-proteasome system (UPS) and protein degradation	High	Cluster 6 shows HIGH confidence for the ubiquitin-proteasome system (UPS) pathway, with 68% (17/25) of genes being established proteasome components. The cluster contains 11 core 20S proteasome subunits (PSMA1/4/7, PSMB1/3/4/7), 6 regulatory 19S ATPase subunits (PSMC1-6), 2 non-ATPase regulatory subunits (PSMD2/7), and key neddylation machinery (NEDD8, NAE1) that regulates cullin-RING E3 ligases. Two completely uncharacterized genes (ENSG00000256206, ENSG00000256646) represent top discovery priorities. Most intriguing are SNRPE and SNRNP27 - established splicing factors with no known proteasome connection - suggesting novel crosstalk between mRNA processing and protein degradation. AKIRIN2's recent identification as a nuclear proteasome import factor validates the cluster and suggests additional undiscovered roles. The morphological phenotypes likely reflect disrupted protein homeostasis affecting multiple cellular structures (ER, mitochondria, cytoskeleton) when proteasome function is compromised.	cell_COX4_mean	PSMC5	established			-0.2876795530319214	0.0294	1.5316526695878427	0.0095920306282605	-0.0206312648871439
6	Ubiquitin-proteasome system (UPS) and protein degradation	High	Cluster 6 shows HIGH confidence for the ubiquitin-proteasome system (UPS) pathway, with 68% (17/25) of genes being established proteasome components. The cluster contains 11 core 20S proteasome subunits (PSMA1/4/7, PSMB1/3/4/7), 6 regulatory 19S ATPase subunits (PSMC1-6), 2 non-ATPase regulatory subunits (PSMD2/7), and key neddylation machinery (NEDD8, NAE1) that regulates cullin-RING E3 ligases. Two completely uncharacterized genes (ENSG00000256206, ENSG00000256646) represent top discovery priorities. Most intriguing are SNRPE and SNRNP27 - established splicing factors with no known proteasome connection - suggesting novel crosstalk between mRNA processing and protein degradation. AKIRIN2's recent identification as a nuclear proteasome import factor validates the cluster and suggests additional undiscovered roles. The morphological phenotypes likely reflect disrupted protein homeostasis affecting multiple cellular structures (ER, mitochondria, cytoskeleton) when proteasome function is compromised.	cell_COX4_mean	PSMC6	established			-0.2860965728759765	0.0709999999999999	1.1487416512809254	0.0100895860137774	-0.0328000102768957
6	Ubiquitin-proteasome system (UPS) and protein degradation	High	Cluster 6 shows HIGH confidence for the ubiquitin-proteasome system (UPS) pathway, with 68% (17/25) of genes being established proteasome components. The cluster contains 11 core 20S proteasome subunits (PSMA1/4/7, PSMB1/3/4/7), 6 regulatory 19S ATPase subunits (PSMC1-6), 2 non-ATPase regulatory subunits (PSMD2/7), and key neddylation machinery (NEDD8, NAE1) that regulates cullin-RING E3 ligases. Two completely uncharacterized genes (ENSG00000256206, ENSG00000256646) represent top discovery priorities. Most intriguing are SNRPE and SNRNP27 - established splicing factors with no known proteasome connection - suggesting novel crosstalk between mRNA processing and protein degradation. AKIRIN2's recent identification as a nuclear proteasome import factor validates the cluster and suggests additional undiscovered roles. The morphological phenotypes likely reflect disrupted protein homeostasis affecting multiple cellular structures (ER, mitochondria, cytoskeleton) when proteasome function is compromised.	cell_COX4_mean	PSMD2	established			-0.2005114704370498	0.2316	0.6352614449446015	0.0130402456061411	-0.0399874619053506
6	Ubiquitin-proteasome system (UPS) and protein degradation	High	Cluster 6 shows HIGH confidence for the ubiquitin-proteasome system (UPS) pathway, with 68% (17/25) of genes being established proteasome components. The cluster contains 11 core 20S proteasome subunits (PSMA1/4/7, PSMB1/3/4/7), 6 regulatory 19S ATPase subunits (PSMC1-6), 2 non-ATPase regulatory subunits (PSMD2/7), and key neddylation machinery (NEDD8, NAE1) that regulates cullin-RING E3 ligases. Two completely uncharacterized genes (ENSG00000256206, ENSG00000256646) represent top discovery priorities. Most intriguing are SNRPE and SNRNP27 - established splicing factors with no known proteasome connection - suggesting novel crosstalk between mRNA processing and protein degradation. AKIRIN2's recent identification as a nuclear proteasome import factor validates the cluster and suggests additional undiscovered roles. The morphological phenotypes likely reflect disrupted protein homeostasis affecting multiple cellular structures (ER, mitochondria, cytoskeleton) when proteasome function is compromised.	cell_COX4_mean	PSMD7	established			-0.133107453584671	0.3282	0.4838614232829256	0.0146041287476172	-0.0310024932923617
6	Ubiquitin-proteasome system (UPS) and protein degradation	High	Cluster 6 shows HIGH confidence for the ubiquitin-proteasome system (UPS) pathway, with 68% (17/25) of genes being established proteasome components. The cluster contains 11 core 20S proteasome subunits (PSMA1/4/7, PSMB1/3/4/7), 6 regulatory 19S ATPase subunits (PSMC1-6), 2 non-ATPase regulatory subunits (PSMD2/7), and key neddylation machinery (NEDD8, NAE1) that regulates cullin-RING E3 ligases. Two completely uncharacterized genes (ENSG00000256206, ENSG00000256646) represent top discovery priorities. Most intriguing are SNRPE and SNRNP27 - established splicing factors with no known proteasome connection - suggesting novel crosstalk between mRNA processing and protein degradation. AKIRIN2's recent identification as a nuclear proteasome import factor validates the cluster and suggests additional undiscovered roles. The morphological phenotypes likely reflect disrupted protein homeostasis affecting multiple cellular structures (ER, mitochondria, cytoskeleton) when proteasome function is compromised.	cell_COX4_mean	NEDD8	established			-0.0390428341925144	0.6926000000000001	0.1595175127865579	0.0117056059452349	-0.0253189863784018
6	Ubiquitin-proteasome system (UPS) and protein degradation	High	Cluster 6 shows HIGH confidence for the ubiquitin-proteasome system (UPS) pathway, with 68% (17/25) of genes being established proteasome components. The cluster contains 11 core 20S proteasome subunits (PSMA1/4/7, PSMB1/3/4/7), 6 regulatory 19S ATPase subunits (PSMC1-6), 2 non-ATPase regulatory subunits (PSMD2/7), and key neddylation machinery (NEDD8, NAE1) that regulates cullin-RING E3 ligases. Two completely uncharacterized genes (ENSG00000256206, ENSG00000256646) represent top discovery priorities. Most intriguing are SNRPE and SNRNP27 - established splicing factors with no known proteasome connection - suggesting novel crosstalk between mRNA processing and protein degradation. AKIRIN2's recent identification as a nuclear proteasome import factor validates the cluster and suggests additional undiscovered roles. The morphological phenotypes likely reflect disrupted protein homeostasis affecting multiple cellular structures (ER, mitochondria, cytoskeleton) when proteasome function is compromised.	cell_COX4_mean	NAE1	established			-0.1071419790387153	0.2889999999999999	0.5391021572434522	0.0066637819637103	-0.0189589485461589
6	Ubiquitin-proteasome system (UPS) and protein degradation	High	Cluster 6 shows HIGH confidence for the ubiquitin-proteasome system (UPS) pathway, with 68% (17/25) of genes being established proteasome components. The cluster contains 11 core 20S proteasome subunits (PSMA1/4/7, PSMB1/3/4/7), 6 regulatory 19S ATPase subunits (PSMC1-6), 2 non-ATPase regulatory subunits (PSMD2/7), and key neddylation machinery (NEDD8, NAE1) that regulates cullin-RING E3 ligases. Two completely uncharacterized genes (ENSG00000256206, ENSG00000256646) represent top discovery priorities. Most intriguing are SNRPE and SNRNP27 - established splicing factors with no known proteasome connection - suggesting novel crosstalk between mRNA processing and protein degradation. AKIRIN2's recent identification as a nuclear proteasome import factor validates the cluster and suggests additional undiscovered roles. The morphological phenotypes likely reflect disrupted protein homeostasis affecting multiple cellular structures (ER, mitochondria, cytoskeleton) when proteasome function is compromised.	cell_COX4_mean	FNBP4	novel	5.0	No functional annotation provided. Gene name suggests formin-binding protein function (typically cytoskeletal), making co-clustering with proteasome components unexpected. However, without additional context, priority is moderate pending literature review.	-0.0211033746600151	0.8160000000000001	0.08830984124613882	0.0104779863819107	-0.0205708099256794
6	Ubiquitin-proteasome system (UPS) and protein degradation	High	Cluster 6 shows HIGH confidence for the ubiquitin-proteasome system (UPS) pathway, with 68% (17/25) of genes being established proteasome components. The cluster contains 11 core 20S proteasome subunits (PSMA1/4/7, PSMB1/3/4/7), 6 regulatory 19S ATPase subunits (PSMC1-6), 2 non-ATPase regulatory subunits (PSMD2/7), and key neddylation machinery (NEDD8, NAE1) that regulates cullin-RING E3 ligases. Two completely uncharacterized genes (ENSG00000256206, ENSG00000256646) represent top discovery priorities. Most intriguing are SNRPE and SNRNP27 - established splicing factors with no known proteasome connection - suggesting novel crosstalk between mRNA processing and protein degradation. AKIRIN2's recent identification as a nuclear proteasome import factor validates the cluster and suggests additional undiscovered roles. The morphological phenotypes likely reflect disrupted protein homeostasis affecting multiple cellular structures (ER, mitochondria, cytoskeleton) when proteasome function is compromised.	cell_COX4_mean	FOXN3	novel	6.0	Transcriptional repressor involved in DNA damage-induced cell cycle checkpoints. May regulate expression of proteasome components or UPS pathway genes in response to cellular stress, though this connection is not established in literature.	0.0971421599388122	0.493	0.30715308072277	0.0092858766152878	-0.0199749153169958
6	Ubiquitin-proteasome system (UPS) and protein degradation	High	Cluster 6 shows HIGH confidence for the ubiquitin-proteasome system (UPS) pathway, with 68% (17/25) of genes being established proteasome components. The cluster contains 11 core 20S proteasome subunits (PSMA1/4/7, PSMB1/3/4/7), 6 regulatory 19S ATPase subunits (PSMC1-6), 2 non-ATPase regulatory subunits (PSMD2/7), and key neddylation machinery (NEDD8, NAE1) that regulates cullin-RING E3 ligases. Two completely uncharacterized genes (ENSG00000256206, ENSG00000256646) represent top discovery priorities. Most intriguing are SNRPE and SNRNP27 - established splicing factors with no known proteasome connection - suggesting novel crosstalk between mRNA processing and protein degradation. AKIRIN2's recent identification as a nuclear proteasome import factor validates the cluster and suggests additional undiscovered roles. The morphological phenotypes likely reflect disrupted protein homeostasis affecting multiple cellular structures (ER, mitochondria, cytoskeleton) when proteasome function is compromised.	cell_COX4_mean	SNRNP27	novel	7.0	Putative mRNA splicing factor with minimal characterization. Co-clustering with proteasome suggests potential novel link between splicing and protein degradation pathways, similar to SNRPE but with less established function overall.	-0.0820467546582222	0.3873999999999999	0.4118403836169081	0.0088162445530058	-0.0231501447349924
6	Ubiquitin-proteasome system (UPS) and protein degradation	High	Cluster 6 shows HIGH confidence for the ubiquitin-proteasome system (UPS) pathway, with 68% (17/25) of genes being established proteasome components. The cluster contains 11 core 20S proteasome subunits (PSMA1/4/7, PSMB1/3/4/7), 6 regulatory 19S ATPase subunits (PSMC1-6), 2 non-ATPase regulatory subunits (PSMD2/7), and key neddylation machinery (NEDD8, NAE1) that regulates cullin-RING E3 ligases. Two completely uncharacterized genes (ENSG00000256206, ENSG00000256646) represent top discovery priorities. Most intriguing are SNRPE and SNRNP27 - established splicing factors with no known proteasome connection - suggesting novel crosstalk between mRNA processing and protein degradation. AKIRIN2's recent identification as a nuclear proteasome import factor validates the cluster and suggests additional undiscovered roles. The morphological phenotypes likely reflect disrupted protein homeostasis affecting multiple cellular structures (ER, mitochondria, cytoskeleton) when proteasome function is compromised.	cell_COX4_mean	SNRPE	novel	8.0	Well-characterized spliceosomal component with no established connection to proteasome function. Co-clustering is surprising and suggests potential novel crosstalk between splicing machinery and UPS. Could indicate proteasome-mediated regulation of splicing factors or splicing-dependent regulation of proteasome components.	-0.3390781581401825	0.0345999999999999	1.4609239012072246	0.0112617916177347	-0.026878110660177
6	Ubiquitin-proteasome system (UPS) and protein degradation	High	Cluster 6 shows HIGH confidence for the ubiquitin-proteasome system (UPS) pathway, with 68% (17/25) of genes being established proteasome components. The cluster contains 11 core 20S proteasome subunits (PSMA1/4/7, PSMB1/3/4/7), 6 regulatory 19S ATPase subunits (PSMC1-6), 2 non-ATPase regulatory subunits (PSMD2/7), and key neddylation machinery (NEDD8, NAE1) that regulates cullin-RING E3 ligases. Two completely uncharacterized genes (ENSG00000256206, ENSG00000256646) represent top discovery priorities. Most intriguing are SNRPE and SNRNP27 - established splicing factors with no known proteasome connection - suggesting novel crosstalk between mRNA processing and protein degradation. AKIRIN2's recent identification as a nuclear proteasome import factor validates the cluster and suggests additional undiscovered roles. The morphological phenotypes likely reflect disrupted protein homeostasis affecting multiple cellular structures (ER, mitochondria, cytoskeleton) when proteasome function is compromised.	cell_COX4_mean	AKIRIN2	novel	9.0	Recently discovered to bridge proteasomes and nuclear import receptor IPO9, mediating nuclear proteasome import. While this function is now established (2021 publication), its co-clustering with proteasome components validates this role and suggests it may have additional undiscovered functions in proteasome regulation or assembly that merit investigation.	-0.5031642913818359	0.0054	2.2676062401770314	0.0198414553558197	-0.0442838500630826
6	Ubiquitin-proteasome system (UPS) and protein degradation	High	Cluster 6 shows HIGH confidence for the ubiquitin-proteasome system (UPS) pathway, with 68% (17/25) of genes being established proteasome components. The cluster contains 11 core 20S proteasome subunits (PSMA1/4/7, PSMB1/3/4/7), 6 regulatory 19S ATPase subunits (PSMC1-6), 2 non-ATPase regulatory subunits (PSMD2/7), and key neddylation machinery (NEDD8, NAE1) that regulates cullin-RING E3 ligases. Two completely uncharacterized genes (ENSG00000256206, ENSG00000256646) represent top discovery priorities. Most intriguing are SNRPE and SNRNP27 - established splicing factors with no known proteasome connection - suggesting novel crosstalk between mRNA processing and protein degradation. AKIRIN2's recent identification as a nuclear proteasome import factor validates the cluster and suggests additional undiscovered roles. The morphological phenotypes likely reflect disrupted protein homeostasis affecting multiple cellular structures (ER, mitochondria, cytoskeleton) when proteasome function is compromised.	cell_COX4_mean	NEDD8-MDP1	uncharacterized	7.0	Gene name suggests NEDD8-related function but lacks functional annotation in provided data. Given NEDD8's established role in neddylation and cullin regulation within UPS, this gene may represent an understudied component of the neddylation machinery.	-0.1060410887002945	0.3802000000000001	0.4199878874705756	0.0123809592358647	-0.0326412511773203
6	Ubiquitin-proteasome system (UPS) and protein degradation	High	Cluster 6 shows HIGH confidence for the ubiquitin-proteasome system (UPS) pathway, with 68% (17/25) of genes being established proteasome components. The cluster contains 11 core 20S proteasome subunits (PSMA1/4/7, PSMB1/3/4/7), 6 regulatory 19S ATPase subunits (PSMC1-6), 2 non-ATPase regulatory subunits (PSMD2/7), and key neddylation machinery (NEDD8, NAE1) that regulates cullin-RING E3 ligases. Two completely uncharacterized genes (ENSG00000256206, ENSG00000256646) represent top discovery priorities. Most intriguing are SNRPE and SNRNP27 - established splicing factors with no known proteasome connection - suggesting novel crosstalk between mRNA processing and protein degradation. AKIRIN2's recent identification as a nuclear proteasome import factor validates the cluster and suggests additional undiscovered roles. The morphological phenotypes likely reflect disrupted protein homeostasis affecting multiple cellular structures (ER, mitochondria, cytoskeleton) when proteasome function is compromised.	cell_COX4_mean	ENSG00000256206	uncharacterized	9.0	Completely uncharacterized gene with no functional annotation. Clusters with core proteasome components, suggesting potential role in protein degradation or proteasome assembly/regulation. High discovery potential given complete lack of characterization.	-0.2797568142414093	0.0225999999999999	1.645891560852601	0.0187593153441237	-0.0401188585074174
6	Ubiquitin-proteasome system (UPS) and protein degradation	High	Cluster 6 shows HIGH confidence for the ubiquitin-proteasome system (UPS) pathway, with 68% (17/25) of genes being established proteasome components. The cluster contains 11 core 20S proteasome subunits (PSMA1/4/7, PSMB1/3/4/7), 6 regulatory 19S ATPase subunits (PSMC1-6), 2 non-ATPase regulatory subunits (PSMD2/7), and key neddylation machinery (NEDD8, NAE1) that regulates cullin-RING E3 ligases. Two completely uncharacterized genes (ENSG00000256206, ENSG00000256646) represent top discovery priorities. Most intriguing are SNRPE and SNRNP27 - established splicing factors with no known proteasome connection - suggesting novel crosstalk between mRNA processing and protein degradation. AKIRIN2's recent identification as a nuclear proteasome import factor validates the cluster and suggests additional undiscovered roles. The morphological phenotypes likely reflect disrupted protein homeostasis affecting multiple cellular structures (ER, mitochondria, cytoskeleton) when proteasome function is compromised.	cell_COX4_mean	ENSG00000256646	uncharacterized	9.0	Completely uncharacterized gene with no functional annotation. Co-clustering with proteasome machinery suggests involvement in UPS pathway. Represents high-priority target for novel proteasome-associated factor discovery.	-0.6468837261199951	0.0		0.0160663776805069	-0.0417320275769443
7	Translation initiation and termination	High	Cluster 7 shows HIGH confidence for translation initiation and termination as the dominant pathway. 16/23 genes (~70%) are established components of translation machinery, including the eIF2 complex (EIF2S1/2/3, EIF2B2/4/5), translation factors (EIF4E, EEF1A1, GSPT1, ETF1), aminoacyl-tRNA synthetases (LARS1, VARS1, SARS1), ribosomal protein RPL12, translation regulator PPP1R15B, and ER chaperone HSPA5 which regulates translation through UPR. The morphological phenotypes likely reflect ER stress and ribosome/translation apparatus organization. Seven genes represent potential novel connections: PRELID1 and PHB2 (mitochondrial proteins) may coordinate translation with mitochondrial function; SBNO1 may link growth signaling to translation; GDF11 may regulate translation during differentiation; GALNT6 may modify translation factors; HNRNPC and NUTF2 have indirect but known connections. PRELID1, PHB2, and SBNO1 are prioritized highest as their clustering with core translation machinery is most unexpected and could reveal novel regulatory mechanisms.	cytoplasm_COX4_mean	EIF2B5	established			-0.5795912742614746	0.0		-0.056677388737021	-0.0350432848472706
7	Translation initiation and termination	High	Cluster 7 shows HIGH confidence for translation initiation and termination as the dominant pathway. 16/23 genes (~70%) are established components of translation machinery, including the eIF2 complex (EIF2S1/2/3, EIF2B2/4/5), translation factors (EIF4E, EEF1A1, GSPT1, ETF1), aminoacyl-tRNA synthetases (LARS1, VARS1, SARS1), ribosomal protein RPL12, translation regulator PPP1R15B, and ER chaperone HSPA5 which regulates translation through UPR. The morphological phenotypes likely reflect ER stress and ribosome/translation apparatus organization. Seven genes represent potential novel connections: PRELID1 and PHB2 (mitochondrial proteins) may coordinate translation with mitochondrial function; SBNO1 may link growth signaling to translation; GDF11 may regulate translation during differentiation; GALNT6 may modify translation factors; HNRNPC and NUTF2 have indirect but known connections. PRELID1, PHB2, and SBNO1 are prioritized highest as their clustering with core translation machinery is most unexpected and could reveal novel regulatory mechanisms.	cytoplasm_COX4_mean	EIF2B4	established			-0.6141728162765503	0.0		-0.0636489666455976	-0.0345820614789867
7	Translation initiation and termination	High	Cluster 7 shows HIGH confidence for translation initiation and termination as the dominant pathway. 16/23 genes (~70%) are established components of translation machinery, including the eIF2 complex (EIF2S1/2/3, EIF2B2/4/5), translation factors (EIF4E, EEF1A1, GSPT1, ETF1), aminoacyl-tRNA synthetases (LARS1, VARS1, SARS1), ribosomal protein RPL12, translation regulator PPP1R15B, and ER chaperone HSPA5 which regulates translation through UPR. The morphological phenotypes likely reflect ER stress and ribosome/translation apparatus organization. Seven genes represent potential novel connections: PRELID1 and PHB2 (mitochondrial proteins) may coordinate translation with mitochondrial function; SBNO1 may link growth signaling to translation; GDF11 may regulate translation during differentiation; GALNT6 may modify translation factors; HNRNPC and NUTF2 have indirect but known connections. PRELID1, PHB2, and SBNO1 are prioritized highest as their clustering with core translation machinery is most unexpected and could reveal novel regulatory mechanisms.	cytoplasm_COX4_mean	EIF2B2	established			-0.3630836308002472	0.0012	2.9208187539523753	-0.0625540294370778	-0.0320343687254633
7	Translation initiation and termination	High	Cluster 7 shows HIGH confidence for translation initiation and termination as the dominant pathway. 16/23 genes (~70%) are established components of translation machinery, including the eIF2 complex (EIF2S1/2/3, EIF2B2/4/5), translation factors (EIF4E, EEF1A1, GSPT1, ETF1), aminoacyl-tRNA synthetases (LARS1, VARS1, SARS1), ribosomal protein RPL12, translation regulator PPP1R15B, and ER chaperone HSPA5 which regulates translation through UPR. The morphological phenotypes likely reflect ER stress and ribosome/translation apparatus organization. Seven genes represent potential novel connections: PRELID1 and PHB2 (mitochondrial proteins) may coordinate translation with mitochondrial function; SBNO1 may link growth signaling to translation; GDF11 may regulate translation during differentiation; GALNT6 may modify translation factors; HNRNPC and NUTF2 have indirect but known connections. PRELID1, PHB2, and SBNO1 are prioritized highest as their clustering with core translation machinery is most unexpected and could reveal novel regulatory mechanisms.	cytoplasm_COX4_mean	EIF2S1	established			-0.5952388048171997	0.0		-0.0758259120989375	-0.0293411560237589
7	Translation initiation and termination	High	Cluster 7 shows HIGH confidence for translation initiation and termination as the dominant pathway. 16/23 genes (~70%) are established components of translation machinery, including the eIF2 complex (EIF2S1/2/3, EIF2B2/4/5), translation factors (EIF4E, EEF1A1, GSPT1, ETF1), aminoacyl-tRNA synthetases (LARS1, VARS1, SARS1), ribosomal protein RPL12, translation regulator PPP1R15B, and ER chaperone HSPA5 which regulates translation through UPR. The morphological phenotypes likely reflect ER stress and ribosome/translation apparatus organization. Seven genes represent potential novel connections: PRELID1 and PHB2 (mitochondrial proteins) may coordinate translation with mitochondrial function; SBNO1 may link growth signaling to translation; GDF11 may regulate translation during differentiation; GALNT6 may modify translation factors; HNRNPC and NUTF2 have indirect but known connections. PRELID1, PHB2, and SBNO1 are prioritized highest as their clustering with core translation machinery is most unexpected and could reveal novel regulatory mechanisms.	cytoplasm_COX4_mean	EIF2S2	established			-0.1556286215782165	0.2076	0.6827726508235797	-0.0504806434901255	-0.0361673375301934
7	Translation initiation and termination	High	Cluster 7 shows HIGH confidence for translation initiation and termination as the dominant pathway. 16/23 genes (~70%) are established components of translation machinery, including the eIF2 complex (EIF2S1/2/3, EIF2B2/4/5), translation factors (EIF4E, EEF1A1, GSPT1, ETF1), aminoacyl-tRNA synthetases (LARS1, VARS1, SARS1), ribosomal protein RPL12, translation regulator PPP1R15B, and ER chaperone HSPA5 which regulates translation through UPR. The morphological phenotypes likely reflect ER stress and ribosome/translation apparatus organization. Seven genes represent potential novel connections: PRELID1 and PHB2 (mitochondrial proteins) may coordinate translation with mitochondrial function; SBNO1 may link growth signaling to translation; GDF11 may regulate translation during differentiation; GALNT6 may modify translation factors; HNRNPC and NUTF2 have indirect but known connections. PRELID1, PHB2, and SBNO1 are prioritized highest as their clustering with core translation machinery is most unexpected and could reveal novel regulatory mechanisms.	cytoplasm_COX4_mean	EIF2S3	established			-0.3798782229423523	0.0007999999999999	3.096910013008111	-0.0638149226763966	-0.0351363804473193
7	Translation initiation and termination	High	Cluster 7 shows HIGH confidence for translation initiation and termination as the dominant pathway. 16/23 genes (~70%) are established components of translation machinery, including the eIF2 complex (EIF2S1/2/3, EIF2B2/4/5), translation factors (EIF4E, EEF1A1, GSPT1, ETF1), aminoacyl-tRNA synthetases (LARS1, VARS1, SARS1), ribosomal protein RPL12, translation regulator PPP1R15B, and ER chaperone HSPA5 which regulates translation through UPR. The morphological phenotypes likely reflect ER stress and ribosome/translation apparatus organization. Seven genes represent potential novel connections: PRELID1 and PHB2 (mitochondrial proteins) may coordinate translation with mitochondrial function; SBNO1 may link growth signaling to translation; GDF11 may regulate translation during differentiation; GALNT6 may modify translation factors; HNRNPC and NUTF2 have indirect but known connections. PRELID1, PHB2, and SBNO1 are prioritized highest as their clustering with core translation machinery is most unexpected and could reveal novel regulatory mechanisms.	cytoplasm_COX4_mean	EIF4E	established			-0.6277533769607544	0.0		-0.060083126110895	-0.0152910752494124
7	Translation initiation and termination	High	Cluster 7 shows HIGH confidence for translation initiation and termination as the dominant pathway. 16/23 genes (~70%) are established components of translation machinery, including the eIF2 complex (EIF2S1/2/3, EIF2B2/4/5), translation factors (EIF4E, EEF1A1, GSPT1, ETF1), aminoacyl-tRNA synthetases (LARS1, VARS1, SARS1), ribosomal protein RPL12, translation regulator PPP1R15B, and ER chaperone HSPA5 which regulates translation through UPR. The morphological phenotypes likely reflect ER stress and ribosome/translation apparatus organization. Seven genes represent potential novel connections: PRELID1 and PHB2 (mitochondrial proteins) may coordinate translation with mitochondrial function; SBNO1 may link growth signaling to translation; GDF11 may regulate translation during differentiation; GALNT6 may modify translation factors; HNRNPC and NUTF2 have indirect but known connections. PRELID1, PHB2, and SBNO1 are prioritized highest as their clustering with core translation machinery is most unexpected and could reveal novel regulatory mechanisms.	cytoplasm_COX4_mean	GSPT1	established			-0.3787983655929565	0.0018	2.744727494896694	-0.0532786649526033	-0.0280111753236449
7	Translation initiation and termination	High	Cluster 7 shows HIGH confidence for translation initiation and termination as the dominant pathway. 16/23 genes (~70%) are established components of translation machinery, including the eIF2 complex (EIF2S1/2/3, EIF2B2/4/5), translation factors (EIF4E, EEF1A1, GSPT1, ETF1), aminoacyl-tRNA synthetases (LARS1, VARS1, SARS1), ribosomal protein RPL12, translation regulator PPP1R15B, and ER chaperone HSPA5 which regulates translation through UPR. The morphological phenotypes likely reflect ER stress and ribosome/translation apparatus organization. Seven genes represent potential novel connections: PRELID1 and PHB2 (mitochondrial proteins) may coordinate translation with mitochondrial function; SBNO1 may link growth signaling to translation; GDF11 may regulate translation during differentiation; GALNT6 may modify translation factors; HNRNPC and NUTF2 have indirect but known connections. PRELID1, PHB2, and SBNO1 are prioritized highest as their clustering with core translation machinery is most unexpected and could reveal novel regulatory mechanisms.	cytoplasm_COX4_mean	ETF1	established			-0.5248232483863831	0.0001999999999999	3.698970004336236	-0.0362890055294429	-0.026136443348111
7	Translation initiation and termination	High	Cluster 7 shows HIGH confidence for translation initiation and termination as the dominant pathway. 16/23 genes (~70%) are established components of translation machinery, including the eIF2 complex (EIF2S1/2/3, EIF2B2/4/5), translation factors (EIF4E, EEF1A1, GSPT1, ETF1), aminoacyl-tRNA synthetases (LARS1, VARS1, SARS1), ribosomal protein RPL12, translation regulator PPP1R15B, and ER chaperone HSPA5 which regulates translation through UPR. The morphological phenotypes likely reflect ER stress and ribosome/translation apparatus organization. Seven genes represent potential novel connections: PRELID1 and PHB2 (mitochondrial proteins) may coordinate translation with mitochondrial function; SBNO1 may link growth signaling to translation; GDF11 may regulate translation during differentiation; GALNT6 may modify translation factors; HNRNPC and NUTF2 have indirect but known connections. PRELID1, PHB2, and SBNO1 are prioritized highest as their clustering with core translation machinery is most unexpected and could reveal novel regulatory mechanisms.	cytoplasm_COX4_mean	EEF1A1	established			-0.4177389442920685	0.0014	2.853871964321762	-0.0559292097981713	-0.029821031037031
7	Translation initiation and termination	High	Cluster 7 shows HIGH confidence for translation initiation and termination as the dominant pathway. 16/23 genes (~70%) are established components of translation machinery, including the eIF2 complex (EIF2S1/2/3, EIF2B2/4/5), translation factors (EIF4E, EEF1A1, GSPT1, ETF1), aminoacyl-tRNA synthetases (LARS1, VARS1, SARS1), ribosomal protein RPL12, translation regulator PPP1R15B, and ER chaperone HSPA5 which regulates translation through UPR. The morphological phenotypes likely reflect ER stress and ribosome/translation apparatus organization. Seven genes represent potential novel connections: PRELID1 and PHB2 (mitochondrial proteins) may coordinate translation with mitochondrial function; SBNO1 may link growth signaling to translation; GDF11 may regulate translation during differentiation; GALNT6 may modify translation factors; HNRNPC and NUTF2 have indirect but known connections. PRELID1, PHB2, and SBNO1 are prioritized highest as their clustering with core translation machinery is most unexpected and could reveal novel regulatory mechanisms.	cytoplasm_COX4_mean	LARS1	established			-0.2672772109508514	0.0154	1.812479279163537	-0.0388114282175877	-0.0219984043243421
7	Translation initiation and termination	High	Cluster 7 shows HIGH confidence for translation initiation and termination as the dominant pathway. 16/23 genes (~70%) are established components of translation machinery, including the eIF2 complex (EIF2S1/2/3, EIF2B2/4/5), translation factors (EIF4E, EEF1A1, GSPT1, ETF1), aminoacyl-tRNA synthetases (LARS1, VARS1, SARS1), ribosomal protein RPL12, translation regulator PPP1R15B, and ER chaperone HSPA5 which regulates translation through UPR. The morphological phenotypes likely reflect ER stress and ribosome/translation apparatus organization. Seven genes represent potential novel connections: PRELID1 and PHB2 (mitochondrial proteins) may coordinate translation with mitochondrial function; SBNO1 may link growth signaling to translation; GDF11 may regulate translation during differentiation; GALNT6 may modify translation factors; HNRNPC and NUTF2 have indirect but known connections. PRELID1, PHB2, and SBNO1 are prioritized highest as their clustering with core translation machinery is most unexpected and could reveal novel regulatory mechanisms.	cytoplasm_COX4_mean	VARS1	established			-0.5028901696205139	0.0		-0.0486393813724521	-0.0339381111669937
7	Translation initiation and termination	High	Cluster 7 shows HIGH confidence for translation initiation and termination as the dominant pathway. 16/23 genes (~70%) are established components of translation machinery, including the eIF2 complex (EIF2S1/2/3, EIF2B2/4/5), translation factors (EIF4E, EEF1A1, GSPT1, ETF1), aminoacyl-tRNA synthetases (LARS1, VARS1, SARS1), ribosomal protein RPL12, translation regulator PPP1R15B, and ER chaperone HSPA5 which regulates translation through UPR. The morphological phenotypes likely reflect ER stress and ribosome/translation apparatus organization. Seven genes represent potential novel connections: PRELID1 and PHB2 (mitochondrial proteins) may coordinate translation with mitochondrial function; SBNO1 may link growth signaling to translation; GDF11 may regulate translation during differentiation; GALNT6 may modify translation factors; HNRNPC and NUTF2 have indirect but known connections. PRELID1, PHB2, and SBNO1 are prioritized highest as their clustering with core translation machinery is most unexpected and could reveal novel regulatory mechanisms.	cytoplasm_COX4_mean	SARS1	established			-0.27109095454216	0.0467999999999999	1.329754146925877	-0.0442294347415178	-0.0359711715795734
7	Translation initiation and termination	High	Cluster 7 shows HIGH confidence for translation initiation and termination as the dominant pathway. 16/23 genes (~70%) are established components of translation machinery, including the eIF2 complex (EIF2S1/2/3, EIF2B2/4/5), translation factors (EIF4E, EEF1A1, GSPT1, ETF1), aminoacyl-tRNA synthetases (LARS1, VARS1, SARS1), ribosomal protein RPL12, translation regulator PPP1R15B, and ER chaperone HSPA5 which regulates translation through UPR. The morphological phenotypes likely reflect ER stress and ribosome/translation apparatus organization. Seven genes represent potential novel connections: PRELID1 and PHB2 (mitochondrial proteins) may coordinate translation with mitochondrial function; SBNO1 may link growth signaling to translation; GDF11 may regulate translation during differentiation; GALNT6 may modify translation factors; HNRNPC and NUTF2 have indirect but known connections. PRELID1, PHB2, and SBNO1 are prioritized highest as their clustering with core translation machinery is most unexpected and could reveal novel regulatory mechanisms.	cytoplasm_COX4_mean	RPL12	established			-0.0905582457780838	0.4381999999999999	0.35832762677531355	-0.053437346876366	-0.0327996943363555
7	Translation initiation and termination	High	Cluster 7 shows HIGH confidence for translation initiation and termination as the dominant pathway. 16/23 genes (~70%) are established components of translation machinery, including the eIF2 complex (EIF2S1/2/3, EIF2B2/4/5), translation factors (EIF4E, EEF1A1, GSPT1, ETF1), aminoacyl-tRNA synthetases (LARS1, VARS1, SARS1), ribosomal protein RPL12, translation regulator PPP1R15B, and ER chaperone HSPA5 which regulates translation through UPR. The morphological phenotypes likely reflect ER stress and ribosome/translation apparatus organization. Seven genes represent potential novel connections: PRELID1 and PHB2 (mitochondrial proteins) may coordinate translation with mitochondrial function; SBNO1 may link growth signaling to translation; GDF11 may regulate translation during differentiation; GALNT6 may modify translation factors; HNRNPC and NUTF2 have indirect but known connections. PRELID1, PHB2, and SBNO1 are prioritized highest as their clustering with core translation machinery is most unexpected and could reveal novel regulatory mechanisms.	cytoplasm_COX4_mean	PPP1R15B	established			-0.3310895562171936	0.0251999999999998	1.5985994592184594	-0.0679296428892452	-0.0261885264077895
7	Translation initiation and termination	High	Cluster 7 shows HIGH confidence for translation initiation and termination as the dominant pathway. 16/23 genes (~70%) are established components of translation machinery, including the eIF2 complex (EIF2S1/2/3, EIF2B2/4/5), translation factors (EIF4E, EEF1A1, GSPT1, ETF1), aminoacyl-tRNA synthetases (LARS1, VARS1, SARS1), ribosomal protein RPL12, translation regulator PPP1R15B, and ER chaperone HSPA5 which regulates translation through UPR. The morphological phenotypes likely reflect ER stress and ribosome/translation apparatus organization. Seven genes represent potential novel connections: PRELID1 and PHB2 (mitochondrial proteins) may coordinate translation with mitochondrial function; SBNO1 may link growth signaling to translation; GDF11 may regulate translation during differentiation; GALNT6 may modify translation factors; HNRNPC and NUTF2 have indirect but known connections. PRELID1, PHB2, and SBNO1 are prioritized highest as their clustering with core translation machinery is most unexpected and could reveal novel regulatory mechanisms.	cytoplasm_COX4_mean	HSPA5	established			-0.4578651189804077	0.0012	2.9208187539523753	-0.0412150997936352	-0.0366659576501898
7	Translation initiation and termination	High	Cluster 7 shows HIGH confidence for translation initiation and termination as the dominant pathway. 16/23 genes (~70%) are established components of translation machinery, including the eIF2 complex (EIF2S1/2/3, EIF2B2/4/5), translation factors (EIF4E, EEF1A1, GSPT1, ETF1), aminoacyl-tRNA synthetases (LARS1, VARS1, SARS1), ribosomal protein RPL12, translation regulator PPP1R15B, and ER chaperone HSPA5 which regulates translation through UPR. The morphological phenotypes likely reflect ER stress and ribosome/translation apparatus organization. Seven genes represent potential novel connections: PRELID1 and PHB2 (mitochondrial proteins) may coordinate translation with mitochondrial function; SBNO1 may link growth signaling to translation; GDF11 may regulate translation during differentiation; GALNT6 may modify translation factors; HNRNPC and NUTF2 have indirect but known connections. PRELID1, PHB2, and SBNO1 are prioritized highest as their clustering with core translation machinery is most unexpected and could reveal novel regulatory mechanisms.	cytoplasm_COX4_mean	HNRNPC	novel	3.0	RNA-binding protein involved in mRNA splicing, stability, and translation regulation. While primarily known for splicing, HNRNPC does modulate translation of bound mRNAs. Its presence in this cluster is consistent with known functions in post-transcriptional regulation that intersect with translation. Not truly a novel role, as the connection between HNRNPC and translation is already established in literature.	-0.0197868458926677	0.8617999999999999	0.0645935102476511	-0.0287618580239623	-0.0187135104196923
7	Translation initiation and termination	High	Cluster 7 shows HIGH confidence for translation initiation and termination as the dominant pathway. 16/23 genes (~70%) are established components of translation machinery, including the eIF2 complex (EIF2S1/2/3, EIF2B2/4/5), translation factors (EIF4E, EEF1A1, GSPT1, ETF1), aminoacyl-tRNA synthetases (LARS1, VARS1, SARS1), ribosomal protein RPL12, translation regulator PPP1R15B, and ER chaperone HSPA5 which regulates translation through UPR. The morphological phenotypes likely reflect ER stress and ribosome/translation apparatus organization. Seven genes represent potential novel connections: PRELID1 and PHB2 (mitochondrial proteins) may coordinate translation with mitochondrial function; SBNO1 may link growth signaling to translation; GDF11 may regulate translation during differentiation; GALNT6 may modify translation factors; HNRNPC and NUTF2 have indirect but known connections. PRELID1, PHB2, and SBNO1 are prioritized highest as their clustering with core translation machinery is most unexpected and could reveal novel regulatory mechanisms.	cytoplasm_COX4_mean	NUTF2	novel	3.0	Nuclear transport factor for RAN-GDP import. While not directly involved in translation, nuclear-cytoplasmic transport is essential for ribosome biogenesis and export of translation factors. The connection is plausible but indirect, and NUTF2's role in supporting translation through nucleocytoplasmic transport is already conceptually established, limiting novelty of this finding.	-0.2571338415145874	0.0134	1.8728952016351923	-0.0359762711441927	-0.0298446045048227
7	Translation initiation and termination	High	Cluster 7 shows HIGH confidence for translation initiation and termination as the dominant pathway. 16/23 genes (~70%) are established components of translation machinery, including the eIF2 complex (EIF2S1/2/3, EIF2B2/4/5), translation factors (EIF4E, EEF1A1, GSPT1, ETF1), aminoacyl-tRNA synthetases (LARS1, VARS1, SARS1), ribosomal protein RPL12, translation regulator PPP1R15B, and ER chaperone HSPA5 which regulates translation through UPR. The morphological phenotypes likely reflect ER stress and ribosome/translation apparatus organization. Seven genes represent potential novel connections: PRELID1 and PHB2 (mitochondrial proteins) may coordinate translation with mitochondrial function; SBNO1 may link growth signaling to translation; GDF11 may regulate translation during differentiation; GALNT6 may modify translation factors; HNRNPC and NUTF2 have indirect but known connections. PRELID1, PHB2, and SBNO1 are prioritized highest as their clustering with core translation machinery is most unexpected and could reveal novel regulatory mechanisms.	cytoplasm_COX4_mean	GALNT6	novel	4.0	O-glycosyltransferase that modifies proteins in the Golgi. While not directly involved in translation, many translation factors and ribosomal proteins undergo post-translational modifications. GALNT6 may glycosylate translation machinery components, affecting their localization or function. However, this connection is somewhat speculative and glycosylation of translation factors is already a known phenomenon, reducing novelty.	-0.3632664084434509	0.0094	2.0268721464003012	-0.0329419867982162	-0.0187876693494149
7	Translation initiation and termination	High	Cluster 7 shows HIGH confidence for translation initiation and termination as the dominant pathway. 16/23 genes (~70%) are established components of translation machinery, including the eIF2 complex (EIF2S1/2/3, EIF2B2/4/5), translation factors (EIF4E, EEF1A1, GSPT1, ETF1), aminoacyl-tRNA synthetases (LARS1, VARS1, SARS1), ribosomal protein RPL12, translation regulator PPP1R15B, and ER chaperone HSPA5 which regulates translation through UPR. The morphological phenotypes likely reflect ER stress and ribosome/translation apparatus organization. Seven genes represent potential novel connections: PRELID1 and PHB2 (mitochondrial proteins) may coordinate translation with mitochondrial function; SBNO1 may link growth signaling to translation; GDF11 may regulate translation during differentiation; GALNT6 may modify translation factors; HNRNPC and NUTF2 have indirect but known connections. PRELID1, PHB2, and SBNO1 are prioritized highest as their clustering with core translation machinery is most unexpected and could reveal novel regulatory mechanisms.	cytoplasm_COX4_mean	GDF11	novel	5.0	Secreted TGF-beta family member involved in developmental patterning through SMAD signaling. Its clustering with translation machinery is surprising. TGF-beta/SMAD pathways can regulate translation through various mechanisms, but GDF11 has not been directly linked to translation control. The morphological phenotype similarity may indicate a novel role in regulating translation during cellular differentiation or stress responses.	-0.1785503774881363	0.1366	0.8645493006544862	-0.0124628465226526	-0.0152502409479095
7	Translation initiation and termination	High	Cluster 7 shows HIGH confidence for translation initiation and termination as the dominant pathway. 16/23 genes (~70%) are established components of translation machinery, including the eIF2 complex (EIF2S1/2/3, EIF2B2/4/5), translation factors (EIF4E, EEF1A1, GSPT1, ETF1), aminoacyl-tRNA synthetases (LARS1, VARS1, SARS1), ribosomal protein RPL12, translation regulator PPP1R15B, and ER chaperone HSPA5 which regulates translation through UPR. The morphological phenotypes likely reflect ER stress and ribosome/translation apparatus organization. Seven genes represent potential novel connections: PRELID1 and PHB2 (mitochondrial proteins) may coordinate translation with mitochondrial function; SBNO1 may link growth signaling to translation; GDF11 may regulate translation during differentiation; GALNT6 may modify translation factors; HNRNPC and NUTF2 have indirect but known connections. PRELID1, PHB2, and SBNO1 are prioritized highest as their clustering with core translation machinery is most unexpected and could reveal novel regulatory mechanisms.	cytoplasm_COX4_mean	PHB2	novel	6.0	Well-characterized as mitochondrial chaperone and transcriptional co-regulator. However, its clustering with translation factors is intriguing. PHB2 is known to regulate mitochondrial protein homeostasis and has nuclear functions, but a direct role in cytoplasmic translation regulation has not been established. The morphological similarity to translation factors suggests potential involvement in coordinating mitochondrial and cytoplasmic protein synthesis.	-0.0899146944284439	0.4026	0.39512622944736425	-0.0479378394436502	-0.0302600843577794
7	Translation initiation and termination	High	Cluster 7 shows HIGH confidence for translation initiation and termination as the dominant pathway. 16/23 genes (~70%) are established components of translation machinery, including the eIF2 complex (EIF2S1/2/3, EIF2B2/4/5), translation factors (EIF4E, EEF1A1, GSPT1, ETF1), aminoacyl-tRNA synthetases (LARS1, VARS1, SARS1), ribosomal protein RPL12, translation regulator PPP1R15B, and ER chaperone HSPA5 which regulates translation through UPR. The morphological phenotypes likely reflect ER stress and ribosome/translation apparatus organization. Seven genes represent potential novel connections: PRELID1 and PHB2 (mitochondrial proteins) may coordinate translation with mitochondrial function; SBNO1 may link growth signaling to translation; GDF11 may regulate translation during differentiation; GALNT6 may modify translation factors; HNRNPC and NUTF2 have indirect but known connections. PRELID1, PHB2, and SBNO1 are prioritized highest as their clustering with core translation machinery is most unexpected and could reveal novel regulatory mechanisms.	cytoplasm_COX4_mean	SBNO1	novel	6.0	Primarily studied for neural stem cell proliferation via PI3K-Akt and Wnt signaling. Its presence in a translation-dominated cluster is unexpected. Given that PI3K-Akt-mTOR pathway is a major regulator of translation initiation, SBNO1 may play an unrecognized role in linking growth signaling to translation control. Limited literature on SBNO1's molecular mechanisms makes this a potentially novel discovery.	-0.158176377415657	0.1042	0.9821322810364943	-0.0277537491883344	-0.0084413509178557
7	Translation initiation and termination	High	Cluster 7 shows HIGH confidence for translation initiation and termination as the dominant pathway. 16/23 genes (~70%) are established components of translation machinery, including the eIF2 complex (EIF2S1/2/3, EIF2B2/4/5), translation factors (EIF4E, EEF1A1, GSPT1, ETF1), aminoacyl-tRNA synthetases (LARS1, VARS1, SARS1), ribosomal protein RPL12, translation regulator PPP1R15B, and ER chaperone HSPA5 which regulates translation through UPR. The morphological phenotypes likely reflect ER stress and ribosome/translation apparatus organization. Seven genes represent potential novel connections: PRELID1 and PHB2 (mitochondrial proteins) may coordinate translation with mitochondrial function; SBNO1 may link growth signaling to translation; GDF11 may regulate translation during differentiation; GALNT6 may modify translation factors; HNRNPC and NUTF2 have indirect but known connections. PRELID1, PHB2, and SBNO1 are prioritized highest as their clustering with core translation machinery is most unexpected and could reveal novel regulatory mechanisms.	cytoplasm_COX4_mean	PRELID1	novel	7.0	Known mitochondrial phospholipid transporter involved in cardiolipin synthesis and apoptosis regulation. Its clustering with translation machinery is unexpected. Given the ER staining in the screen and PRELID1's role in mitochondrial-ER communication, it may have an unrecognized role in coordinating translation with mitochondrial function or ER stress responses. The morphological phenotype similarity suggests functional connection to translation regulation.	-0.0384567528963089	0.7176	0.14411756996396433	-0.0453050666846646	-0.0290796604302964
8	RNA Polymerase II transcription and elongation	High	This cluster shows HIGH confidence for RNA Polymerase II transcription and elongation as the dominant pathway. 17/23 genes (74%) are established components: 10 Pol II core subunits, the general transcription factor GTF2B, the PAF1 complex (PAF1, CTR9, CDC73), the elongation factor SUPT5H, the CTD phosphatase CTDP1, and the CCR4-NOT deadenylation complex scaffold CNOT1. The morphological phenotypes likely reflect altered gene expression patterns affecting cellular organization. Six genes represent high-priority novel role candidates: PLPP4 (lipid phosphatase), RHOC (Rho GTPase), and HMGCR (cholesterol synthesis enzyme) have no established transcriptional roles and would represent surprising discoveries. UBE3A, DDX3X, and SENP6 have some transcriptional functions but their specific clustering with core Pol II machinery suggests more direct mechanistic roles than currently appreciated. No genes are truly uncharacterized - all have substantial literature. The discovery opportunity lies in understanding how metabolic enzymes, cytoskeletal regulators, and post-translational modification enzymes interface with the core transcription machinery.	cell_AGP_mean	POLR2B	established			0.763653039932251	0.0		-0.0094035297812424	-0.0349803594319414
8	RNA Polymerase II transcription and elongation	High	This cluster shows HIGH confidence for RNA Polymerase II transcription and elongation as the dominant pathway. 17/23 genes (74%) are established components: 10 Pol II core subunits, the general transcription factor GTF2B, the PAF1 complex (PAF1, CTR9, CDC73), the elongation factor SUPT5H, the CTD phosphatase CTDP1, and the CCR4-NOT deadenylation complex scaffold CNOT1. The morphological phenotypes likely reflect altered gene expression patterns affecting cellular organization. Six genes represent high-priority novel role candidates: PLPP4 (lipid phosphatase), RHOC (Rho GTPase), and HMGCR (cholesterol synthesis enzyme) have no established transcriptional roles and would represent surprising discoveries. UBE3A, DDX3X, and SENP6 have some transcriptional functions but their specific clustering with core Pol II machinery suggests more direct mechanistic roles than currently appreciated. No genes are truly uncharacterized - all have substantial literature. The discovery opportunity lies in understanding how metabolic enzymes, cytoskeletal regulators, and post-translational modification enzymes interface with the core transcription machinery.	cell_AGP_mean	POLR2H	established			0.1152229830622673	0.5016	0.2996424721773399	-0.0079825268660103	-0.0341971568258317
8	RNA Polymerase II transcription and elongation	High	This cluster shows HIGH confidence for RNA Polymerase II transcription and elongation as the dominant pathway. 17/23 genes (74%) are established components: 10 Pol II core subunits, the general transcription factor GTF2B, the PAF1 complex (PAF1, CTR9, CDC73), the elongation factor SUPT5H, the CTD phosphatase CTDP1, and the CCR4-NOT deadenylation complex scaffold CNOT1. The morphological phenotypes likely reflect altered gene expression patterns affecting cellular organization. Six genes represent high-priority novel role candidates: PLPP4 (lipid phosphatase), RHOC (Rho GTPase), and HMGCR (cholesterol synthesis enzyme) have no established transcriptional roles and would represent surprising discoveries. UBE3A, DDX3X, and SENP6 have some transcriptional functions but their specific clustering with core Pol II machinery suggests more direct mechanistic roles than currently appreciated. No genes are truly uncharacterized - all have substantial literature. The discovery opportunity lies in understanding how metabolic enzymes, cytoskeletal regulators, and post-translational modification enzymes interface with the core transcription machinery.	cell_AGP_mean	POLR2C	established			0.4720839262008667	0.0004	3.3979400086720375	-0.0076569681988757	-0.0329146305330685
8	RNA Polymerase II transcription and elongation	High	This cluster shows HIGH confidence for RNA Polymerase II transcription and elongation as the dominant pathway. 17/23 genes (74%) are established components: 10 Pol II core subunits, the general transcription factor GTF2B, the PAF1 complex (PAF1, CTR9, CDC73), the elongation factor SUPT5H, the CTD phosphatase CTDP1, and the CCR4-NOT deadenylation complex scaffold CNOT1. The morphological phenotypes likely reflect altered gene expression patterns affecting cellular organization. Six genes represent high-priority novel role candidates: PLPP4 (lipid phosphatase), RHOC (Rho GTPase), and HMGCR (cholesterol synthesis enzyme) have no established transcriptional roles and would represent surprising discoveries. UBE3A, DDX3X, and SENP6 have some transcriptional functions but their specific clustering with core Pol II machinery suggests more direct mechanistic roles than currently appreciated. No genes are truly uncharacterized - all have substantial literature. The discovery opportunity lies in understanding how metabolic enzymes, cytoskeletal regulators, and post-translational modification enzymes interface with the core transcription machinery.	cell_AGP_mean	POLR2J	established			0.4445425271987915	0.0002	3.6989700043360187	-0.010268003717994	-0.0322809080595752
8	RNA Polymerase II transcription and elongation	High	This cluster shows HIGH confidence for RNA Polymerase II transcription and elongation as the dominant pathway. 17/23 genes (74%) are established components: 10 Pol II core subunits, the general transcription factor GTF2B, the PAF1 complex (PAF1, CTR9, CDC73), the elongation factor SUPT5H, the CTD phosphatase CTDP1, and the CCR4-NOT deadenylation complex scaffold CNOT1. The morphological phenotypes likely reflect altered gene expression patterns affecting cellular organization. Six genes represent high-priority novel role candidates: PLPP4 (lipid phosphatase), RHOC (Rho GTPase), and HMGCR (cholesterol synthesis enzyme) have no established transcriptional roles and would represent surprising discoveries. UBE3A, DDX3X, and SENP6 have some transcriptional functions but their specific clustering with core Pol II machinery suggests more direct mechanistic roles than currently appreciated. No genes are truly uncharacterized - all have substantial literature. The discovery opportunity lies in understanding how metabolic enzymes, cytoskeletal regulators, and post-translational modification enzymes interface with the core transcription machinery.	cell_AGP_mean	POLR2J2	established			0.3398163914680481	0.011	1.958607314841775	-0.0058688723688354	-0.0315923989908463
8	RNA Polymerase II transcription and elongation	High	This cluster shows HIGH confidence for RNA Polymerase II transcription and elongation as the dominant pathway. 17/23 genes (74%) are established components: 10 Pol II core subunits, the general transcription factor GTF2B, the PAF1 complex (PAF1, CTR9, CDC73), the elongation factor SUPT5H, the CTD phosphatase CTDP1, and the CCR4-NOT deadenylation complex scaffold CNOT1. The morphological phenotypes likely reflect altered gene expression patterns affecting cellular organization. Six genes represent high-priority novel role candidates: PLPP4 (lipid phosphatase), RHOC (Rho GTPase), and HMGCR (cholesterol synthesis enzyme) have no established transcriptional roles and would represent surprising discoveries. UBE3A, DDX3X, and SENP6 have some transcriptional functions but their specific clustering with core Pol II machinery suggests more direct mechanistic roles than currently appreciated. No genes are truly uncharacterized - all have substantial literature. The discovery opportunity lies in understanding how metabolic enzymes, cytoskeletal regulators, and post-translational modification enzymes interface with the core transcription machinery.	cell_AGP_mean	POLR2J3	established			0.6100736260414124	0.0		-0.006386828535686	-0.0310769663377691
8	RNA Polymerase II transcription and elongation	High	This cluster shows HIGH confidence for RNA Polymerase II transcription and elongation as the dominant pathway. 17/23 genes (74%) are established components: 10 Pol II core subunits, the general transcription factor GTF2B, the PAF1 complex (PAF1, CTR9, CDC73), the elongation factor SUPT5H, the CTD phosphatase CTDP1, and the CCR4-NOT deadenylation complex scaffold CNOT1. The morphological phenotypes likely reflect altered gene expression patterns affecting cellular organization. Six genes represent high-priority novel role candidates: PLPP4 (lipid phosphatase), RHOC (Rho GTPase), and HMGCR (cholesterol synthesis enzyme) have no established transcriptional roles and would represent surprising discoveries. UBE3A, DDX3X, and SENP6 have some transcriptional functions but their specific clustering with core Pol II machinery suggests more direct mechanistic roles than currently appreciated. No genes are truly uncharacterized - all have substantial literature. The discovery opportunity lies in understanding how metabolic enzymes, cytoskeletal regulators, and post-translational modification enzymes interface with the core transcription machinery.	cell_AGP_mean	POLR2F	established			0.4939371943473816	0.0		-0.0089295177114943	-0.0355781344010621
8	RNA Polymerase II transcription and elongation	High	This cluster shows HIGH confidence for RNA Polymerase II transcription and elongation as the dominant pathway. 17/23 genes (74%) are established components: 10 Pol II core subunits, the general transcription factor GTF2B, the PAF1 complex (PAF1, CTR9, CDC73), the elongation factor SUPT5H, the CTD phosphatase CTDP1, and the CCR4-NOT deadenylation complex scaffold CNOT1. The morphological phenotypes likely reflect altered gene expression patterns affecting cellular organization. Six genes represent high-priority novel role candidates: PLPP4 (lipid phosphatase), RHOC (Rho GTPase), and HMGCR (cholesterol synthesis enzyme) have no established transcriptional roles and would represent surprising discoveries. UBE3A, DDX3X, and SENP6 have some transcriptional functions but their specific clustering with core Pol II machinery suggests more direct mechanistic roles than currently appreciated. No genes are truly uncharacterized - all have substantial literature. The discovery opportunity lies in understanding how metabolic enzymes, cytoskeletal regulators, and post-translational modification enzymes interface with the core transcription machinery.	cell_AGP_mean	POLR2L	established			0.6054733395576477	0.0		-0.0069943575938879	-0.0296074925839433
8	RNA Polymerase II transcription and elongation	High	This cluster shows HIGH confidence for RNA Polymerase II transcription and elongation as the dominant pathway. 17/23 genes (74%) are established components: 10 Pol II core subunits, the general transcription factor GTF2B, the PAF1 complex (PAF1, CTR9, CDC73), the elongation factor SUPT5H, the CTD phosphatase CTDP1, and the CCR4-NOT deadenylation complex scaffold CNOT1. The morphological phenotypes likely reflect altered gene expression patterns affecting cellular organization. Six genes represent high-priority novel role candidates: PLPP4 (lipid phosphatase), RHOC (Rho GTPase), and HMGCR (cholesterol synthesis enzyme) have no established transcriptional roles and would represent surprising discoveries. UBE3A, DDX3X, and SENP6 have some transcriptional functions but their specific clustering with core Pol II machinery suggests more direct mechanistic roles than currently appreciated. No genes are truly uncharacterized - all have substantial literature. The discovery opportunity lies in understanding how metabolic enzymes, cytoskeletal regulators, and post-translational modification enzymes interface with the core transcription machinery.	cell_AGP_mean	POLR2K	established			0.4551295340061188	0.0004	3.3979400086720375	-0.0085413990241389	-0.0358007372864479
8	RNA Polymerase II transcription and elongation	High	This cluster shows HIGH confidence for RNA Polymerase II transcription and elongation as the dominant pathway. 17/23 genes (74%) are established components: 10 Pol II core subunits, the general transcription factor GTF2B, the PAF1 complex (PAF1, CTR9, CDC73), the elongation factor SUPT5H, the CTD phosphatase CTDP1, and the CCR4-NOT deadenylation complex scaffold CNOT1. The morphological phenotypes likely reflect altered gene expression patterns affecting cellular organization. Six genes represent high-priority novel role candidates: PLPP4 (lipid phosphatase), RHOC (Rho GTPase), and HMGCR (cholesterol synthesis enzyme) have no established transcriptional roles and would represent surprising discoveries. UBE3A, DDX3X, and SENP6 have some transcriptional functions but their specific clustering with core Pol II machinery suggests more direct mechanistic roles than currently appreciated. No genes are truly uncharacterized - all have substantial literature. The discovery opportunity lies in understanding how metabolic enzymes, cytoskeletal regulators, and post-translational modification enzymes interface with the core transcription machinery.	cell_AGP_mean	POLR2E	established			0.4560904204845428	0.0		-0.0068791736561447	-0.0350618078323902
8	RNA Polymerase II transcription and elongation	High	This cluster shows HIGH confidence for RNA Polymerase II transcription and elongation as the dominant pathway. 17/23 genes (74%) are established components: 10 Pol II core subunits, the general transcription factor GTF2B, the PAF1 complex (PAF1, CTR9, CDC73), the elongation factor SUPT5H, the CTD phosphatase CTDP1, and the CCR4-NOT deadenylation complex scaffold CNOT1. The morphological phenotypes likely reflect altered gene expression patterns affecting cellular organization. Six genes represent high-priority novel role candidates: PLPP4 (lipid phosphatase), RHOC (Rho GTPase), and HMGCR (cholesterol synthesis enzyme) have no established transcriptional roles and would represent surprising discoveries. UBE3A, DDX3X, and SENP6 have some transcriptional functions but their specific clustering with core Pol II machinery suggests more direct mechanistic roles than currently appreciated. No genes are truly uncharacterized - all have substantial literature. The discovery opportunity lies in understanding how metabolic enzymes, cytoskeletal regulators, and post-translational modification enzymes interface with the core transcription machinery.	cell_AGP_mean	GTF2B	established			0.4354999661445617	0.0002	3.6989700043360187	-0.0109952933130835	-0.0338473104225577
8	RNA Polymerase II transcription and elongation	High	This cluster shows HIGH confidence for RNA Polymerase II transcription and elongation as the dominant pathway. 17/23 genes (74%) are established components: 10 Pol II core subunits, the general transcription factor GTF2B, the PAF1 complex (PAF1, CTR9, CDC73), the elongation factor SUPT5H, the CTD phosphatase CTDP1, and the CCR4-NOT deadenylation complex scaffold CNOT1. The morphological phenotypes likely reflect altered gene expression patterns affecting cellular organization. Six genes represent high-priority novel role candidates: PLPP4 (lipid phosphatase), RHOC (Rho GTPase), and HMGCR (cholesterol synthesis enzyme) have no established transcriptional roles and would represent surprising discoveries. UBE3A, DDX3X, and SENP6 have some transcriptional functions but their specific clustering with core Pol II machinery suggests more direct mechanistic roles than currently appreciated. No genes are truly uncharacterized - all have substantial literature. The discovery opportunity lies in understanding how metabolic enzymes, cytoskeletal regulators, and post-translational modification enzymes interface with the core transcription machinery.	cell_AGP_mean	PAF1	established			0.2962481081485748	0.008	2.0969100130080562	-0.0027685927178436	-0.019357032045046
8	RNA Polymerase II transcription and elongation	High	This cluster shows HIGH confidence for RNA Polymerase II transcription and elongation as the dominant pathway. 17/23 genes (74%) are established components: 10 Pol II core subunits, the general transcription factor GTF2B, the PAF1 complex (PAF1, CTR9, CDC73), the elongation factor SUPT5H, the CTD phosphatase CTDP1, and the CCR4-NOT deadenylation complex scaffold CNOT1. The morphological phenotypes likely reflect altered gene expression patterns affecting cellular organization. Six genes represent high-priority novel role candidates: PLPP4 (lipid phosphatase), RHOC (Rho GTPase), and HMGCR (cholesterol synthesis enzyme) have no established transcriptional roles and would represent surprising discoveries. UBE3A, DDX3X, and SENP6 have some transcriptional functions but their specific clustering with core Pol II machinery suggests more direct mechanistic roles than currently appreciated. No genes are truly uncharacterized - all have substantial literature. The discovery opportunity lies in understanding how metabolic enzymes, cytoskeletal regulators, and post-translational modification enzymes interface with the core transcription machinery.	cell_AGP_mean	CTR9	established			0.1693137139081955	0.3048	0.5159850373324371	-0.0052481862626857	-0.0159817191739521
8	RNA Polymerase II transcription and elongation	High	This cluster shows HIGH confidence for RNA Polymerase II transcription and elongation as the dominant pathway. 17/23 genes (74%) are established components: 10 Pol II core subunits, the general transcription factor GTF2B, the PAF1 complex (PAF1, CTR9, CDC73), the elongation factor SUPT5H, the CTD phosphatase CTDP1, and the CCR4-NOT deadenylation complex scaffold CNOT1. The morphological phenotypes likely reflect altered gene expression patterns affecting cellular organization. Six genes represent high-priority novel role candidates: PLPP4 (lipid phosphatase), RHOC (Rho GTPase), and HMGCR (cholesterol synthesis enzyme) have no established transcriptional roles and would represent surprising discoveries. UBE3A, DDX3X, and SENP6 have some transcriptional functions but their specific clustering with core Pol II machinery suggests more direct mechanistic roles than currently appreciated. No genes are truly uncharacterized - all have substantial literature. The discovery opportunity lies in understanding how metabolic enzymes, cytoskeletal regulators, and post-translational modification enzymes interface with the core transcription machinery.	cell_AGP_mean	CDC73	established			0.4240877628326416	0.0018	2.744727494896694	-0.0073468103245812	-0.0338290791433751
8	RNA Polymerase II transcription and elongation	High	This cluster shows HIGH confidence for RNA Polymerase II transcription and elongation as the dominant pathway. 17/23 genes (74%) are established components: 10 Pol II core subunits, the general transcription factor GTF2B, the PAF1 complex (PAF1, CTR9, CDC73), the elongation factor SUPT5H, the CTD phosphatase CTDP1, and the CCR4-NOT deadenylation complex scaffold CNOT1. The morphological phenotypes likely reflect altered gene expression patterns affecting cellular organization. Six genes represent high-priority novel role candidates: PLPP4 (lipid phosphatase), RHOC (Rho GTPase), and HMGCR (cholesterol synthesis enzyme) have no established transcriptional roles and would represent surprising discoveries. UBE3A, DDX3X, and SENP6 have some transcriptional functions but their specific clustering with core Pol II machinery suggests more direct mechanistic roles than currently appreciated. No genes are truly uncharacterized - all have substantial literature. The discovery opportunity lies in understanding how metabolic enzymes, cytoskeletal regulators, and post-translational modification enzymes interface with the core transcription machinery.	cell_AGP_mean	SUPT5H	established			0.336244523525238	0.0088	2.0555173278498313	-0.0099928272672252	-0.0356345695103521
8	RNA Polymerase II transcription and elongation	High	This cluster shows HIGH confidence for RNA Polymerase II transcription and elongation as the dominant pathway. 17/23 genes (74%) are established components: 10 Pol II core subunits, the general transcription factor GTF2B, the PAF1 complex (PAF1, CTR9, CDC73), the elongation factor SUPT5H, the CTD phosphatase CTDP1, and the CCR4-NOT deadenylation complex scaffold CNOT1. The morphological phenotypes likely reflect altered gene expression patterns affecting cellular organization. Six genes represent high-priority novel role candidates: PLPP4 (lipid phosphatase), RHOC (Rho GTPase), and HMGCR (cholesterol synthesis enzyme) have no established transcriptional roles and would represent surprising discoveries. UBE3A, DDX3X, and SENP6 have some transcriptional functions but their specific clustering with core Pol II machinery suggests more direct mechanistic roles than currently appreciated. No genes are truly uncharacterized - all have substantial literature. The discovery opportunity lies in understanding how metabolic enzymes, cytoskeletal regulators, and post-translational modification enzymes interface with the core transcription machinery.	cell_AGP_mean	CTDP1	established			0.369533509016037	0.003	2.5228787452803374	-0.0045147891594188	-0.0238881351834999
8	RNA Polymerase II transcription and elongation	High	This cluster shows HIGH confidence for RNA Polymerase II transcription and elongation as the dominant pathway. 17/23 genes (74%) are established components: 10 Pol II core subunits, the general transcription factor GTF2B, the PAF1 complex (PAF1, CTR9, CDC73), the elongation factor SUPT5H, the CTD phosphatase CTDP1, and the CCR4-NOT deadenylation complex scaffold CNOT1. The morphological phenotypes likely reflect altered gene expression patterns affecting cellular organization. Six genes represent high-priority novel role candidates: PLPP4 (lipid phosphatase), RHOC (Rho GTPase), and HMGCR (cholesterol synthesis enzyme) have no established transcriptional roles and would represent surprising discoveries. UBE3A, DDX3X, and SENP6 have some transcriptional functions but their specific clustering with core Pol II machinery suggests more direct mechanistic roles than currently appreciated. No genes are truly uncharacterized - all have substantial literature. The discovery opportunity lies in understanding how metabolic enzymes, cytoskeletal regulators, and post-translational modification enzymes interface with the core transcription machinery.	cell_AGP_mean	CNOT1	established			0.3329762518405914	0.0014	2.853871964321762	0.0073509092106845	-0.0205187620722435
8	RNA Polymerase II transcription and elongation	High	This cluster shows HIGH confidence for RNA Polymerase II transcription and elongation as the dominant pathway. 17/23 genes (74%) are established components: 10 Pol II core subunits, the general transcription factor GTF2B, the PAF1 complex (PAF1, CTR9, CDC73), the elongation factor SUPT5H, the CTD phosphatase CTDP1, and the CCR4-NOT deadenylation complex scaffold CNOT1. The morphological phenotypes likely reflect altered gene expression patterns affecting cellular organization. Six genes represent high-priority novel role candidates: PLPP4 (lipid phosphatase), RHOC (Rho GTPase), and HMGCR (cholesterol synthesis enzyme) have no established transcriptional roles and would represent surprising discoveries. UBE3A, DDX3X, and SENP6 have some transcriptional functions but their specific clustering with core Pol II machinery suggests more direct mechanistic roles than currently appreciated. No genes are truly uncharacterized - all have substantial literature. The discovery opportunity lies in understanding how metabolic enzymes, cytoskeletal regulators, and post-translational modification enzymes interface with the core transcription machinery.	cell_AGP_mean	DDX3X	novel	5.0	Multifunctional RNA helicase with documented roles in transcription regulation (CDKN1A, CDH1, HNF4A-mediated transcription). However, its clustering specifically with Pol II elongation machinery suggests a more direct role in transcription elongation or RNA processing coupled to transcription than previously appreciated. Moderate priority as transcriptional functions are already partially established.	0.5059042572975159	0.0		-0.0279191275333573	-0.0145650793958956
8	RNA Polymerase II transcription and elongation	High	This cluster shows HIGH confidence for RNA Polymerase II transcription and elongation as the dominant pathway. 17/23 genes (74%) are established components: 10 Pol II core subunits, the general transcription factor GTF2B, the PAF1 complex (PAF1, CTR9, CDC73), the elongation factor SUPT5H, the CTD phosphatase CTDP1, and the CCR4-NOT deadenylation complex scaffold CNOT1. The morphological phenotypes likely reflect altered gene expression patterns affecting cellular organization. Six genes represent high-priority novel role candidates: PLPP4 (lipid phosphatase), RHOC (Rho GTPase), and HMGCR (cholesterol synthesis enzyme) have no established transcriptional roles and would represent surprising discoveries. UBE3A, DDX3X, and SENP6 have some transcriptional functions but their specific clustering with core Pol II machinery suggests more direct mechanistic roles than currently appreciated. No genes are truly uncharacterized - all have substantial literature. The discovery opportunity lies in understanding how metabolic enzymes, cytoskeletal regulators, and post-translational modification enzymes interface with the core transcription machinery.	cell_AGP_mean	SENP6	novel	5.0	SUMO protease with established roles in chromosome segregation and DNA repair. While SUMOylation regulates transcription factors, SENP6's clustering with Pol II machinery suggests potential direct regulation of transcription complex components through deSUMOylation. This would extend its known functions but is plausible given SUMO's role in transcription.	0.2283059209585189	0.1584	0.8002448227465253	-0.001511402419914	-0.022175323484058
8	RNA Polymerase II transcription and elongation	High	This cluster shows HIGH confidence for RNA Polymerase II transcription and elongation as the dominant pathway. 17/23 genes (74%) are established components: 10 Pol II core subunits, the general transcription factor GTF2B, the PAF1 complex (PAF1, CTR9, CDC73), the elongation factor SUPT5H, the CTD phosphatase CTDP1, and the CCR4-NOT deadenylation complex scaffold CNOT1. The morphological phenotypes likely reflect altered gene expression patterns affecting cellular organization. Six genes represent high-priority novel role candidates: PLPP4 (lipid phosphatase), RHOC (Rho GTPase), and HMGCR (cholesterol synthesis enzyme) have no established transcriptional roles and would represent surprising discoveries. UBE3A, DDX3X, and SENP6 have some transcriptional functions but their specific clustering with core Pol II machinery suggests more direct mechanistic roles than currently appreciated. No genes are truly uncharacterized - all have substantial literature. The discovery opportunity lies in understanding how metabolic enzymes, cytoskeletal regulators, and post-translational modification enzymes interface with the core transcription machinery.	cell_AGP_mean	UBE3A	novel	6.0	E3 ubiquitin ligase with established roles in protein degradation and quality control. While it has transcriptional coactivator activity with progesterone receptor, its clustering with core Pol II components suggests a broader, potentially novel role in regulating transcription machinery stability or activity through ubiquitination of Pol II subunits or associated factors.	0.5648788809776306	0.0		-0.0006053120314287	-0.0213955074016397
8	RNA Polymerase II transcription and elongation	High	This cluster shows HIGH confidence for RNA Polymerase II transcription and elongation as the dominant pathway. 17/23 genes (74%) are established components: 10 Pol II core subunits, the general transcription factor GTF2B, the PAF1 complex (PAF1, CTR9, CDC73), the elongation factor SUPT5H, the CTD phosphatase CTDP1, and the CCR4-NOT deadenylation complex scaffold CNOT1. The morphological phenotypes likely reflect altered gene expression patterns affecting cellular organization. Six genes represent high-priority novel role candidates: PLPP4 (lipid phosphatase), RHOC (Rho GTPase), and HMGCR (cholesterol synthesis enzyme) have no established transcriptional roles and would represent surprising discoveries. UBE3A, DDX3X, and SENP6 have some transcriptional functions but their specific clustering with core Pol II machinery suggests more direct mechanistic roles than currently appreciated. No genes are truly uncharacterized - all have substantial literature. The discovery opportunity lies in understanding how metabolic enzymes, cytoskeletal regulators, and post-translational modification enzymes interface with the core transcription machinery.	cell_AGP_mean	RHOC	novel	7.0	Small GTPase known for regulating cytoskeletal dynamics, focal adhesions, and cytokinesis. No documented role in transcription. Its presence in this cluster suggests potential involvement in spatial organization of transcription machinery or nuclear architecture during transcription, which would be a novel and unexpected function.	-0.0789230912923812	0.4399999999999999	0.3565473235138127	-0.0013118938356615	-0.0041134585225233
8	RNA Polymerase II transcription and elongation	High	This cluster shows HIGH confidence for RNA Polymerase II transcription and elongation as the dominant pathway. 17/23 genes (74%) are established components: 10 Pol II core subunits, the general transcription factor GTF2B, the PAF1 complex (PAF1, CTR9, CDC73), the elongation factor SUPT5H, the CTD phosphatase CTDP1, and the CCR4-NOT deadenylation complex scaffold CNOT1. The morphological phenotypes likely reflect altered gene expression patterns affecting cellular organization. Six genes represent high-priority novel role candidates: PLPP4 (lipid phosphatase), RHOC (Rho GTPase), and HMGCR (cholesterol synthesis enzyme) have no established transcriptional roles and would represent surprising discoveries. UBE3A, DDX3X, and SENP6 have some transcriptional functions but their specific clustering with core Pol II machinery suggests more direct mechanistic roles than currently appreciated. No genes are truly uncharacterized - all have substantial literature. The discovery opportunity lies in understanding how metabolic enzymes, cytoskeletal regulators, and post-translational modification enzymes interface with the core transcription machinery.	cell_AGP_mean	HMGCR	novel	7.0	Rate-limiting enzyme in cholesterol biosynthesis with well-established metabolic functions. No known direct role in transcription. Clustering with Pol II machinery suggests potential novel connection between cholesterol/isoprenoid metabolism and transcriptional regulation, possibly through membrane organization or post-translational modifications of transcription factors.	-0.0901773869991302	0.4610000000000001	0.3362990746103518	-0.0119958423913017	-0.0055188825197916
8	RNA Polymerase II transcription and elongation	High	This cluster shows HIGH confidence for RNA Polymerase II transcription and elongation as the dominant pathway. 17/23 genes (74%) are established components: 10 Pol II core subunits, the general transcription factor GTF2B, the PAF1 complex (PAF1, CTR9, CDC73), the elongation factor SUPT5H, the CTD phosphatase CTDP1, and the CCR4-NOT deadenylation complex scaffold CNOT1. The morphological phenotypes likely reflect altered gene expression patterns affecting cellular organization. Six genes represent high-priority novel role candidates: PLPP4 (lipid phosphatase), RHOC (Rho GTPase), and HMGCR (cholesterol synthesis enzyme) have no established transcriptional roles and would represent surprising discoveries. UBE3A, DDX3X, and SENP6 have some transcriptional functions but their specific clustering with core Pol II machinery suggests more direct mechanistic roles than currently appreciated. No genes are truly uncharacterized - all have substantial literature. The discovery opportunity lies in understanding how metabolic enzymes, cytoskeletal regulators, and post-translational modification enzymes interface with the core transcription machinery.	cell_AGP_mean	PLPP4	novel	8.0	Magnesium-independent phospholipid phosphatase with no established connection to transcription machinery. Its clustering with core Pol II components suggests a potential novel role in transcription regulation through lipid signaling or membrane organization at transcription sites. This would represent a surprising connection between lipid metabolism and transcriptional machinery.	0.2567378282546997	0.031	1.5086383061657274	-0.0030436248941391	-0.0135227039777468
9	Mitochondrial dynamics and lipid metabolism	High	This cluster shows HIGH confidence for mitochondrial dynamics and lipid metabolism as the dominant pathway. Core established genes include DNM1L and MFN2 (mitochondrial fission/fusion), RHOT2 (mitochondrial trafficking), SREBF2 (cholesterol biosynthesis transcription factor), SCD and GPAT4 (lipid synthesis), PCYT1A (phospholipid synthesis), SLC25A1 (citrate export for lipogenesis), MARCHF6 (ER-associated degradation of cholesterol enzymes), and VPS13D (lipid transfer at contact sites). The morphological phenotypes likely reflect altered mitochondrial morphology, ER structure, and lipid droplet formation. SMIM12 emerges as the top discovery priority—completely uncharacterized but clustering with well-defined mitochondrial-lipid genes. VHL represents a surprising high-priority candidate, suggesting the hypoxia-sensing E3 ligase may have unrecognized roles in metabolic regulation beyond HIF. SBNO2 and CHP2 offer moderate-priority opportunities to connect transcriptional/calcium signaling to organellar metabolism. Several genes (LSM2, EEF2, CSNK2B) likely reflect indirect housekeeping functions rather than specific pathway roles.	nucleus_COX4_mean	DNM1L	established			-0.1633660048246383	0.0729999999999999	1.1366771398795448	-0.0016058436105308	-0.009373570604301
9	Mitochondrial dynamics and lipid metabolism	High	This cluster shows HIGH confidence for mitochondrial dynamics and lipid metabolism as the dominant pathway. Core established genes include DNM1L and MFN2 (mitochondrial fission/fusion), RHOT2 (mitochondrial trafficking), SREBF2 (cholesterol biosynthesis transcription factor), SCD and GPAT4 (lipid synthesis), PCYT1A (phospholipid synthesis), SLC25A1 (citrate export for lipogenesis), MARCHF6 (ER-associated degradation of cholesterol enzymes), and VPS13D (lipid transfer at contact sites). The morphological phenotypes likely reflect altered mitochondrial morphology, ER structure, and lipid droplet formation. SMIM12 emerges as the top discovery priority—completely uncharacterized but clustering with well-defined mitochondrial-lipid genes. VHL represents a surprising high-priority candidate, suggesting the hypoxia-sensing E3 ligase may have unrecognized roles in metabolic regulation beyond HIF. SBNO2 and CHP2 offer moderate-priority opportunities to connect transcriptional/calcium signaling to organellar metabolism. Several genes (LSM2, EEF2, CSNK2B) likely reflect indirect housekeeping functions rather than specific pathway roles.	nucleus_COX4_mean	MFN2	established			-0.28357994556427	0.0303999999999999	1.5171264163912477	9.112590716085214e-05	-0.0067906053546276
9	Mitochondrial dynamics and lipid metabolism	High	This cluster shows HIGH confidence for mitochondrial dynamics and lipid metabolism as the dominant pathway. Core established genes include DNM1L and MFN2 (mitochondrial fission/fusion), RHOT2 (mitochondrial trafficking), SREBF2 (cholesterol biosynthesis transcription factor), SCD and GPAT4 (lipid synthesis), PCYT1A (phospholipid synthesis), SLC25A1 (citrate export for lipogenesis), MARCHF6 (ER-associated degradation of cholesterol enzymes), and VPS13D (lipid transfer at contact sites). The morphological phenotypes likely reflect altered mitochondrial morphology, ER structure, and lipid droplet formation. SMIM12 emerges as the top discovery priority—completely uncharacterized but clustering with well-defined mitochondrial-lipid genes. VHL represents a surprising high-priority candidate, suggesting the hypoxia-sensing E3 ligase may have unrecognized roles in metabolic regulation beyond HIF. SBNO2 and CHP2 offer moderate-priority opportunities to connect transcriptional/calcium signaling to organellar metabolism. Several genes (LSM2, EEF2, CSNK2B) likely reflect indirect housekeeping functions rather than specific pathway roles.	nucleus_COX4_mean	RHOT2	established			-0.085694596171379	0.4692	0.3286419965565084	0.0027077128918941	-0.0015928046626053
9	Mitochondrial dynamics and lipid metabolism	High	This cluster shows HIGH confidence for mitochondrial dynamics and lipid metabolism as the dominant pathway. Core established genes include DNM1L and MFN2 (mitochondrial fission/fusion), RHOT2 (mitochondrial trafficking), SREBF2 (cholesterol biosynthesis transcription factor), SCD and GPAT4 (lipid synthesis), PCYT1A (phospholipid synthesis), SLC25A1 (citrate export for lipogenesis), MARCHF6 (ER-associated degradation of cholesterol enzymes), and VPS13D (lipid transfer at contact sites). The morphological phenotypes likely reflect altered mitochondrial morphology, ER structure, and lipid droplet formation. SMIM12 emerges as the top discovery priority—completely uncharacterized but clustering with well-defined mitochondrial-lipid genes. VHL represents a surprising high-priority candidate, suggesting the hypoxia-sensing E3 ligase may have unrecognized roles in metabolic regulation beyond HIF. SBNO2 and CHP2 offer moderate-priority opportunities to connect transcriptional/calcium signaling to organellar metabolism. Several genes (LSM2, EEF2, CSNK2B) likely reflect indirect housekeeping functions rather than specific pathway roles.	nucleus_COX4_mean	SREBF2	established			-0.1656673997640609	0.1028	0.9880068853407431	3.732288671187407e-05	-0.0064183783255365
9	Mitochondrial dynamics and lipid metabolism	High	This cluster shows HIGH confidence for mitochondrial dynamics and lipid metabolism as the dominant pathway. Core established genes include DNM1L and MFN2 (mitochondrial fission/fusion), RHOT2 (mitochondrial trafficking), SREBF2 (cholesterol biosynthesis transcription factor), SCD and GPAT4 (lipid synthesis), PCYT1A (phospholipid synthesis), SLC25A1 (citrate export for lipogenesis), MARCHF6 (ER-associated degradation of cholesterol enzymes), and VPS13D (lipid transfer at contact sites). The morphological phenotypes likely reflect altered mitochondrial morphology, ER structure, and lipid droplet formation. SMIM12 emerges as the top discovery priority—completely uncharacterized but clustering with well-defined mitochondrial-lipid genes. VHL represents a surprising high-priority candidate, suggesting the hypoxia-sensing E3 ligase may have unrecognized roles in metabolic regulation beyond HIF. SBNO2 and CHP2 offer moderate-priority opportunities to connect transcriptional/calcium signaling to organellar metabolism. Several genes (LSM2, EEF2, CSNK2B) likely reflect indirect housekeeping functions rather than specific pathway roles.	nucleus_COX4_mean	SCD	established			-0.2462536096572876	0.0227999999999999	1.642065152999548	-0.0017742140943257	-0.0092193728338918
9	Mitochondrial dynamics and lipid metabolism	High	This cluster shows HIGH confidence for mitochondrial dynamics and lipid metabolism as the dominant pathway. Core established genes include DNM1L and MFN2 (mitochondrial fission/fusion), RHOT2 (mitochondrial trafficking), SREBF2 (cholesterol biosynthesis transcription factor), SCD and GPAT4 (lipid synthesis), PCYT1A (phospholipid synthesis), SLC25A1 (citrate export for lipogenesis), MARCHF6 (ER-associated degradation of cholesterol enzymes), and VPS13D (lipid transfer at contact sites). The morphological phenotypes likely reflect altered mitochondrial morphology, ER structure, and lipid droplet formation. SMIM12 emerges as the top discovery priority—completely uncharacterized but clustering with well-defined mitochondrial-lipid genes. VHL represents a surprising high-priority candidate, suggesting the hypoxia-sensing E3 ligase may have unrecognized roles in metabolic regulation beyond HIF. SBNO2 and CHP2 offer moderate-priority opportunities to connect transcriptional/calcium signaling to organellar metabolism. Several genes (LSM2, EEF2, CSNK2B) likely reflect indirect housekeeping functions rather than specific pathway roles.	nucleus_COX4_mean	PCYT1A	established			-0.456234872341156	0.0		0.0003498073598716	-0.0049229313732133
9	Mitochondrial dynamics and lipid metabolism	High	This cluster shows HIGH confidence for mitochondrial dynamics and lipid metabolism as the dominant pathway. Core established genes include DNM1L and MFN2 (mitochondrial fission/fusion), RHOT2 (mitochondrial trafficking), SREBF2 (cholesterol biosynthesis transcription factor), SCD and GPAT4 (lipid synthesis), PCYT1A (phospholipid synthesis), SLC25A1 (citrate export for lipogenesis), MARCHF6 (ER-associated degradation of cholesterol enzymes), and VPS13D (lipid transfer at contact sites). The morphological phenotypes likely reflect altered mitochondrial morphology, ER structure, and lipid droplet formation. SMIM12 emerges as the top discovery priority—completely uncharacterized but clustering with well-defined mitochondrial-lipid genes. VHL represents a surprising high-priority candidate, suggesting the hypoxia-sensing E3 ligase may have unrecognized roles in metabolic regulation beyond HIF. SBNO2 and CHP2 offer moderate-priority opportunities to connect transcriptional/calcium signaling to organellar metabolism. Several genes (LSM2, EEF2, CSNK2B) likely reflect indirect housekeeping functions rather than specific pathway roles.	nucleus_COX4_mean	GPAT4	established			-0.4016898274421692	0.0		0.0006948854138279	-0.008464524110615
9	Mitochondrial dynamics and lipid metabolism	High	This cluster shows HIGH confidence for mitochondrial dynamics and lipid metabolism as the dominant pathway. Core established genes include DNM1L and MFN2 (mitochondrial fission/fusion), RHOT2 (mitochondrial trafficking), SREBF2 (cholesterol biosynthesis transcription factor), SCD and GPAT4 (lipid synthesis), PCYT1A (phospholipid synthesis), SLC25A1 (citrate export for lipogenesis), MARCHF6 (ER-associated degradation of cholesterol enzymes), and VPS13D (lipid transfer at contact sites). The morphological phenotypes likely reflect altered mitochondrial morphology, ER structure, and lipid droplet formation. SMIM12 emerges as the top discovery priority—completely uncharacterized but clustering with well-defined mitochondrial-lipid genes. VHL represents a surprising high-priority candidate, suggesting the hypoxia-sensing E3 ligase may have unrecognized roles in metabolic regulation beyond HIF. SBNO2 and CHP2 offer moderate-priority opportunities to connect transcriptional/calcium signaling to organellar metabolism. Several genes (LSM2, EEF2, CSNK2B) likely reflect indirect housekeeping functions rather than specific pathway roles.	nucleus_COX4_mean	SLC25A1	established			-0.2485985308885574	0.0076	2.1191864077192086	-0.0026561426036909	-0.0049474874894999
9	Mitochondrial dynamics and lipid metabolism	High	This cluster shows HIGH confidence for mitochondrial dynamics and lipid metabolism as the dominant pathway. Core established genes include DNM1L and MFN2 (mitochondrial fission/fusion), RHOT2 (mitochondrial trafficking), SREBF2 (cholesterol biosynthesis transcription factor), SCD and GPAT4 (lipid synthesis), PCYT1A (phospholipid synthesis), SLC25A1 (citrate export for lipogenesis), MARCHF6 (ER-associated degradation of cholesterol enzymes), and VPS13D (lipid transfer at contact sites). The morphological phenotypes likely reflect altered mitochondrial morphology, ER structure, and lipid droplet formation. SMIM12 emerges as the top discovery priority—completely uncharacterized but clustering with well-defined mitochondrial-lipid genes. VHL represents a surprising high-priority candidate, suggesting the hypoxia-sensing E3 ligase may have unrecognized roles in metabolic regulation beyond HIF. SBNO2 and CHP2 offer moderate-priority opportunities to connect transcriptional/calcium signaling to organellar metabolism. Several genes (LSM2, EEF2, CSNK2B) likely reflect indirect housekeeping functions rather than specific pathway roles.	nucleus_COX4_mean	MARCHF6	established			-0.0892061740159988	0.4843999999999999	0.3147958655289855	0.0007030583091006	-0.0043475695847887
9	Mitochondrial dynamics and lipid metabolism	High	This cluster shows HIGH confidence for mitochondrial dynamics and lipid metabolism as the dominant pathway. Core established genes include DNM1L and MFN2 (mitochondrial fission/fusion), RHOT2 (mitochondrial trafficking), SREBF2 (cholesterol biosynthesis transcription factor), SCD and GPAT4 (lipid synthesis), PCYT1A (phospholipid synthesis), SLC25A1 (citrate export for lipogenesis), MARCHF6 (ER-associated degradation of cholesterol enzymes), and VPS13D (lipid transfer at contact sites). The morphological phenotypes likely reflect altered mitochondrial morphology, ER structure, and lipid droplet formation. SMIM12 emerges as the top discovery priority—completely uncharacterized but clustering with well-defined mitochondrial-lipid genes. VHL represents a surprising high-priority candidate, suggesting the hypoxia-sensing E3 ligase may have unrecognized roles in metabolic regulation beyond HIF. SBNO2 and CHP2 offer moderate-priority opportunities to connect transcriptional/calcium signaling to organellar metabolism. Several genes (LSM2, EEF2, CSNK2B) likely reflect indirect housekeeping functions rather than specific pathway roles.	nucleus_COX4_mean	VPS13D	established			-0.4666062593460083	0.0		-0.0016190279389978	-0.0105983482411341
9	Mitochondrial dynamics and lipid metabolism	High	This cluster shows HIGH confidence for mitochondrial dynamics and lipid metabolism as the dominant pathway. Core established genes include DNM1L and MFN2 (mitochondrial fission/fusion), RHOT2 (mitochondrial trafficking), SREBF2 (cholesterol biosynthesis transcription factor), SCD and GPAT4 (lipid synthesis), PCYT1A (phospholipid synthesis), SLC25A1 (citrate export for lipogenesis), MARCHF6 (ER-associated degradation of cholesterol enzymes), and VPS13D (lipid transfer at contact sites). The morphological phenotypes likely reflect altered mitochondrial morphology, ER structure, and lipid droplet formation. SMIM12 emerges as the top discovery priority—completely uncharacterized but clustering with well-defined mitochondrial-lipid genes. VHL represents a surprising high-priority candidate, suggesting the hypoxia-sensing E3 ligase may have unrecognized roles in metabolic regulation beyond HIF. SBNO2 and CHP2 offer moderate-priority opportunities to connect transcriptional/calcium signaling to organellar metabolism. Several genes (LSM2, EEF2, CSNK2B) likely reflect indirect housekeeping functions rather than specific pathway roles.	nucleus_COX4_mean	TMEM11	established			-0.35217946767807	0.0012	2.9208187539523753	-0.0006354477606218	-0.0076501613534137
9	Mitochondrial dynamics and lipid metabolism	High	This cluster shows HIGH confidence for mitochondrial dynamics and lipid metabolism as the dominant pathway. Core established genes include DNM1L and MFN2 (mitochondrial fission/fusion), RHOT2 (mitochondrial trafficking), SREBF2 (cholesterol biosynthesis transcription factor), SCD and GPAT4 (lipid synthesis), PCYT1A (phospholipid synthesis), SLC25A1 (citrate export for lipogenesis), MARCHF6 (ER-associated degradation of cholesterol enzymes), and VPS13D (lipid transfer at contact sites). The morphological phenotypes likely reflect altered mitochondrial morphology, ER structure, and lipid droplet formation. SMIM12 emerges as the top discovery priority—completely uncharacterized but clustering with well-defined mitochondrial-lipid genes. VHL represents a surprising high-priority candidate, suggesting the hypoxia-sensing E3 ligase may have unrecognized roles in metabolic regulation beyond HIF. SBNO2 and CHP2 offer moderate-priority opportunities to connect transcriptional/calcium signaling to organellar metabolism. Several genes (LSM2, EEF2, CSNK2B) likely reflect indirect housekeeping functions rather than specific pathway roles.	nucleus_COX4_mean	EEF2	novel	3.0	Essential translation elongation factor. Presence likely reflects high translation demands of mitochondrial/lipid metabolism genes rather than specific pathway role. Very low priority as function is well-established and connection is indirect.	-0.2515645921230316	0.0181999999999999	1.7399286120149275	-0.0280142817048082	-0.0050202041732616
9	Mitochondrial dynamics and lipid metabolism	High	This cluster shows HIGH confidence for mitochondrial dynamics and lipid metabolism as the dominant pathway. Core established genes include DNM1L and MFN2 (mitochondrial fission/fusion), RHOT2 (mitochondrial trafficking), SREBF2 (cholesterol biosynthesis transcription factor), SCD and GPAT4 (lipid synthesis), PCYT1A (phospholipid synthesis), SLC25A1 (citrate export for lipogenesis), MARCHF6 (ER-associated degradation of cholesterol enzymes), and VPS13D (lipid transfer at contact sites). The morphological phenotypes likely reflect altered mitochondrial morphology, ER structure, and lipid droplet formation. SMIM12 emerges as the top discovery priority—completely uncharacterized but clustering with well-defined mitochondrial-lipid genes. VHL represents a surprising high-priority candidate, suggesting the hypoxia-sensing E3 ligase may have unrecognized roles in metabolic regulation beyond HIF. SBNO2 and CHP2 offer moderate-priority opportunities to connect transcriptional/calcium signaling to organellar metabolism. Several genes (LSM2, EEF2, CSNK2B) likely reflect indirect housekeeping functions rather than specific pathway roles.	nucleus_COX4_mean	LSM2	novel	4.0	Well-characterized component of U6 snRNP in pre-mRNA splicing. Presence likely reflects splicing requirements for mitochondrial/lipid metabolism genes rather than direct pathway involvement. Low priority as role is likely indirect.	-0.3525833487510681	0.0052	2.283996656365201	0.0029459418385317	-0.0255360655691966
9	Mitochondrial dynamics and lipid metabolism	High	This cluster shows HIGH confidence for mitochondrial dynamics and lipid metabolism as the dominant pathway. Core established genes include DNM1L and MFN2 (mitochondrial fission/fusion), RHOT2 (mitochondrial trafficking), SREBF2 (cholesterol biosynthesis transcription factor), SCD and GPAT4 (lipid synthesis), PCYT1A (phospholipid synthesis), SLC25A1 (citrate export for lipogenesis), MARCHF6 (ER-associated degradation of cholesterol enzymes), and VPS13D (lipid transfer at contact sites). The morphological phenotypes likely reflect altered mitochondrial morphology, ER structure, and lipid droplet formation. SMIM12 emerges as the top discovery priority—completely uncharacterized but clustering with well-defined mitochondrial-lipid genes. VHL represents a surprising high-priority candidate, suggesting the hypoxia-sensing E3 ligase may have unrecognized roles in metabolic regulation beyond HIF. SBNO2 and CHP2 offer moderate-priority opportunities to connect transcriptional/calcium signaling to organellar metabolism. Several genes (LSM2, EEF2, CSNK2B) likely reflect indirect housekeeping functions rather than specific pathway roles.	nucleus_COX4_mean	CSNK2B	novel	4.0	Regulatory subunit of constitutively active CK2 kinase with broad substrate specificity. While CK2 can phosphorylate metabolic enzymes, CSNK2B's presence more likely reflects general regulatory function rather than specific novel role in this pathway. Low priority.	-0.1239950060844421	0.254	0.595166283380062	-0.0015378551110456	-0.0021330263262574
9	Mitochondrial dynamics and lipid metabolism	High	This cluster shows HIGH confidence for mitochondrial dynamics and lipid metabolism as the dominant pathway. Core established genes include DNM1L and MFN2 (mitochondrial fission/fusion), RHOT2 (mitochondrial trafficking), SREBF2 (cholesterol biosynthesis transcription factor), SCD and GPAT4 (lipid synthesis), PCYT1A (phospholipid synthesis), SLC25A1 (citrate export for lipogenesis), MARCHF6 (ER-associated degradation of cholesterol enzymes), and VPS13D (lipid transfer at contact sites). The morphological phenotypes likely reflect altered mitochondrial morphology, ER structure, and lipid droplet formation. SMIM12 emerges as the top discovery priority—completely uncharacterized but clustering with well-defined mitochondrial-lipid genes. VHL represents a surprising high-priority candidate, suggesting the hypoxia-sensing E3 ligase may have unrecognized roles in metabolic regulation beyond HIF. SBNO2 and CHP2 offer moderate-priority opportunities to connect transcriptional/calcium signaling to organellar metabolism. Several genes (LSM2, EEF2, CSNK2B) likely reflect indirect housekeeping functions rather than specific pathway roles.	nucleus_COX4_mean	TMPO	novel	5.0	Nuclear lamina protein involved in nuclear organization and post-mitotic assembly. Presence in mitochondrial/lipid metabolism cluster is unexpected. May reflect indirect effects of nuclear organization on lipid gene expression or represent technical artifact. Lower priority given weak mechanistic connection.	-0.1900737583637237	0.0673999999999999	1.1713401034646809	-0.0005878329033876	-0.0049337310596537
9	Mitochondrial dynamics and lipid metabolism	High	This cluster shows HIGH confidence for mitochondrial dynamics and lipid metabolism as the dominant pathway. Core established genes include DNM1L and MFN2 (mitochondrial fission/fusion), RHOT2 (mitochondrial trafficking), SREBF2 (cholesterol biosynthesis transcription factor), SCD and GPAT4 (lipid synthesis), PCYT1A (phospholipid synthesis), SLC25A1 (citrate export for lipogenesis), MARCHF6 (ER-associated degradation of cholesterol enzymes), and VPS13D (lipid transfer at contact sites). The morphological phenotypes likely reflect altered mitochondrial morphology, ER structure, and lipid droplet formation. SMIM12 emerges as the top discovery priority—completely uncharacterized but clustering with well-defined mitochondrial-lipid genes. VHL represents a surprising high-priority candidate, suggesting the hypoxia-sensing E3 ligase may have unrecognized roles in metabolic regulation beyond HIF. SBNO2 and CHP2 offer moderate-priority opportunities to connect transcriptional/calcium signaling to organellar metabolism. Several genes (LSM2, EEF2, CSNK2B) likely reflect indirect housekeeping functions rather than specific pathway roles.	nucleus_COX4_mean	ZMYM4	novel	5.0	Known role in cell morphology and cytoskeletal organization. No established connection to mitochondrial dynamics or lipid metabolism. Could potentially link cytoskeletal remodeling to mitochondrial positioning, but connection is speculative. Moderate-low priority.	-0.3071836829185486	0.0036	2.4436974992327127	0.0029702170776703	-0.0137437688645424
9	Mitochondrial dynamics and lipid metabolism	High	This cluster shows HIGH confidence for mitochondrial dynamics and lipid metabolism as the dominant pathway. Core established genes include DNM1L and MFN2 (mitochondrial fission/fusion), RHOT2 (mitochondrial trafficking), SREBF2 (cholesterol biosynthesis transcription factor), SCD and GPAT4 (lipid synthesis), PCYT1A (phospholipid synthesis), SLC25A1 (citrate export for lipogenesis), MARCHF6 (ER-associated degradation of cholesterol enzymes), and VPS13D (lipid transfer at contact sites). The morphological phenotypes likely reflect altered mitochondrial morphology, ER structure, and lipid droplet formation. SMIM12 emerges as the top discovery priority—completely uncharacterized but clustering with well-defined mitochondrial-lipid genes. VHL represents a surprising high-priority candidate, suggesting the hypoxia-sensing E3 ligase may have unrecognized roles in metabolic regulation beyond HIF. SBNO2 and CHP2 offer moderate-priority opportunities to connect transcriptional/calcium signaling to organellar metabolism. Several genes (LSM2, EEF2, CSNK2B) likely reflect indirect housekeeping functions rather than specific pathway roles.	nucleus_COX4_mean	CHP2	novel	6.0	Characterized as pH regulator via Na+/H+ exchange and calcineurin/NFAT signaling activator. No direct links to mitochondrial dynamics or lipid metabolism, though calcium signaling can influence mitochondrial function. Moderate priority for investigating potential role in calcium-dependent regulation of mitochondrial-ER contact sites.	-0.0584307201206684	0.6958	0.15751557558842988	0.0038470136398727	0.0020661662049013
9	Mitochondrial dynamics and lipid metabolism	High	This cluster shows HIGH confidence for mitochondrial dynamics and lipid metabolism as the dominant pathway. Core established genes include DNM1L and MFN2 (mitochondrial fission/fusion), RHOT2 (mitochondrial trafficking), SREBF2 (cholesterol biosynthesis transcription factor), SCD and GPAT4 (lipid synthesis), PCYT1A (phospholipid synthesis), SLC25A1 (citrate export for lipogenesis), MARCHF6 (ER-associated degradation of cholesterol enzymes), and VPS13D (lipid transfer at contact sites). The morphological phenotypes likely reflect altered mitochondrial morphology, ER structure, and lipid droplet formation. SMIM12 emerges as the top discovery priority—completely uncharacterized but clustering with well-defined mitochondrial-lipid genes. VHL represents a surprising high-priority candidate, suggesting the hypoxia-sensing E3 ligase may have unrecognized roles in metabolic regulation beyond HIF. SBNO2 and CHP2 offer moderate-priority opportunities to connect transcriptional/calcium signaling to organellar metabolism. Several genes (LSM2, EEF2, CSNK2B) likely reflect indirect housekeeping functions rather than specific pathway roles.	nucleus_COX4_mean	SBNO2	novel	7.0	Known as transcriptional coregulator in osteoclast differentiation and NF-kappaB repression, but no established role in mitochondrial or lipid metabolism. Clustering with mitochondrial dynamics and lipid synthesis genes suggests potential novel function in coordinating transcriptional responses to metabolic stress or organellar remodeling.	-0.5667592287063599	0.0		0.0005894767184203	-0.0059073845216358
9	Mitochondrial dynamics and lipid metabolism	High	This cluster shows HIGH confidence for mitochondrial dynamics and lipid metabolism as the dominant pathway. Core established genes include DNM1L and MFN2 (mitochondrial fission/fusion), RHOT2 (mitochondrial trafficking), SREBF2 (cholesterol biosynthesis transcription factor), SCD and GPAT4 (lipid synthesis), PCYT1A (phospholipid synthesis), SLC25A1 (citrate export for lipogenesis), MARCHF6 (ER-associated degradation of cholesterol enzymes), and VPS13D (lipid transfer at contact sites). The morphological phenotypes likely reflect altered mitochondrial morphology, ER structure, and lipid droplet formation. SMIM12 emerges as the top discovery priority—completely uncharacterized but clustering with well-defined mitochondrial-lipid genes. VHL represents a surprising high-priority candidate, suggesting the hypoxia-sensing E3 ligase may have unrecognized roles in metabolic regulation beyond HIF. SBNO2 and CHP2 offer moderate-priority opportunities to connect transcriptional/calcium signaling to organellar metabolism. Several genes (LSM2, EEF2, CSNK2B) likely reflect indirect housekeeping functions rather than specific pathway roles.	nucleus_COX4_mean	VHL	novel	8.0	Well-established as E3 ubiquitin ligase for HIF degradation and oxygen sensing, but no prior connection to mitochondrial dynamics or lipid metabolism. Recent finding that VHL regulates mTORC1 via RPTOR ubiquitination suggests potential metabolic regulatory role. Presence in this cluster hints at unexpected involvement in mitochondrial-ER lipid homeostasis.	-0.3962326049804687	0.0001999999999999	3.698970004336236	-0.003988131021948	-0.0182531369022581
9	Mitochondrial dynamics and lipid metabolism	High	This cluster shows HIGH confidence for mitochondrial dynamics and lipid metabolism as the dominant pathway. Core established genes include DNM1L and MFN2 (mitochondrial fission/fusion), RHOT2 (mitochondrial trafficking), SREBF2 (cholesterol biosynthesis transcription factor), SCD and GPAT4 (lipid synthesis), PCYT1A (phospholipid synthesis), SLC25A1 (citrate export for lipogenesis), MARCHF6 (ER-associated degradation of cholesterol enzymes), and VPS13D (lipid transfer at contact sites). The morphological phenotypes likely reflect altered mitochondrial morphology, ER structure, and lipid droplet formation. SMIM12 emerges as the top discovery priority—completely uncharacterized but clustering with well-defined mitochondrial-lipid genes. VHL represents a surprising high-priority candidate, suggesting the hypoxia-sensing E3 ligase may have unrecognized roles in metabolic regulation beyond HIF. SBNO2 and CHP2 offer moderate-priority opportunities to connect transcriptional/calcium signaling to organellar metabolism. Several genes (LSM2, EEF2, CSNK2B) likely reflect indirect housekeeping functions rather than specific pathway roles.	nucleus_COX4_mean	SMIM12	uncharacterized	9.0	Virtually no functional annotation available. Given cluster enrichment for mitochondrial dynamics and ER-mitochondria lipid metabolism, SMIM12 represents a high-priority target for discovering novel regulators of organellar membrane remodeling or lipid homeostasis.	-0.3051398694515228	0.0054	2.2676062401770314	0.0028514063377929	-0.0037807386875213
10	Cullin-RING E3 ubiquitin ligase (CRL) pathway	High	This cluster shows HIGH confidence for the Cullin-RING E3 ubiquitin ligase (CRL) pathway, with ~75% of genes fitting this process. Core CRL machinery is present (CUL3, RBX1, UBE2M) along with multiple KCTD substrate adaptors (KCTD17, KCTD10, KCTD5). The morphological screen context (actin, membrane, organelle staining) aligns with known CRL functions in cytoskeletal regulation and protein turnover. Top priorities: ENSG00000283321 (completely uncharacterized), BTBD9 (BTB domain protein with no known CRL role), and MUS81 (DNA repair protein with potential novel ubiquitin regulation). Multiple actin regulators (CAPZA2, CAPZB, CFL1) and DNA metabolism proteins (MUS81, POLA2) suggest CRLs coordinate cytoskeletal dynamics with genome maintenance, potentially explaining the morphological phenotypes observed.	cytoplasm_AGP_mean	CUL3	established			1.178135633468628	0.0		0.0070140744233873	-0.0206343394339526
10	Cullin-RING E3 ubiquitin ligase (CRL) pathway	High	This cluster shows HIGH confidence for the Cullin-RING E3 ubiquitin ligase (CRL) pathway, with ~75% of genes fitting this process. Core CRL machinery is present (CUL3, RBX1, UBE2M) along with multiple KCTD substrate adaptors (KCTD17, KCTD10, KCTD5). The morphological screen context (actin, membrane, organelle staining) aligns with known CRL functions in cytoskeletal regulation and protein turnover. Top priorities: ENSG00000283321 (completely uncharacterized), BTBD9 (BTB domain protein with no known CRL role), and MUS81 (DNA repair protein with potential novel ubiquitin regulation). Multiple actin regulators (CAPZA2, CAPZB, CFL1) and DNA metabolism proteins (MUS81, POLA2) suggest CRLs coordinate cytoskeletal dynamics with genome maintenance, potentially explaining the morphological phenotypes observed.	cytoplasm_AGP_mean	RBX1	established			0.6274265050888062	0.0		0.0115752115596071	-0.0273493516963656
10	Cullin-RING E3 ubiquitin ligase (CRL) pathway	High	This cluster shows HIGH confidence for the Cullin-RING E3 ubiquitin ligase (CRL) pathway, with ~75% of genes fitting this process. Core CRL machinery is present (CUL3, RBX1, UBE2M) along with multiple KCTD substrate adaptors (KCTD17, KCTD10, KCTD5). The morphological screen context (actin, membrane, organelle staining) aligns with known CRL functions in cytoskeletal regulation and protein turnover. Top priorities: ENSG00000283321 (completely uncharacterized), BTBD9 (BTB domain protein with no known CRL role), and MUS81 (DNA repair protein with potential novel ubiquitin regulation). Multiple actin regulators (CAPZA2, CAPZB, CFL1) and DNA metabolism proteins (MUS81, POLA2) suggest CRLs coordinate cytoskeletal dynamics with genome maintenance, potentially explaining the morphological phenotypes observed.	cytoplasm_AGP_mean	UBE2M	established			0.3551915287971496	0.0066	2.1804560644581312	0.0103574988374168	-0.0199535487018664
10	Cullin-RING E3 ubiquitin ligase (CRL) pathway	High	This cluster shows HIGH confidence for the Cullin-RING E3 ubiquitin ligase (CRL) pathway, with ~75% of genes fitting this process. Core CRL machinery is present (CUL3, RBX1, UBE2M) along with multiple KCTD substrate adaptors (KCTD17, KCTD10, KCTD5). The morphological screen context (actin, membrane, organelle staining) aligns with known CRL functions in cytoskeletal regulation and protein turnover. Top priorities: ENSG00000283321 (completely uncharacterized), BTBD9 (BTB domain protein with no known CRL role), and MUS81 (DNA repair protein with potential novel ubiquitin regulation). Multiple actin regulators (CAPZA2, CAPZB, CFL1) and DNA metabolism proteins (MUS81, POLA2) suggest CRLs coordinate cytoskeletal dynamics with genome maintenance, potentially explaining the morphological phenotypes observed.	cytoplasm_AGP_mean	KCTD17	established			0.4421039819717407	0.0		0.0076738710706451	-0.0160187261814518
10	Cullin-RING E3 ubiquitin ligase (CRL) pathway	High	This cluster shows HIGH confidence for the Cullin-RING E3 ubiquitin ligase (CRL) pathway, with ~75% of genes fitting this process. Core CRL machinery is present (CUL3, RBX1, UBE2M) along with multiple KCTD substrate adaptors (KCTD17, KCTD10, KCTD5). The morphological screen context (actin, membrane, organelle staining) aligns with known CRL functions in cytoskeletal regulation and protein turnover. Top priorities: ENSG00000283321 (completely uncharacterized), BTBD9 (BTB domain protein with no known CRL role), and MUS81 (DNA repair protein with potential novel ubiquitin regulation). Multiple actin regulators (CAPZA2, CAPZB, CFL1) and DNA metabolism proteins (MUS81, POLA2) suggest CRLs coordinate cytoskeletal dynamics with genome maintenance, potentially explaining the morphological phenotypes observed.	cytoplasm_AGP_mean	KCTD10	established			0.7875049710273743	0.0		0.0062541716525098	-0.01771326633958
10	Cullin-RING E3 ubiquitin ligase (CRL) pathway	High	This cluster shows HIGH confidence for the Cullin-RING E3 ubiquitin ligase (CRL) pathway, with ~75% of genes fitting this process. Core CRL machinery is present (CUL3, RBX1, UBE2M) along with multiple KCTD substrate adaptors (KCTD17, KCTD10, KCTD5). The morphological screen context (actin, membrane, organelle staining) aligns with known CRL functions in cytoskeletal regulation and protein turnover. Top priorities: ENSG00000283321 (completely uncharacterized), BTBD9 (BTB domain protein with no known CRL role), and MUS81 (DNA repair protein with potential novel ubiquitin regulation). Multiple actin regulators (CAPZA2, CAPZB, CFL1) and DNA metabolism proteins (MUS81, POLA2) suggest CRLs coordinate cytoskeletal dynamics with genome maintenance, potentially explaining the morphological phenotypes observed.	cytoplasm_AGP_mean	KCTD5	established			0.4671716094017029	0.0004	3.3979400086720375	0.0056347819290084	-0.0080525462783507
10	Cullin-RING E3 ubiquitin ligase (CRL) pathway	High	This cluster shows HIGH confidence for the Cullin-RING E3 ubiquitin ligase (CRL) pathway, with ~75% of genes fitting this process. Core CRL machinery is present (CUL3, RBX1, UBE2M) along with multiple KCTD substrate adaptors (KCTD17, KCTD10, KCTD5). The morphological screen context (actin, membrane, organelle staining) aligns with known CRL functions in cytoskeletal regulation and protein turnover. Top priorities: ENSG00000283321 (completely uncharacterized), BTBD9 (BTB domain protein with no known CRL role), and MUS81 (DNA repair protein with potential novel ubiquitin regulation). Multiple actin regulators (CAPZA2, CAPZB, CFL1) and DNA metabolism proteins (MUS81, POLA2) suggest CRLs coordinate cytoskeletal dynamics with genome maintenance, potentially explaining the morphological phenotypes observed.	cytoplasm_AGP_mean	G6PC2	novel	1.0	Glucose-6-phosphatase involved in glucose metabolism. No clear connection to CRL pathway. Likely represents off-target or indirect morphological effect rather than novel pathway role.	0.3041615188121795	0.0042	2.3767507096020997	0.0051422370494816	-0.0080733822125983
10	Cullin-RING E3 ubiquitin ligase (CRL) pathway	High	This cluster shows HIGH confidence for the Cullin-RING E3 ubiquitin ligase (CRL) pathway, with ~75% of genes fitting this process. Core CRL machinery is present (CUL3, RBX1, UBE2M) along with multiple KCTD substrate adaptors (KCTD17, KCTD10, KCTD5). The morphological screen context (actin, membrane, organelle staining) aligns with known CRL functions in cytoskeletal regulation and protein turnover. Top priorities: ENSG00000283321 (completely uncharacterized), BTBD9 (BTB domain protein with no known CRL role), and MUS81 (DNA repair protein with potential novel ubiquitin regulation). Multiple actin regulators (CAPZA2, CAPZB, CFL1) and DNA metabolism proteins (MUS81, POLA2) suggest CRLs coordinate cytoskeletal dynamics with genome maintenance, potentially explaining the morphological phenotypes observed.	cytoplasm_AGP_mean	TAOK3	novel	2.0	MAP kinase kinase kinase. While kinases can be CRL substrates, TAOK3 has established regulatory mechanisms. Clustering likely reflects downstream effects rather than novel direct regulation.	0.4641337096691131	0.0002	3.6989700043360187	0.0064069237817898	-0.011384267072787
10	Cullin-RING E3 ubiquitin ligase (CRL) pathway	High	This cluster shows HIGH confidence for the Cullin-RING E3 ubiquitin ligase (CRL) pathway, with ~75% of genes fitting this process. Core CRL machinery is present (CUL3, RBX1, UBE2M) along with multiple KCTD substrate adaptors (KCTD17, KCTD10, KCTD5). The morphological screen context (actin, membrane, organelle staining) aligns with known CRL functions in cytoskeletal regulation and protein turnover. Top priorities: ENSG00000283321 (completely uncharacterized), BTBD9 (BTB domain protein with no known CRL role), and MUS81 (DNA repair protein with potential novel ubiquitin regulation). Multiple actin regulators (CAPZA2, CAPZB, CFL1) and DNA metabolism proteins (MUS81, POLA2) suggest CRLs coordinate cytoskeletal dynamics with genome maintenance, potentially explaining the morphological phenotypes observed.	cytoplasm_AGP_mean	BTF3	novel	3.0	Transcription factor and nascent polypeptide-associated complex component. CRLs regulate transcription factors, but BTF3 connection is speculative and may reflect indirect effects.	0.5338457226753235	0.0		-0.0004550638221019	-0.0161330551736211
10	Cullin-RING E3 ubiquitin ligase (CRL) pathway	High	This cluster shows HIGH confidence for the Cullin-RING E3 ubiquitin ligase (CRL) pathway, with ~75% of genes fitting this process. Core CRL machinery is present (CUL3, RBX1, UBE2M) along with multiple KCTD substrate adaptors (KCTD17, KCTD10, KCTD5). The morphological screen context (actin, membrane, organelle staining) aligns with known CRL functions in cytoskeletal regulation and protein turnover. Top priorities: ENSG00000283321 (completely uncharacterized), BTBD9 (BTB domain protein with no known CRL role), and MUS81 (DNA repair protein with potential novel ubiquitin regulation). Multiple actin regulators (CAPZA2, CAPZB, CFL1) and DNA metabolism proteins (MUS81, POLA2) suggest CRLs coordinate cytoskeletal dynamics with genome maintenance, potentially explaining the morphological phenotypes observed.	cytoplasm_AGP_mean	CAB39	novel	3.0	STK11/LKB1 activator. Some kinase regulators are CRL substrates, but CAB39 regulation by ubiquitination is not well-documented. Connection may be indirect.	0.246480792760849	0.0448	1.348721986001856	0.0051507872793769	-0.0107062241786268
10	Cullin-RING E3 ubiquitin ligase (CRL) pathway	High	This cluster shows HIGH confidence for the Cullin-RING E3 ubiquitin ligase (CRL) pathway, with ~75% of genes fitting this process. Core CRL machinery is present (CUL3, RBX1, UBE2M) along with multiple KCTD substrate adaptors (KCTD17, KCTD10, KCTD5). The morphological screen context (actin, membrane, organelle staining) aligns with known CRL functions in cytoskeletal regulation and protein turnover. Top priorities: ENSG00000283321 (completely uncharacterized), BTBD9 (BTB domain protein with no known CRL role), and MUS81 (DNA repair protein with potential novel ubiquitin regulation). Multiple actin regulators (CAPZA2, CAPZB, CFL1) and DNA metabolism proteins (MUS81, POLA2) suggest CRLs coordinate cytoskeletal dynamics with genome maintenance, potentially explaining the morphological phenotypes observed.	cytoplasm_AGP_mean	NCBP1	novel	4.0	Cap-binding complex component involved in mRNA processing. While CRLs regulate transcription/RNA processing factors, NCBP1 as a CRL substrate is not established but plausible given nuclear functions.	0.3680219650268554	0.0042	2.3767507096020997	0.0050818935261228	-0.0307011133660722
10	Cullin-RING E3 ubiquitin ligase (CRL) pathway	High	This cluster shows HIGH confidence for the Cullin-RING E3 ubiquitin ligase (CRL) pathway, with ~75% of genes fitting this process. Core CRL machinery is present (CUL3, RBX1, UBE2M) along with multiple KCTD substrate adaptors (KCTD17, KCTD10, KCTD5). The morphological screen context (actin, membrane, organelle staining) aligns with known CRL functions in cytoskeletal regulation and protein turnover. Top priorities: ENSG00000283321 (completely uncharacterized), BTBD9 (BTB domain protein with no known CRL role), and MUS81 (DNA repair protein with potential novel ubiquitin regulation). Multiple actin regulators (CAPZA2, CAPZB, CFL1) and DNA metabolism proteins (MUS81, POLA2) suggest CRLs coordinate cytoskeletal dynamics with genome maintenance, potentially explaining the morphological phenotypes observed.	cytoplasm_AGP_mean	NCBP2	novel	4.0	Cap-binding complex partner of NCBP1. Same rationale - potential novel CRL-mediated regulation of mRNA cap-binding.	0.3772504329681396	0.0036	2.4436974992327127	-0.001455324334077	-0.0324032616024006
10	Cullin-RING E3 ubiquitin ligase (CRL) pathway	High	This cluster shows HIGH confidence for the Cullin-RING E3 ubiquitin ligase (CRL) pathway, with ~75% of genes fitting this process. Core CRL machinery is present (CUL3, RBX1, UBE2M) along with multiple KCTD substrate adaptors (KCTD17, KCTD10, KCTD5). The morphological screen context (actin, membrane, organelle staining) aligns with known CRL functions in cytoskeletal regulation and protein turnover. Top priorities: ENSG00000283321 (completely uncharacterized), BTBD9 (BTB domain protein with no known CRL role), and MUS81 (DNA repair protein with potential novel ubiquitin regulation). Multiple actin regulators (CAPZA2, CAPZB, CFL1) and DNA metabolism proteins (MUS81, POLA2) suggest CRLs coordinate cytoskeletal dynamics with genome maintenance, potentially explaining the morphological phenotypes observed.	cytoplasm_AGP_mean	CAPZA2	novel	5.0	Actin-capping protein. CRLs regulate cytoskeletal proteins, and morphological clustering suggests potential ubiquitin-mediated regulation of actin dynamics, though not previously documented for CAPZA2.	0.3338007628917694	0.0022	2.657577319177794	0.0027279619895044	-0.0039304832035842
10	Cullin-RING E3 ubiquitin ligase (CRL) pathway	High	This cluster shows HIGH confidence for the Cullin-RING E3 ubiquitin ligase (CRL) pathway, with ~75% of genes fitting this process. Core CRL machinery is present (CUL3, RBX1, UBE2M) along with multiple KCTD substrate adaptors (KCTD17, KCTD10, KCTD5). The morphological screen context (actin, membrane, organelle staining) aligns with known CRL functions in cytoskeletal regulation and protein turnover. Top priorities: ENSG00000283321 (completely uncharacterized), BTBD9 (BTB domain protein with no known CRL role), and MUS81 (DNA repair protein with potential novel ubiquitin regulation). Multiple actin regulators (CAPZA2, CAPZB, CFL1) and DNA metabolism proteins (MUS81, POLA2) suggest CRLs coordinate cytoskeletal dynamics with genome maintenance, potentially explaining the morphological phenotypes observed.	cytoplasm_AGP_mean	CAPZB	novel	5.0	Actin-capping protein partner of CAPZA2. Same rationale as CAPZA2 - potential novel CRL-mediated regulation of actin capping activity.	1.4471100568771362	0.0		0.0058151001891033	-0.0168384708639452
10	Cullin-RING E3 ubiquitin ligase (CRL) pathway	High	This cluster shows HIGH confidence for the Cullin-RING E3 ubiquitin ligase (CRL) pathway, with ~75% of genes fitting this process. Core CRL machinery is present (CUL3, RBX1, UBE2M) along with multiple KCTD substrate adaptors (KCTD17, KCTD10, KCTD5). The morphological screen context (actin, membrane, organelle staining) aligns with known CRL functions in cytoskeletal regulation and protein turnover. Top priorities: ENSG00000283321 (completely uncharacterized), BTBD9 (BTB domain protein with no known CRL role), and MUS81 (DNA repair protein with potential novel ubiquitin regulation). Multiple actin regulators (CAPZA2, CAPZB, CFL1) and DNA metabolism proteins (MUS81, POLA2) suggest CRLs coordinate cytoskeletal dynamics with genome maintenance, potentially explaining the morphological phenotypes observed.	cytoplasm_AGP_mean	CFL1	novel	5.0	Cofilin, actin-depolymerizing factor. Known to be regulated by phosphorylation, but potential ubiquitin-mediated regulation by CRLs would be novel. Morphological phenotype overlap supports connection.	0.5076841115951538	0.0008	3.0969100130080562	0.0046358486766291	-0.0122607916693414
10	Cullin-RING E3 ubiquitin ligase (CRL) pathway	High	This cluster shows HIGH confidence for the Cullin-RING E3 ubiquitin ligase (CRL) pathway, with ~75% of genes fitting this process. Core CRL machinery is present (CUL3, RBX1, UBE2M) along with multiple KCTD substrate adaptors (KCTD17, KCTD10, KCTD5). The morphological screen context (actin, membrane, organelle staining) aligns with known CRL functions in cytoskeletal regulation and protein turnover. Top priorities: ENSG00000283321 (completely uncharacterized), BTBD9 (BTB domain protein with no known CRL role), and MUS81 (DNA repair protein with potential novel ubiquitin regulation). Multiple actin regulators (CAPZA2, CAPZB, CFL1) and DNA metabolism proteins (MUS81, POLA2) suggest CRLs coordinate cytoskeletal dynamics with genome maintenance, potentially explaining the morphological phenotypes observed.	cytoplasm_AGP_mean	DNM1	novel	6.0	Dynamin GTPase mediating endocytosis. While some CRL substrates affect membrane trafficking, DNM1 regulation by CRLs is not established. Morphological screen context (membrane/organelle staining) makes connection plausible.	0.6130951046943665	0.0		0.0092210131160833	-0.015872084564822
10	Cullin-RING E3 ubiquitin ligase (CRL) pathway	High	This cluster shows HIGH confidence for the Cullin-RING E3 ubiquitin ligase (CRL) pathway, with ~75% of genes fitting this process. Core CRL machinery is present (CUL3, RBX1, UBE2M) along with multiple KCTD substrate adaptors (KCTD17, KCTD10, KCTD5). The morphological screen context (actin, membrane, organelle staining) aligns with known CRL functions in cytoskeletal regulation and protein turnover. Top priorities: ENSG00000283321 (completely uncharacterized), BTBD9 (BTB domain protein with no known CRL role), and MUS81 (DNA repair protein with potential novel ubiquitin regulation). Multiple actin regulators (CAPZA2, CAPZB, CFL1) and DNA metabolism proteins (MUS81, POLA2) suggest CRLs coordinate cytoskeletal dynamics with genome maintenance, potentially explaining the morphological phenotypes observed.	cytoplasm_AGP_mean	POLA2	novel	7.0	DNA polymerase alpha subunit involved in replication initiation. CRLs regulate cell cycle and replication proteins, but direct CRL-mediated regulation of POLA2 is not documented. Morphological phenotype overlap suggests novel regulatory connection.	0.2036750316619873	0.0784	1.1056839373155616	0.0088331839826058	-0.0164480852820866
10	Cullin-RING E3 ubiquitin ligase (CRL) pathway	High	This cluster shows HIGH confidence for the Cullin-RING E3 ubiquitin ligase (CRL) pathway, with ~75% of genes fitting this process. Core CRL machinery is present (CUL3, RBX1, UBE2M) along with multiple KCTD substrate adaptors (KCTD17, KCTD10, KCTD5). The morphological screen context (actin, membrane, organelle staining) aligns with known CRL functions in cytoskeletal regulation and protein turnover. Top priorities: ENSG00000283321 (completely uncharacterized), BTBD9 (BTB domain protein with no known CRL role), and MUS81 (DNA repair protein with potential novel ubiquitin regulation). Multiple actin regulators (CAPZA2, CAPZB, CFL1) and DNA metabolism proteins (MUS81, POLA2) suggest CRLs coordinate cytoskeletal dynamics with genome maintenance, potentially explaining the morphological phenotypes observed.	cytoplasm_AGP_mean	MUS81	novel	8.0	Well-characterized DNA repair endonuclease. Clustering with CRL components suggests novel regulation by ubiquitination. CRLs regulate DNA repair proteins, but MUS81 ubiquitination/degradation is not established.	0.2291999906301498	0.0206	1.6861327796308465	0.0045250948452173	-0.0077950187922824
10	Cullin-RING E3 ubiquitin ligase (CRL) pathway	High	This cluster shows HIGH confidence for the Cullin-RING E3 ubiquitin ligase (CRL) pathway, with ~75% of genes fitting this process. Core CRL machinery is present (CUL3, RBX1, UBE2M) along with multiple KCTD substrate adaptors (KCTD17, KCTD10, KCTD5). The morphological screen context (actin, membrane, organelle staining) aligns with known CRL functions in cytoskeletal regulation and protein turnover. Top priorities: ENSG00000283321 (completely uncharacterized), BTBD9 (BTB domain protein with no known CRL role), and MUS81 (DNA repair protein with potential novel ubiquitin regulation). Multiple actin regulators (CAPZA2, CAPZB, CFL1) and DNA metabolism proteins (MUS81, POLA2) suggest CRLs coordinate cytoskeletal dynamics with genome maintenance, potentially explaining the morphological phenotypes observed.	cytoplasm_AGP_mean	SPATA6L	uncharacterized	7.0	Extremely limited functional data. SPATA family members are typically testis-specific, but clustering with CRL components suggests potential moonlighting function in ubiquitin-mediated processes.	0.2750807106494903	0.0056	2.2518119729937998	0.0055753223980496	7.301800224307206e-08
10	Cullin-RING E3 ubiquitin ligase (CRL) pathway	High	This cluster shows HIGH confidence for the Cullin-RING E3 ubiquitin ligase (CRL) pathway, with ~75% of genes fitting this process. Core CRL machinery is present (CUL3, RBX1, UBE2M) along with multiple KCTD substrate adaptors (KCTD17, KCTD10, KCTD5). The morphological screen context (actin, membrane, organelle staining) aligns with known CRL functions in cytoskeletal regulation and protein turnover. Top priorities: ENSG00000283321 (completely uncharacterized), BTBD9 (BTB domain protein with no known CRL role), and MUS81 (DNA repair protein with potential novel ubiquitin regulation). Multiple actin regulators (CAPZA2, CAPZB, CFL1) and DNA metabolism proteins (MUS81, POLA2) suggest CRLs coordinate cytoskeletal dynamics with genome maintenance, potentially explaining the morphological phenotypes observed.	cytoplasm_AGP_mean	BTBD9	uncharacterized	8.0	BTB domain-containing protein with minimal functional characterization. BTB domains typically serve as substrate recognition modules in CUL3-based E3 ligases. No established role in any CRL complex despite structural prediction.	0.3571985065937042	0.0012	2.9208187539523753	0.0061229817746485	-0.0163250514045233
10	Cullin-RING E3 ubiquitin ligase (CRL) pathway	High	This cluster shows HIGH confidence for the Cullin-RING E3 ubiquitin ligase (CRL) pathway, with ~75% of genes fitting this process. Core CRL machinery is present (CUL3, RBX1, UBE2M) along with multiple KCTD substrate adaptors (KCTD17, KCTD10, KCTD5). The morphological screen context (actin, membrane, organelle staining) aligns with known CRL functions in cytoskeletal regulation and protein turnover. Top priorities: ENSG00000283321 (completely uncharacterized), BTBD9 (BTB domain protein with no known CRL role), and MUS81 (DNA repair protein with potential novel ubiquitin regulation). Multiple actin regulators (CAPZA2, CAPZB, CFL1) and DNA metabolism proteins (MUS81, POLA2) suggest CRLs coordinate cytoskeletal dynamics with genome maintenance, potentially explaining the morphological phenotypes observed.	cytoplasm_AGP_mean	ENSG00000283321	uncharacterized	10.0	Completely uncharacterized gene with no functional annotation. Clusters with core CRL components, suggesting potential role in ubiquitin-proteasome system. High discovery potential.	0.3597385883331299	0.0038	2.42021640338319	0.0070128194246511	-0.000934932268446
11	Nuclear Pore Complex Assembly and Nucleocytoplasmic Transport	High	This cluster shows exceptionally high confidence for Nuclear Pore Complex (NPC) assembly and nucleocytoplasmic transport, with 13 of 21 genes (62%) being established NPC components (nucleoporins and RANGAP1). The morphological phenotypes likely reflect disrupted nuclear envelope organization, altered nuclear-cytoplasmic compartmentalization, and defects in nuclear transport. The top discovery priority is ENSG00000251184, a completely uncharacterized gene that may represent a novel NPC-associated factor. TMEM147 presents a compelling hypothesis for a novel role in nucleoporin membrane insertion, bridging ER translocon biology with nuclear envelope assembly. UGT2B11 and KLK4 are unexpected outliers that may reveal novel metabolic or proteolytic aspects of NPC regulation. The remaining genes (NRF1, SRSF3, CHD4, ZNF143) likely represent regulatory or functional connections to the NPC but are lower priority as their involvement is more predictable from existing literature.	nucleus_AGP_mean	NUP133	established			-0.026101903989911	0.8240000000000001	0.08407278830288417	0.0014169823247059	-0.0321661579668235
11	Nuclear Pore Complex Assembly and Nucleocytoplasmic Transport	High	This cluster shows exceptionally high confidence for Nuclear Pore Complex (NPC) assembly and nucleocytoplasmic transport, with 13 of 21 genes (62%) being established NPC components (nucleoporins and RANGAP1). The morphological phenotypes likely reflect disrupted nuclear envelope organization, altered nuclear-cytoplasmic compartmentalization, and defects in nuclear transport. The top discovery priority is ENSG00000251184, a completely uncharacterized gene that may represent a novel NPC-associated factor. TMEM147 presents a compelling hypothesis for a novel role in nucleoporin membrane insertion, bridging ER translocon biology with nuclear envelope assembly. UGT2B11 and KLK4 are unexpected outliers that may reveal novel metabolic or proteolytic aspects of NPC regulation. The remaining genes (NRF1, SRSF3, CHD4, ZNF143) likely represent regulatory or functional connections to the NPC but are lower priority as their involvement is more predictable from existing literature.	nucleus_AGP_mean	NUP58	established			-0.3829227387905121	0.0009999999999998	3.0000000000000866	0.0034226561082654	-0.031522326113873
11	Nuclear Pore Complex Assembly and Nucleocytoplasmic Transport	High	This cluster shows exceptionally high confidence for Nuclear Pore Complex (NPC) assembly and nucleocytoplasmic transport, with 13 of 21 genes (62%) being established NPC components (nucleoporins and RANGAP1). The morphological phenotypes likely reflect disrupted nuclear envelope organization, altered nuclear-cytoplasmic compartmentalization, and defects in nuclear transport. The top discovery priority is ENSG00000251184, a completely uncharacterized gene that may represent a novel NPC-associated factor. TMEM147 presents a compelling hypothesis for a novel role in nucleoporin membrane insertion, bridging ER translocon biology with nuclear envelope assembly. UGT2B11 and KLK4 are unexpected outliers that may reveal novel metabolic or proteolytic aspects of NPC regulation. The remaining genes (NRF1, SRSF3, CHD4, ZNF143) likely represent regulatory or functional connections to the NPC but are lower priority as their involvement is more predictable from existing literature.	nucleus_AGP_mean	NUP93	established			-0.3553618788719177	0.0063999999999999	2.1938200260161196	0.0042732689593914	-0.0295507240804107
11	Nuclear Pore Complex Assembly and Nucleocytoplasmic Transport	High	This cluster shows exceptionally high confidence for Nuclear Pore Complex (NPC) assembly and nucleocytoplasmic transport, with 13 of 21 genes (62%) being established NPC components (nucleoporins and RANGAP1). The morphological phenotypes likely reflect disrupted nuclear envelope organization, altered nuclear-cytoplasmic compartmentalization, and defects in nuclear transport. The top discovery priority is ENSG00000251184, a completely uncharacterized gene that may represent a novel NPC-associated factor. TMEM147 presents a compelling hypothesis for a novel role in nucleoporin membrane insertion, bridging ER translocon biology with nuclear envelope assembly. UGT2B11 and KLK4 are unexpected outliers that may reveal novel metabolic or proteolytic aspects of NPC regulation. The remaining genes (NRF1, SRSF3, CHD4, ZNF143) likely represent regulatory or functional connections to the NPC but are lower priority as their involvement is more predictable from existing literature.	nucleus_AGP_mean	NUP43	established			-0.1177442818880081	0.2298	0.6386499756477336	-0.0051803542677753	-0.0210807203066048
11	Nuclear Pore Complex Assembly and Nucleocytoplasmic Transport	High	This cluster shows exceptionally high confidence for Nuclear Pore Complex (NPC) assembly and nucleocytoplasmic transport, with 13 of 21 genes (62%) being established NPC components (nucleoporins and RANGAP1). The morphological phenotypes likely reflect disrupted nuclear envelope organization, altered nuclear-cytoplasmic compartmentalization, and defects in nuclear transport. The top discovery priority is ENSG00000251184, a completely uncharacterized gene that may represent a novel NPC-associated factor. TMEM147 presents a compelling hypothesis for a novel role in nucleoporin membrane insertion, bridging ER translocon biology with nuclear envelope assembly. UGT2B11 and KLK4 are unexpected outliers that may reveal novel metabolic or proteolytic aspects of NPC regulation. The remaining genes (NRF1, SRSF3, CHD4, ZNF143) likely represent regulatory or functional connections to the NPC but are lower priority as their involvement is more predictable from existing literature.	nucleus_AGP_mean	NUP155	established			-0.4091350138187408	0.0		0.0034162335104231	-0.0290267953493068
11	Nuclear Pore Complex Assembly and Nucleocytoplasmic Transport	High	This cluster shows exceptionally high confidence for Nuclear Pore Complex (NPC) assembly and nucleocytoplasmic transport, with 13 of 21 genes (62%) being established NPC components (nucleoporins and RANGAP1). The morphological phenotypes likely reflect disrupted nuclear envelope organization, altered nuclear-cytoplasmic compartmentalization, and defects in nuclear transport. The top discovery priority is ENSG00000251184, a completely uncharacterized gene that may represent a novel NPC-associated factor. TMEM147 presents a compelling hypothesis for a novel role in nucleoporin membrane insertion, bridging ER translocon biology with nuclear envelope assembly. UGT2B11 and KLK4 are unexpected outliers that may reveal novel metabolic or proteolytic aspects of NPC regulation. The remaining genes (NRF1, SRSF3, CHD4, ZNF143) likely represent regulatory or functional connections to the NPC but are lower priority as their involvement is more predictable from existing literature.	nucleus_AGP_mean	NUP107	established			-0.3893503844738006	0.0012	2.9208187539523753	-0.0007110969873702	-0.0253828909180241
11	Nuclear Pore Complex Assembly and Nucleocytoplasmic Transport	High	This cluster shows exceptionally high confidence for Nuclear Pore Complex (NPC) assembly and nucleocytoplasmic transport, with 13 of 21 genes (62%) being established NPC components (nucleoporins and RANGAP1). The morphological phenotypes likely reflect disrupted nuclear envelope organization, altered nuclear-cytoplasmic compartmentalization, and defects in nuclear transport. The top discovery priority is ENSG00000251184, a completely uncharacterized gene that may represent a novel NPC-associated factor. TMEM147 presents a compelling hypothesis for a novel role in nucleoporin membrane insertion, bridging ER translocon biology with nuclear envelope assembly. UGT2B11 and KLK4 are unexpected outliers that may reveal novel metabolic or proteolytic aspects of NPC regulation. The remaining genes (NRF1, SRSF3, CHD4, ZNF143) likely represent regulatory or functional connections to the NPC but are lower priority as their involvement is more predictable from existing literature.	nucleus_AGP_mean	NUP188	established			-0.2860010862350464	0.0083999999999999	2.0757207139381233	0.004861853062928	-0.0278999621507361
11	Nuclear Pore Complex Assembly and Nucleocytoplasmic Transport	High	This cluster shows exceptionally high confidence for Nuclear Pore Complex (NPC) assembly and nucleocytoplasmic transport, with 13 of 21 genes (62%) being established NPC components (nucleoporins and RANGAP1). The morphological phenotypes likely reflect disrupted nuclear envelope organization, altered nuclear-cytoplasmic compartmentalization, and defects in nuclear transport. The top discovery priority is ENSG00000251184, a completely uncharacterized gene that may represent a novel NPC-associated factor. TMEM147 presents a compelling hypothesis for a novel role in nucleoporin membrane insertion, bridging ER translocon biology with nuclear envelope assembly. UGT2B11 and KLK4 are unexpected outliers that may reveal novel metabolic or proteolytic aspects of NPC regulation. The remaining genes (NRF1, SRSF3, CHD4, ZNF143) likely represent regulatory or functional connections to the NPC but are lower priority as their involvement is more predictable from existing literature.	nucleus_AGP_mean	NUP54	established			-0.6205888986587524	0.0001999999999999	3.698970004336236	0.001317534222282	-0.0278421636352892
11	Nuclear Pore Complex Assembly and Nucleocytoplasmic Transport	High	This cluster shows exceptionally high confidence for Nuclear Pore Complex (NPC) assembly and nucleocytoplasmic transport, with 13 of 21 genes (62%) being established NPC components (nucleoporins and RANGAP1). The morphological phenotypes likely reflect disrupted nuclear envelope organization, altered nuclear-cytoplasmic compartmentalization, and defects in nuclear transport. The top discovery priority is ENSG00000251184, a completely uncharacterized gene that may represent a novel NPC-associated factor. TMEM147 presents a compelling hypothesis for a novel role in nucleoporin membrane insertion, bridging ER translocon biology with nuclear envelope assembly. UGT2B11 and KLK4 are unexpected outliers that may reveal novel metabolic or proteolytic aspects of NPC regulation. The remaining genes (NRF1, SRSF3, CHD4, ZNF143) likely represent regulatory or functional connections to the NPC but are lower priority as their involvement is more predictable from existing literature.	nucleus_AGP_mean	NUP153	established			-0.2329575568437576	0.0132000000000001	1.8794260687941469	-0.0119395149278293	-0.0210267408423367
11	Nuclear Pore Complex Assembly and Nucleocytoplasmic Transport	High	This cluster shows exceptionally high confidence for Nuclear Pore Complex (NPC) assembly and nucleocytoplasmic transport, with 13 of 21 genes (62%) being established NPC components (nucleoporins and RANGAP1). The morphological phenotypes likely reflect disrupted nuclear envelope organization, altered nuclear-cytoplasmic compartmentalization, and defects in nuclear transport. The top discovery priority is ENSG00000251184, a completely uncharacterized gene that may represent a novel NPC-associated factor. TMEM147 presents a compelling hypothesis for a novel role in nucleoporin membrane insertion, bridging ER translocon biology with nuclear envelope assembly. UGT2B11 and KLK4 are unexpected outliers that may reveal novel metabolic or proteolytic aspects of NPC regulation. The remaining genes (NRF1, SRSF3, CHD4, ZNF143) likely represent regulatory or functional connections to the NPC but are lower priority as their involvement is more predictable from existing literature.	nucleus_AGP_mean	AHCTF1	established			-0.1909574717283249	0.1259999999999999	0.8996294548824375	-0.002617790767903	-0.0257454195227496
11	Nuclear Pore Complex Assembly and Nucleocytoplasmic Transport	High	This cluster shows exceptionally high confidence for Nuclear Pore Complex (NPC) assembly and nucleocytoplasmic transport, with 13 of 21 genes (62%) being established NPC components (nucleoporins and RANGAP1). The morphological phenotypes likely reflect disrupted nuclear envelope organization, altered nuclear-cytoplasmic compartmentalization, and defects in nuclear transport. The top discovery priority is ENSG00000251184, a completely uncharacterized gene that may represent a novel NPC-associated factor. TMEM147 presents a compelling hypothesis for a novel role in nucleoporin membrane insertion, bridging ER translocon biology with nuclear envelope assembly. UGT2B11 and KLK4 are unexpected outliers that may reveal novel metabolic or proteolytic aspects of NPC regulation. The remaining genes (NRF1, SRSF3, CHD4, ZNF143) likely represent regulatory or functional connections to the NPC but are lower priority as their involvement is more predictable from existing literature.	nucleus_AGP_mean	NUP85	established			-0.0944956988096237	0.4175999999999999	0.37923951000579437	0.0016225552464977	-0.0327327607845366
11	Nuclear Pore Complex Assembly and Nucleocytoplasmic Transport	High	This cluster shows exceptionally high confidence for Nuclear Pore Complex (NPC) assembly and nucleocytoplasmic transport, with 13 of 21 genes (62%) being established NPC components (nucleoporins and RANGAP1). The morphological phenotypes likely reflect disrupted nuclear envelope organization, altered nuclear-cytoplasmic compartmentalization, and defects in nuclear transport. The top discovery priority is ENSG00000251184, a completely uncharacterized gene that may represent a novel NPC-associated factor. TMEM147 presents a compelling hypothesis for a novel role in nucleoporin membrane insertion, bridging ER translocon biology with nuclear envelope assembly. UGT2B11 and KLK4 are unexpected outliers that may reveal novel metabolic or proteolytic aspects of NPC regulation. The remaining genes (NRF1, SRSF3, CHD4, ZNF143) likely represent regulatory or functional connections to the NPC but are lower priority as their involvement is more predictable from existing literature.	nucleus_AGP_mean	NUP98	established			-0.8772590160369873	0.0		0.0033546107361054	-0.0307627272994074
11	Nuclear Pore Complex Assembly and Nucleocytoplasmic Transport	High	This cluster shows exceptionally high confidence for Nuclear Pore Complex (NPC) assembly and nucleocytoplasmic transport, with 13 of 21 genes (62%) being established NPC components (nucleoporins and RANGAP1). The morphological phenotypes likely reflect disrupted nuclear envelope organization, altered nuclear-cytoplasmic compartmentalization, and defects in nuclear transport. The top discovery priority is ENSG00000251184, a completely uncharacterized gene that may represent a novel NPC-associated factor. TMEM147 presents a compelling hypothesis for a novel role in nucleoporin membrane insertion, bridging ER translocon biology with nuclear envelope assembly. UGT2B11 and KLK4 are unexpected outliers that may reveal novel metabolic or proteolytic aspects of NPC regulation. The remaining genes (NRF1, SRSF3, CHD4, ZNF143) likely represent regulatory or functional connections to the NPC but are lower priority as their involvement is more predictable from existing literature.	nucleus_AGP_mean	RANGAP1	established			-0.2019067108631134	0.0691999999999999	1.159893905543243	-0.0026755750063195	-0.0234822220084678
11	Nuclear Pore Complex Assembly and Nucleocytoplasmic Transport	High	This cluster shows exceptionally high confidence for Nuclear Pore Complex (NPC) assembly and nucleocytoplasmic transport, with 13 of 21 genes (62%) being established NPC components (nucleoporins and RANGAP1). The morphological phenotypes likely reflect disrupted nuclear envelope organization, altered nuclear-cytoplasmic compartmentalization, and defects in nuclear transport. The top discovery priority is ENSG00000251184, a completely uncharacterized gene that may represent a novel NPC-associated factor. TMEM147 presents a compelling hypothesis for a novel role in nucleoporin membrane insertion, bridging ER translocon biology with nuclear envelope assembly. UGT2B11 and KLK4 are unexpected outliers that may reveal novel metabolic or proteolytic aspects of NPC regulation. The remaining genes (NRF1, SRSF3, CHD4, ZNF143) likely represent regulatory or functional connections to the NPC but are lower priority as their involvement is more predictable from existing literature.	nucleus_AGP_mean	ZNF143	novel	4.0	Transcriptional activator that may regulate expression of nuclear pore complex genes. While this represents a potential regulatory connection, transcription factors often show broad connectivity in functional genomics screens. The connection is plausible but likely represents indirect regulation rather than a surprising novel role. Lower priority for follow-up.	-0.0695549324154853	0.5036	0.29791427856417496	-0.0224018088447137	-0.0155875954925464
11	Nuclear Pore Complex Assembly and Nucleocytoplasmic Transport	High	This cluster shows exceptionally high confidence for Nuclear Pore Complex (NPC) assembly and nucleocytoplasmic transport, with 13 of 21 genes (62%) being established NPC components (nucleoporins and RANGAP1). The morphological phenotypes likely reflect disrupted nuclear envelope organization, altered nuclear-cytoplasmic compartmentalization, and defects in nuclear transport. The top discovery priority is ENSG00000251184, a completely uncharacterized gene that may represent a novel NPC-associated factor. TMEM147 presents a compelling hypothesis for a novel role in nucleoporin membrane insertion, bridging ER translocon biology with nuclear envelope assembly. UGT2B11 and KLK4 are unexpected outliers that may reveal novel metabolic or proteolytic aspects of NPC regulation. The remaining genes (NRF1, SRSF3, CHD4, ZNF143) likely represent regulatory or functional connections to the NPC but are lower priority as their involvement is more predictable from existing literature.	nucleus_AGP_mean	CHD4	novel	5.0	Chromatin remodeling factor and NuRD complex component. While primarily studied for transcriptional regulation and DNA repair, CHD4 may have a novel role in organizing chromatin at the nuclear periphery or regulating expression of NPC genes. However, chromatin remodelers are often broadly connected to many processes, making this a lower priority for truly novel discovery.	-0.0253798104822635	0.8193999999999999	0.08650404038287654	0.002844771881736	-0.0189173865092488
11	Nuclear Pore Complex Assembly and Nucleocytoplasmic Transport	High	This cluster shows exceptionally high confidence for Nuclear Pore Complex (NPC) assembly and nucleocytoplasmic transport, with 13 of 21 genes (62%) being established NPC components (nucleoporins and RANGAP1). The morphological phenotypes likely reflect disrupted nuclear envelope organization, altered nuclear-cytoplasmic compartmentalization, and defects in nuclear transport. The top discovery priority is ENSG00000251184, a completely uncharacterized gene that may represent a novel NPC-associated factor. TMEM147 presents a compelling hypothesis for a novel role in nucleoporin membrane insertion, bridging ER translocon biology with nuclear envelope assembly. UGT2B11 and KLK4 are unexpected outliers that may reveal novel metabolic or proteolytic aspects of NPC regulation. The remaining genes (NRF1, SRSF3, CHD4, ZNF143) likely represent regulatory or functional connections to the NPC but are lower priority as their involvement is more predictable from existing literature.	nucleus_AGP_mean	SRSF3	novel	6.0	Splicing factor and mRNA export adapter with known roles in nucleocytoplasmic transport via the TAP/NXF1 pathway. While it functions in mRNA export through the NPC, its clustering here may indicate a more direct structural or regulatory role in NPC assembly or maintenance beyond its established cargo adapter function. Moderate priority as the connection to nuclear transport is already established.	-0.1702038049697876	0.2421999999999999	0.6158258611929668	0.0095618862008301	-0.0062483975250388
11	Nuclear Pore Complex Assembly and Nucleocytoplasmic Transport	High	This cluster shows exceptionally high confidence for Nuclear Pore Complex (NPC) assembly and nucleocytoplasmic transport, with 13 of 21 genes (62%) being established NPC components (nucleoporins and RANGAP1). The morphological phenotypes likely reflect disrupted nuclear envelope organization, altered nuclear-cytoplasmic compartmentalization, and defects in nuclear transport. The top discovery priority is ENSG00000251184, a completely uncharacterized gene that may represent a novel NPC-associated factor. TMEM147 presents a compelling hypothesis for a novel role in nucleoporin membrane insertion, bridging ER translocon biology with nuclear envelope assembly. UGT2B11 and KLK4 are unexpected outliers that may reveal novel metabolic or proteolytic aspects of NPC regulation. The remaining genes (NRF1, SRSF3, CHD4, ZNF143) likely represent regulatory or functional connections to the NPC but are lower priority as their involvement is more predictable from existing literature.	nucleus_AGP_mean	NRF1	novel	7.0	Transcription factor primarily known for regulating mitochondrial and metabolic genes. Recent evidence suggests NRF1 may regulate expression of nuclear pore complex components or coordinate nuclear envelope organization with cellular metabolism. Its presence here suggests a novel regulatory role in NPC biogenesis or maintenance that has not been extensively characterized.	-0.230652779340744	0.0427999999999999	1.3685562309868289	0.0065337981966038	-0.025145941580808
11	Nuclear Pore Complex Assembly and Nucleocytoplasmic Transport	High	This cluster shows exceptionally high confidence for Nuclear Pore Complex (NPC) assembly and nucleocytoplasmic transport, with 13 of 21 genes (62%) being established NPC components (nucleoporins and RANGAP1). The morphological phenotypes likely reflect disrupted nuclear envelope organization, altered nuclear-cytoplasmic compartmentalization, and defects in nuclear transport. The top discovery priority is ENSG00000251184, a completely uncharacterized gene that may represent a novel NPC-associated factor. TMEM147 presents a compelling hypothesis for a novel role in nucleoporin membrane insertion, bridging ER translocon biology with nuclear envelope assembly. UGT2B11 and KLK4 are unexpected outliers that may reveal novel metabolic or proteolytic aspects of NPC regulation. The remaining genes (NRF1, SRSF3, CHD4, ZNF143) likely represent regulatory or functional connections to the NPC but are lower priority as their involvement is more predictable from existing literature.	nucleus_AGP_mean	TMEM147	novel	8.0	Multi-pass translocon component involved in membrane protein insertion at the ER. Its clustering with NPC genes suggests a previously unrecognized role in nuclear envelope biogenesis or insertion of integral membrane nucleoporins. Given that the nuclear envelope is continuous with the ER and many nucleoporins are transmembrane proteins, TMEM147 may facilitate their proper membrane integration. This would be a novel and mechanistically interesting connection.	0.0898870602250099	0.3784	0.42204887227024485	0.0062563962858472	-0.008263525606078
11	Nuclear Pore Complex Assembly and Nucleocytoplasmic Transport	High	This cluster shows exceptionally high confidence for Nuclear Pore Complex (NPC) assembly and nucleocytoplasmic transport, with 13 of 21 genes (62%) being established NPC components (nucleoporins and RANGAP1). The morphological phenotypes likely reflect disrupted nuclear envelope organization, altered nuclear-cytoplasmic compartmentalization, and defects in nuclear transport. The top discovery priority is ENSG00000251184, a completely uncharacterized gene that may represent a novel NPC-associated factor. TMEM147 presents a compelling hypothesis for a novel role in nucleoporin membrane insertion, bridging ER translocon biology with nuclear envelope assembly. UGT2B11 and KLK4 are unexpected outliers that may reveal novel metabolic or proteolytic aspects of NPC regulation. The remaining genes (NRF1, SRSF3, CHD4, ZNF143) likely represent regulatory or functional connections to the NPC but are lower priority as their involvement is more predictable from existing literature.	nucleus_AGP_mean	KLK4	uncharacterized	6.0	Serine protease with established role in enamel formation. No known connection to nuclear pore complex or nucleocytoplasmic transport. May represent a novel role in proteolytic processing of NPC components during assembly/disassembly, or could be involved in nuclear envelope remodeling during cell division. Moderate priority due to well-characterized primary function.	0.0077235884964466	0.9472	0.02355831062115542	0.0045766180809423	-0.0051266480603909
11	Nuclear Pore Complex Assembly and Nucleocytoplasmic Transport	High	This cluster shows exceptionally high confidence for Nuclear Pore Complex (NPC) assembly and nucleocytoplasmic transport, with 13 of 21 genes (62%) being established NPC components (nucleoporins and RANGAP1). The morphological phenotypes likely reflect disrupted nuclear envelope organization, altered nuclear-cytoplasmic compartmentalization, and defects in nuclear transport. The top discovery priority is ENSG00000251184, a completely uncharacterized gene that may represent a novel NPC-associated factor. TMEM147 presents a compelling hypothesis for a novel role in nucleoporin membrane insertion, bridging ER translocon biology with nuclear envelope assembly. UGT2B11 and KLK4 are unexpected outliers that may reveal novel metabolic or proteolytic aspects of NPC regulation. The remaining genes (NRF1, SRSF3, CHD4, ZNF143) likely represent regulatory or functional connections to the NPC but are lower priority as their involvement is more predictable from existing literature.	nucleus_AGP_mean	UGT2B11	uncharacterized	7.0	UDP-glucuronosyltransferase involved in xenobiotic conjugation with no known connection to nuclear pore biology. Its presence in this cluster is unexpected and may indicate a novel role in nuclear envelope metabolism, nucleotide sugar transport to the nuclear envelope, or post-translational modification of NPC components. Warrants investigation despite established function in other pathways.	0.2058950066566467	0.1316	0.8807441107220634	-0.0014952866100247	-0.0137402306102701
11	Nuclear Pore Complex Assembly and Nucleocytoplasmic Transport	High	This cluster shows exceptionally high confidence for Nuclear Pore Complex (NPC) assembly and nucleocytoplasmic transport, with 13 of 21 genes (62%) being established NPC components (nucleoporins and RANGAP1). The morphological phenotypes likely reflect disrupted nuclear envelope organization, altered nuclear-cytoplasmic compartmentalization, and defects in nuclear transport. The top discovery priority is ENSG00000251184, a completely uncharacterized gene that may represent a novel NPC-associated factor. TMEM147 presents a compelling hypothesis for a novel role in nucleoporin membrane insertion, bridging ER translocon biology with nuclear envelope assembly. UGT2B11 and KLK4 are unexpected outliers that may reveal novel metabolic or proteolytic aspects of NPC regulation. The remaining genes (NRF1, SRSF3, CHD4, ZNF143) likely represent regulatory or functional connections to the NPC but are lower priority as their involvement is more predictable from existing literature.	nucleus_AGP_mean	ENSG00000251184	uncharacterized	9.0	Completely uncharacterized gene with no functional annotation. Clustering with 13 established nuclear pore complex components strongly suggests a role in NPC assembly, nucleocytoplasmic transport, or nuclear envelope organization. This represents a high-priority discovery opportunity for identifying a novel NPC-associated factor.	-0.2749626040458679	0.0711999999999999	1.1475200063631443	0.004482831560326	-0.0300788338903413
12	Integrin-mediated focal adhesion assembly and cell adhesion	High	This cluster shows HIGH confidence for integrin-mediated focal adhesion assembly and cell adhesion. Over 75% of genes are established components of this pathway, including integrin heterodimers (ITGAV/ITGB5, ITGB1), focal adhesion kinase (PTK2), adaptor proteins (TLN1, FERMT2, LIMS1, BCAR1), and signaling molecules (ILK, RAC1). The morphological screen detecting changes in actin/plasma membrane staining (AGP) is consistent with focal adhesion disruption. Four completely uncharacterized genes (ENSG00000285238, LOC102723971, LOC124904394, LIMS4) represent top priorities for discovery. LILRA6 and SFPQ are particularly intriguing as established genes from other pathways (immune recognition and nuclear RNA processing, respectively) that may have unexpected roles in focal adhesion biology.	nucleus_COX4_mean	ITGAV	established			0.4843870401382446	0.0018	2.744727494896694	-0.0136848040829429	-0.020109593398624
12	Integrin-mediated focal adhesion assembly and cell adhesion	High	This cluster shows HIGH confidence for integrin-mediated focal adhesion assembly and cell adhesion. Over 75% of genes are established components of this pathway, including integrin heterodimers (ITGAV/ITGB5, ITGB1), focal adhesion kinase (PTK2), adaptor proteins (TLN1, FERMT2, LIMS1, BCAR1), and signaling molecules (ILK, RAC1). The morphological screen detecting changes in actin/plasma membrane staining (AGP) is consistent with focal adhesion disruption. Four completely uncharacterized genes (ENSG00000285238, LOC102723971, LOC124904394, LIMS4) represent top priorities for discovery. LILRA6 and SFPQ are particularly intriguing as established genes from other pathways (immune recognition and nuclear RNA processing, respectively) that may have unexpected roles in focal adhesion biology.	nucleus_COX4_mean	ITGB5	established			0.6526886820793152	0.0		-0.0220603752669159	-0.0234481353648285
12	Integrin-mediated focal adhesion assembly and cell adhesion	High	This cluster shows HIGH confidence for integrin-mediated focal adhesion assembly and cell adhesion. Over 75% of genes are established components of this pathway, including integrin heterodimers (ITGAV/ITGB5, ITGB1), focal adhesion kinase (PTK2), adaptor proteins (TLN1, FERMT2, LIMS1, BCAR1), and signaling molecules (ILK, RAC1). The morphological screen detecting changes in actin/plasma membrane staining (AGP) is consistent with focal adhesion disruption. Four completely uncharacterized genes (ENSG00000285238, LOC102723971, LOC124904394, LIMS4) represent top priorities for discovery. LILRA6 and SFPQ are particularly intriguing as established genes from other pathways (immune recognition and nuclear RNA processing, respectively) that may have unexpected roles in focal adhesion biology.	nucleus_COX4_mean	ITGB1	established			0.5207837224006653	0.0014	2.853871964321762	-0.0080768738913501	-0.0106365870138634
12	Integrin-mediated focal adhesion assembly and cell adhesion	High	This cluster shows HIGH confidence for integrin-mediated focal adhesion assembly and cell adhesion. Over 75% of genes are established components of this pathway, including integrin heterodimers (ITGAV/ITGB5, ITGB1), focal adhesion kinase (PTK2), adaptor proteins (TLN1, FERMT2, LIMS1, BCAR1), and signaling molecules (ILK, RAC1). The morphological screen detecting changes in actin/plasma membrane staining (AGP) is consistent with focal adhesion disruption. Four completely uncharacterized genes (ENSG00000285238, LOC102723971, LOC124904394, LIMS4) represent top priorities for discovery. LILRA6 and SFPQ are particularly intriguing as established genes from other pathways (immune recognition and nuclear RNA processing, respectively) that may have unexpected roles in focal adhesion biology.	nucleus_COX4_mean	PTK2	established			0.3316112756729126	0.0062	2.207608310501746	-0.0149232589346301	-0.0227736346782806
12	Integrin-mediated focal adhesion assembly and cell adhesion	High	This cluster shows HIGH confidence for integrin-mediated focal adhesion assembly and cell adhesion. Over 75% of genes are established components of this pathway, including integrin heterodimers (ITGAV/ITGB5, ITGB1), focal adhesion kinase (PTK2), adaptor proteins (TLN1, FERMT2, LIMS1, BCAR1), and signaling molecules (ILK, RAC1). The morphological screen detecting changes in actin/plasma membrane staining (AGP) is consistent with focal adhesion disruption. Four completely uncharacterized genes (ENSG00000285238, LOC102723971, LOC124904394, LIMS4) represent top priorities for discovery. LILRA6 and SFPQ are particularly intriguing as established genes from other pathways (immune recognition and nuclear RNA processing, respectively) that may have unexpected roles in focal adhesion biology.	nucleus_COX4_mean	TLN1	established			0.6276488304138184	0.0002	3.6989700043360187	-0.0167198227622985	-0.0269410840180139
12	Integrin-mediated focal adhesion assembly and cell adhesion	High	This cluster shows HIGH confidence for integrin-mediated focal adhesion assembly and cell adhesion. Over 75% of genes are established components of this pathway, including integrin heterodimers (ITGAV/ITGB5, ITGB1), focal adhesion kinase (PTK2), adaptor proteins (TLN1, FERMT2, LIMS1, BCAR1), and signaling molecules (ILK, RAC1). The morphological screen detecting changes in actin/plasma membrane staining (AGP) is consistent with focal adhesion disruption. Four completely uncharacterized genes (ENSG00000285238, LOC102723971, LOC124904394, LIMS4) represent top priorities for discovery. LILRA6 and SFPQ are particularly intriguing as established genes from other pathways (immune recognition and nuclear RNA processing, respectively) that may have unexpected roles in focal adhesion biology.	nucleus_COX4_mean	ILK	established			0.7771401405334473	0.0		-0.0237514416145404	-0.0219967384393775
12	Integrin-mediated focal adhesion assembly and cell adhesion	High	This cluster shows HIGH confidence for integrin-mediated focal adhesion assembly and cell adhesion. Over 75% of genes are established components of this pathway, including integrin heterodimers (ITGAV/ITGB5, ITGB1), focal adhesion kinase (PTK2), adaptor proteins (TLN1, FERMT2, LIMS1, BCAR1), and signaling molecules (ILK, RAC1). The morphological screen detecting changes in actin/plasma membrane staining (AGP) is consistent with focal adhesion disruption. Four completely uncharacterized genes (ENSG00000285238, LOC102723971, LOC124904394, LIMS4) represent top priorities for discovery. LILRA6 and SFPQ are particularly intriguing as established genes from other pathways (immune recognition and nuclear RNA processing, respectively) that may have unexpected roles in focal adhesion biology.	nucleus_COX4_mean	FERMT2	established			0.5613377094268799	0.0		-0.016452735697249	-0.0227078837156744
12	Integrin-mediated focal adhesion assembly and cell adhesion	High	This cluster shows HIGH confidence for integrin-mediated focal adhesion assembly and cell adhesion. Over 75% of genes are established components of this pathway, including integrin heterodimers (ITGAV/ITGB5, ITGB1), focal adhesion kinase (PTK2), adaptor proteins (TLN1, FERMT2, LIMS1, BCAR1), and signaling molecules (ILK, RAC1). The morphological screen detecting changes in actin/plasma membrane staining (AGP) is consistent with focal adhesion disruption. Four completely uncharacterized genes (ENSG00000285238, LOC102723971, LOC124904394, LIMS4) represent top priorities for discovery. LILRA6 and SFPQ are particularly intriguing as established genes from other pathways (immune recognition and nuclear RNA processing, respectively) that may have unexpected roles in focal adhesion biology.	nucleus_COX4_mean	LIMS1	established			0.4349505305290222	0.0034	2.468521082957745	-0.0186452503867055	-0.0231340484598576
12	Integrin-mediated focal adhesion assembly and cell adhesion	High	This cluster shows HIGH confidence for integrin-mediated focal adhesion assembly and cell adhesion. Over 75% of genes are established components of this pathway, including integrin heterodimers (ITGAV/ITGB5, ITGB1), focal adhesion kinase (PTK2), adaptor proteins (TLN1, FERMT2, LIMS1, BCAR1), and signaling molecules (ILK, RAC1). The morphological screen detecting changes in actin/plasma membrane staining (AGP) is consistent with focal adhesion disruption. Four completely uncharacterized genes (ENSG00000285238, LOC102723971, LOC124904394, LIMS4) represent top priorities for discovery. LILRA6 and SFPQ are particularly intriguing as established genes from other pathways (immune recognition and nuclear RNA processing, respectively) that may have unexpected roles in focal adhesion biology.	nucleus_COX4_mean	BCAR1	established			0.7888621091842651	0.0		-0.0226689818506839	-0.0283591430850867
12	Integrin-mediated focal adhesion assembly and cell adhesion	High	This cluster shows HIGH confidence for integrin-mediated focal adhesion assembly and cell adhesion. Over 75% of genes are established components of this pathway, including integrin heterodimers (ITGAV/ITGB5, ITGB1), focal adhesion kinase (PTK2), adaptor proteins (TLN1, FERMT2, LIMS1, BCAR1), and signaling molecules (ILK, RAC1). The morphological screen detecting changes in actin/plasma membrane staining (AGP) is consistent with focal adhesion disruption. Four completely uncharacterized genes (ENSG00000285238, LOC102723971, LOC124904394, LIMS4) represent top priorities for discovery. LILRA6 and SFPQ are particularly intriguing as established genes from other pathways (immune recognition and nuclear RNA processing, respectively) that may have unexpected roles in focal adhesion biology.	nucleus_COX4_mean	RAC1	established			0.7329813838005066	0.0		-0.0225039837811732	-0.0289852372352736
12	Integrin-mediated focal adhesion assembly and cell adhesion	High	This cluster shows HIGH confidence for integrin-mediated focal adhesion assembly and cell adhesion. Over 75% of genes are established components of this pathway, including integrin heterodimers (ITGAV/ITGB5, ITGB1), focal adhesion kinase (PTK2), adaptor proteins (TLN1, FERMT2, LIMS1, BCAR1), and signaling molecules (ILK, RAC1). The morphological screen detecting changes in actin/plasma membrane staining (AGP) is consistent with focal adhesion disruption. Four completely uncharacterized genes (ENSG00000285238, LOC102723971, LOC124904394, LIMS4) represent top priorities for discovery. LILRA6 and SFPQ are particularly intriguing as established genes from other pathways (immune recognition and nuclear RNA processing, respectively) that may have unexpected roles in focal adhesion biology.	nucleus_COX4_mean	RSU1	established			0.3113465011119842	0.0006	3.2218487496163566	-0.0066443374881138	-0.0064694635633494
12	Integrin-mediated focal adhesion assembly and cell adhesion	High	This cluster shows HIGH confidence for integrin-mediated focal adhesion assembly and cell adhesion. Over 75% of genes are established components of this pathway, including integrin heterodimers (ITGAV/ITGB5, ITGB1), focal adhesion kinase (PTK2), adaptor proteins (TLN1, FERMT2, LIMS1, BCAR1), and signaling molecules (ILK, RAC1). The morphological screen detecting changes in actin/plasma membrane staining (AGP) is consistent with focal adhesion disruption. Four completely uncharacterized genes (ENSG00000285238, LOC102723971, LOC124904394, LIMS4) represent top priorities for discovery. LILRA6 and SFPQ are particularly intriguing as established genes from other pathways (immune recognition and nuclear RNA processing, respectively) that may have unexpected roles in focal adhesion biology.	nucleus_COX4_mean	RAPGEF1	novel	4.0	Already documented role in BCAR1-CRK-RAPGEF1 signaling for cell adhesion and migration. Connection to focal adhesion pathway is established, not novel.	0.6263311505317688	0.0006	3.2218487496163566	-0.0154930324527029	-0.0205689149947269
12	Integrin-mediated focal adhesion assembly and cell adhesion	High	This cluster shows HIGH confidence for integrin-mediated focal adhesion assembly and cell adhesion. Over 75% of genes are established components of this pathway, including integrin heterodimers (ITGAV/ITGB5, ITGB1), focal adhesion kinase (PTK2), adaptor proteins (TLN1, FERMT2, LIMS1, BCAR1), and signaling molecules (ILK, RAC1). The morphological screen detecting changes in actin/plasma membrane staining (AGP) is consistent with focal adhesion disruption. Four completely uncharacterized genes (ENSG00000285238, LOC102723971, LOC124904394, LIMS4) represent top priorities for discovery. LILRA6 and SFPQ are particularly intriguing as established genes from other pathways (immune recognition and nuclear RNA processing, respectively) that may have unexpected roles in focal adhesion biology.	nucleus_COX4_mean	MOB4	novel	5.0	Component of STRIPAK complexes involved in cytoskeleton remodeling. While STRIPAK has known roles in cytoskeletal regulation, specific connection to integrin-mediated focal adhesions is plausible but not extensively documented for MOB4.	0.7267163991928101	0.0		-0.0263173727445867	-0.0188107107079267
12	Integrin-mediated focal adhesion assembly and cell adhesion	High	This cluster shows HIGH confidence for integrin-mediated focal adhesion assembly and cell adhesion. Over 75% of genes are established components of this pathway, including integrin heterodimers (ITGAV/ITGB5, ITGB1), focal adhesion kinase (PTK2), adaptor proteins (TLN1, FERMT2, LIMS1, BCAR1), and signaling molecules (ILK, RAC1). The morphological screen detecting changes in actin/plasma membrane staining (AGP) is consistent with focal adhesion disruption. Four completely uncharacterized genes (ENSG00000285238, LOC102723971, LOC124904394, LIMS4) represent top priorities for discovery. LILRA6 and SFPQ are particularly intriguing as established genes from other pathways (immune recognition and nuclear RNA processing, respectively) that may have unexpected roles in focal adhesion biology.	nucleus_COX4_mean	SNX13	novel	6.0	Known for endosomal trafficking and GAP activity for Galphas. Clustering suggests potential role in integrin trafficking or focal adhesion turnover. Some precedent for sorting nexins in integrin recycling, but SNX13 specifically not well-studied in this context.	0.3534989356994629	0.0174	1.7594507517174003	0.0006876958345678	-0.0015812097713553
12	Integrin-mediated focal adhesion assembly and cell adhesion	High	This cluster shows HIGH confidence for integrin-mediated focal adhesion assembly and cell adhesion. Over 75% of genes are established components of this pathway, including integrin heterodimers (ITGAV/ITGB5, ITGB1), focal adhesion kinase (PTK2), adaptor proteins (TLN1, FERMT2, LIMS1, BCAR1), and signaling molecules (ILK, RAC1). The morphological screen detecting changes in actin/plasma membrane staining (AGP) is consistent with focal adhesion disruption. Four completely uncharacterized genes (ENSG00000285238, LOC102723971, LOC124904394, LIMS4) represent top priorities for discovery. LILRA6 and SFPQ are particularly intriguing as established genes from other pathways (immune recognition and nuclear RNA processing, respectively) that may have unexpected roles in focal adhesion biology.	nucleus_COX4_mean	SFPQ	novel	7.0	Well-characterized nuclear RNA/DNA binding protein involved in splicing and transcription. Clustering with cytoplasmic focal adhesion components is unexpected. May have novel cytoplasmic role in adhesion regulation or represent feedback mechanism linking adhesion to nuclear events.	-0.0389793366193771	0.8452	0.07304051161972426	-0.031556721710081	-0.0325632751464892
12	Integrin-mediated focal adhesion assembly and cell adhesion	High	This cluster shows HIGH confidence for integrin-mediated focal adhesion assembly and cell adhesion. Over 75% of genes are established components of this pathway, including integrin heterodimers (ITGAV/ITGB5, ITGB1), focal adhesion kinase (PTK2), adaptor proteins (TLN1, FERMT2, LIMS1, BCAR1), and signaling molecules (ILK, RAC1). The morphological screen detecting changes in actin/plasma membrane staining (AGP) is consistent with focal adhesion disruption. Four completely uncharacterized genes (ENSG00000285238, LOC102723971, LOC124904394, LIMS4) represent top priorities for discovery. LILRA6 and SFPQ are particularly intriguing as established genes from other pathways (immune recognition and nuclear RNA processing, respectively) that may have unexpected roles in focal adhesion biology.	nucleus_COX4_mean	LILRA6	novel	8.0	Known as MHC class I receptor in immune context. Clustering with focal adhesion machinery suggests unexpected role in cell adhesion or integrin signaling. No prior literature linking LILRA6 to focal adhesions - would be surprising discovery.	0.3152509331703186	0.0034	2.468521082957745	-0.0017500373384671	-0.0060213376302072
12	Integrin-mediated focal adhesion assembly and cell adhesion	High	This cluster shows HIGH confidence for integrin-mediated focal adhesion assembly and cell adhesion. Over 75% of genes are established components of this pathway, including integrin heterodimers (ITGAV/ITGB5, ITGB1), focal adhesion kinase (PTK2), adaptor proteins (TLN1, FERMT2, LIMS1, BCAR1), and signaling molecules (ILK, RAC1). The morphological screen detecting changes in actin/plasma membrane staining (AGP) is consistent with focal adhesion disruption. Four completely uncharacterized genes (ENSG00000285238, LOC102723971, LOC124904394, LIMS4) represent top priorities for discovery. LILRA6 and SFPQ are particularly intriguing as established genes from other pathways (immune recognition and nuclear RNA processing, respectively) that may have unexpected roles in focal adhesion biology.	nucleus_COX4_mean	LIMS4	uncharacterized	8.0	No functional information provided despite being a LIMS family member. LIMS1 is established in focal adhesions, suggesting LIMS4 may have parallel or redundant function, but this remains completely uncharacterized.	0.2708467543125152	0.0222	1.6536470255493614	-0.0036979229080122	-0.0054061671742784
12	Integrin-mediated focal adhesion assembly and cell adhesion	High	This cluster shows HIGH confidence for integrin-mediated focal adhesion assembly and cell adhesion. Over 75% of genes are established components of this pathway, including integrin heterodimers (ITGAV/ITGB5, ITGB1), focal adhesion kinase (PTK2), adaptor proteins (TLN1, FERMT2, LIMS1, BCAR1), and signaling molecules (ILK, RAC1). The morphological screen detecting changes in actin/plasma membrane staining (AGP) is consistent with focal adhesion disruption. Four completely uncharacterized genes (ENSG00000285238, LOC102723971, LOC124904394, LIMS4) represent top priorities for discovery. LILRA6 and SFPQ are particularly intriguing as established genes from other pathways (immune recognition and nuclear RNA processing, respectively) that may have unexpected roles in focal adhesion biology.	nucleus_COX4_mean	LOC102723971	uncharacterized	9.0	No functional annotation provided. Unannotated locus clustering with well-characterized focal adhesion components. High potential for novel role in cell adhesion or cytoskeletal regulation.	0.0879754424095153	0.4016	0.3962062958630371	-0.0089218421338738	-0.0042520762821772
12	Integrin-mediated focal adhesion assembly and cell adhesion	High	This cluster shows HIGH confidence for integrin-mediated focal adhesion assembly and cell adhesion. Over 75% of genes are established components of this pathway, including integrin heterodimers (ITGAV/ITGB5, ITGB1), focal adhesion kinase (PTK2), adaptor proteins (TLN1, FERMT2, LIMS1, BCAR1), and signaling molecules (ILK, RAC1). The morphological screen detecting changes in actin/plasma membrane staining (AGP) is consistent with focal adhesion disruption. Four completely uncharacterized genes (ENSG00000285238, LOC102723971, LOC124904394, LIMS4) represent top priorities for discovery. LILRA6 and SFPQ are particularly intriguing as established genes from other pathways (immune recognition and nuclear RNA processing, respectively) that may have unexpected roles in focal adhesion biology.	nucleus_COX4_mean	LOC124904394	uncharacterized	9.0	No functional annotation available. Recently annotated locus with no known function. Clustering pattern suggests potential involvement in integrin-mediated adhesion processes.	0.0636013746261596	0.518	0.28567024025476695	-0.001983342791837	-0.0167604518350073
12	Integrin-mediated focal adhesion assembly and cell adhesion	High	This cluster shows HIGH confidence for integrin-mediated focal adhesion assembly and cell adhesion. Over 75% of genes are established components of this pathway, including integrin heterodimers (ITGAV/ITGB5, ITGB1), focal adhesion kinase (PTK2), adaptor proteins (TLN1, FERMT2, LIMS1, BCAR1), and signaling molecules (ILK, RAC1). The morphological screen detecting changes in actin/plasma membrane staining (AGP) is consistent with focal adhesion disruption. Four completely uncharacterized genes (ENSG00000285238, LOC102723971, LOC124904394, LIMS4) represent top priorities for discovery. LILRA6 and SFPQ are particularly intriguing as established genes from other pathways (immune recognition and nuclear RNA processing, respectively) that may have unexpected roles in focal adhesion biology.	nucleus_COX4_mean	ENSG00000285238	uncharacterized	10.0	No functional annotation available. Completely unstudied gene clustering with core focal adhesion machinery. Represents highest priority for novel discovery in integrin signaling context.	0.0022190175950527	0.9982	0.0007824344698964258	-0.0048846928601312	-0.0208693375624698
13	Ribosome biogenesis and SSU processome assembly	High	This cluster shows HIGH confidence for ribosome biogenesis, specifically SSU processome assembly and pre-18S rRNA processing. 15/20 genes (75%) are established SSU processome components or ribosomal proteins with well-documented roles. The morphological phenotypes likely reflect nucleolar disruption and altered ribosome production affecting cell size, shape, and organelle distribution. LOC102724159 is the top priority as a completely uncharacterized gene clustering with canonical ribosome biogenesis factors. SUPT4H1 represents an intriguing novel connection between transcription elongation machinery and ribosome biogenesis, potentially coordinating rRNA transcription with general transcription. DUSP11's RNA phosphatase activity may play an unrecognized role in pre-rRNA processing. The cluster provides strong validation of the screen's ability to identify functionally coherent gene sets.	nucleus_COX4_mean	UTP18	established			0.2752940654754638	0.023	1.6382721639824072	-0.0877639680304529	0.0025305689047833
13	Ribosome biogenesis and SSU processome assembly	High	This cluster shows HIGH confidence for ribosome biogenesis, specifically SSU processome assembly and pre-18S rRNA processing. 15/20 genes (75%) are established SSU processome components or ribosomal proteins with well-documented roles. The morphological phenotypes likely reflect nucleolar disruption and altered ribosome production affecting cell size, shape, and organelle distribution. LOC102724159 is the top priority as a completely uncharacterized gene clustering with canonical ribosome biogenesis factors. SUPT4H1 represents an intriguing novel connection between transcription elongation machinery and ribosome biogenesis, potentially coordinating rRNA transcription with general transcription. DUSP11's RNA phosphatase activity may play an unrecognized role in pre-rRNA processing. The cluster provides strong validation of the screen's ability to identify functionally coherent gene sets.	nucleus_COX4_mean	FCF1	established			0.3624700307846069	0.0022	2.657577319177794	-0.0466536130088447	0.0012553760559753
13	Ribosome biogenesis and SSU processome assembly	High	This cluster shows HIGH confidence for ribosome biogenesis, specifically SSU processome assembly and pre-18S rRNA processing. 15/20 genes (75%) are established SSU processome components or ribosomal proteins with well-documented roles. The morphological phenotypes likely reflect nucleolar disruption and altered ribosome production affecting cell size, shape, and organelle distribution. LOC102724159 is the top priority as a completely uncharacterized gene clustering with canonical ribosome biogenesis factors. SUPT4H1 represents an intriguing novel connection between transcription elongation machinery and ribosome biogenesis, potentially coordinating rRNA transcription with general transcription. DUSP11's RNA phosphatase activity may play an unrecognized role in pre-rRNA processing. The cluster provides strong validation of the screen's ability to identify functionally coherent gene sets.	nucleus_COX4_mean	DCAF13	established			0.4900835156440735	0.0014	2.853871964321762	-0.0906077552145929	-0.0003088951531643
13	Ribosome biogenesis and SSU processome assembly	High	This cluster shows HIGH confidence for ribosome biogenesis, specifically SSU processome assembly and pre-18S rRNA processing. 15/20 genes (75%) are established SSU processome components or ribosomal proteins with well-documented roles. The morphological phenotypes likely reflect nucleolar disruption and altered ribosome production affecting cell size, shape, and organelle distribution. LOC102724159 is the top priority as a completely uncharacterized gene clustering with canonical ribosome biogenesis factors. SUPT4H1 represents an intriguing novel connection between transcription elongation machinery and ribosome biogenesis, potentially coordinating rRNA transcription with general transcription. DUSP11's RNA phosphatase activity may play an unrecognized role in pre-rRNA processing. The cluster provides strong validation of the screen's ability to identify functionally coherent gene sets.	nucleus_COX4_mean	FBL	established			0.4372309446334839	0.0016	2.795880017344075	-0.0606950212507221	0.0016700903765852
13	Ribosome biogenesis and SSU processome assembly	High	This cluster shows HIGH confidence for ribosome biogenesis, specifically SSU processome assembly and pre-18S rRNA processing. 15/20 genes (75%) are established SSU processome components or ribosomal proteins with well-documented roles. The morphological phenotypes likely reflect nucleolar disruption and altered ribosome production affecting cell size, shape, and organelle distribution. LOC102724159 is the top priority as a completely uncharacterized gene clustering with canonical ribosome biogenesis factors. SUPT4H1 represents an intriguing novel connection between transcription elongation machinery and ribosome biogenesis, potentially coordinating rRNA transcription with general transcription. DUSP11's RNA phosphatase activity may play an unrecognized role in pre-rRNA processing. The cluster provides strong validation of the screen's ability to identify functionally coherent gene sets.	nucleus_COX4_mean	WDR3	established			0.3242692947387695	0.0094	2.0268721464003012	-0.0833012479518453	0.0004067874624879
13	Ribosome biogenesis and SSU processome assembly	High	This cluster shows HIGH confidence for ribosome biogenesis, specifically SSU processome assembly and pre-18S rRNA processing. 15/20 genes (75%) are established SSU processome components or ribosomal proteins with well-documented roles. The morphological phenotypes likely reflect nucleolar disruption and altered ribosome production affecting cell size, shape, and organelle distribution. LOC102724159 is the top priority as a completely uncharacterized gene clustering with canonical ribosome biogenesis factors. SUPT4H1 represents an intriguing novel connection between transcription elongation machinery and ribosome biogenesis, potentially coordinating rRNA transcription with general transcription. DUSP11's RNA phosphatase activity may play an unrecognized role in pre-rRNA processing. The cluster provides strong validation of the screen's ability to identify functionally coherent gene sets.	nucleus_COX4_mean	WDR36	established			0.2139101475477218	0.0606	1.2175273758337137	-0.0942803600103306	0.0011243879968069
13	Ribosome biogenesis and SSU processome assembly	High	This cluster shows HIGH confidence for ribosome biogenesis, specifically SSU processome assembly and pre-18S rRNA processing. 15/20 genes (75%) are established SSU processome components or ribosomal proteins with well-documented roles. The morphological phenotypes likely reflect nucleolar disruption and altered ribosome production affecting cell size, shape, and organelle distribution. LOC102724159 is the top priority as a completely uncharacterized gene clustering with canonical ribosome biogenesis factors. SUPT4H1 represents an intriguing novel connection between transcription elongation machinery and ribosome biogenesis, potentially coordinating rRNA transcription with general transcription. DUSP11's RNA phosphatase activity may play an unrecognized role in pre-rRNA processing. The cluster provides strong validation of the screen's ability to identify functionally coherent gene sets.	nucleus_COX4_mean	NOP56	established			0.3980000019073486	0.0018	2.744727494896694	-0.0893563806211312	0.0005728849198698
13	Ribosome biogenesis and SSU processome assembly	High	This cluster shows HIGH confidence for ribosome biogenesis, specifically SSU processome assembly and pre-18S rRNA processing. 15/20 genes (75%) are established SSU processome components or ribosomal proteins with well-documented roles. The morphological phenotypes likely reflect nucleolar disruption and altered ribosome production affecting cell size, shape, and organelle distribution. LOC102724159 is the top priority as a completely uncharacterized gene clustering with canonical ribosome biogenesis factors. SUPT4H1 represents an intriguing novel connection between transcription elongation machinery and ribosome biogenesis, potentially coordinating rRNA transcription with general transcription. DUSP11's RNA phosphatase activity may play an unrecognized role in pre-rRNA processing. The cluster provides strong validation of the screen's ability to identify functionally coherent gene sets.	nucleus_COX4_mean	UTP4	established			0.1549787521362304	0.1332	0.8754957751657177	-0.0899413130306815	0.0033747312993931
13	Ribosome biogenesis and SSU processome assembly	High	This cluster shows HIGH confidence for ribosome biogenesis, specifically SSU processome assembly and pre-18S rRNA processing. 15/20 genes (75%) are established SSU processome components or ribosomal proteins with well-documented roles. The morphological phenotypes likely reflect nucleolar disruption and altered ribosome production affecting cell size, shape, and organelle distribution. LOC102724159 is the top priority as a completely uncharacterized gene clustering with canonical ribosome biogenesis factors. SUPT4H1 represents an intriguing novel connection between transcription elongation machinery and ribosome biogenesis, potentially coordinating rRNA transcription with general transcription. DUSP11's RNA phosphatase activity may play an unrecognized role in pre-rRNA processing. The cluster provides strong validation of the screen's ability to identify functionally coherent gene sets.	nucleus_COX4_mean	UTP6	established			0.4016494452953338	0.0024	2.619788758288394	-0.0759050667325176	0.0008212966411384
13	Ribosome biogenesis and SSU processome assembly	High	This cluster shows HIGH confidence for ribosome biogenesis, specifically SSU processome assembly and pre-18S rRNA processing. 15/20 genes (75%) are established SSU processome components or ribosomal proteins with well-documented roles. The morphological phenotypes likely reflect nucleolar disruption and altered ribosome production affecting cell size, shape, and organelle distribution. LOC102724159 is the top priority as a completely uncharacterized gene clustering with canonical ribosome biogenesis factors. SUPT4H1 represents an intriguing novel connection between transcription elongation machinery and ribosome biogenesis, potentially coordinating rRNA transcription with general transcription. DUSP11's RNA phosphatase activity may play an unrecognized role in pre-rRNA processing. The cluster provides strong validation of the screen's ability to identify functionally coherent gene sets.	nucleus_COX4_mean	WDR46	established			0.4907668530941009	0.0		-0.0852164015329323	0.0019265584443367
13	Ribosome biogenesis and SSU processome assembly	High	This cluster shows HIGH confidence for ribosome biogenesis, specifically SSU processome assembly and pre-18S rRNA processing. 15/20 genes (75%) are established SSU processome components or ribosomal proteins with well-documented roles. The morphological phenotypes likely reflect nucleolar disruption and altered ribosome production affecting cell size, shape, and organelle distribution. LOC102724159 is the top priority as a completely uncharacterized gene clustering with canonical ribosome biogenesis factors. SUPT4H1 represents an intriguing novel connection between transcription elongation machinery and ribosome biogenesis, potentially coordinating rRNA transcription with general transcription. DUSP11's RNA phosphatase activity may play an unrecognized role in pre-rRNA processing. The cluster provides strong validation of the screen's ability to identify functionally coherent gene sets.	nucleus_COX4_mean	MPHOSPH10	established			0.543873131275177	0.0		-0.0596112349848283	0.0045976889670104
13	Ribosome biogenesis and SSU processome assembly	High	This cluster shows HIGH confidence for ribosome biogenesis, specifically SSU processome assembly and pre-18S rRNA processing. 15/20 genes (75%) are established SSU processome components or ribosomal proteins with well-documented roles. The morphological phenotypes likely reflect nucleolar disruption and altered ribosome production affecting cell size, shape, and organelle distribution. LOC102724159 is the top priority as a completely uncharacterized gene clustering with canonical ribosome biogenesis factors. SUPT4H1 represents an intriguing novel connection between transcription elongation machinery and ribosome biogenesis, potentially coordinating rRNA transcription with general transcription. DUSP11's RNA phosphatase activity may play an unrecognized role in pre-rRNA processing. The cluster provides strong validation of the screen's ability to identify functionally coherent gene sets.	nucleus_COX4_mean	KRR1	established			0.3081792593002319	0.0026	2.5850266520291822	-0.0948760116464248	0.0003175896374447
13	Ribosome biogenesis and SSU processome assembly	High	This cluster shows HIGH confidence for ribosome biogenesis, specifically SSU processome assembly and pre-18S rRNA processing. 15/20 genes (75%) are established SSU processome components or ribosomal proteins with well-documented roles. The morphological phenotypes likely reflect nucleolar disruption and altered ribosome production affecting cell size, shape, and organelle distribution. LOC102724159 is the top priority as a completely uncharacterized gene clustering with canonical ribosome biogenesis factors. SUPT4H1 represents an intriguing novel connection between transcription elongation machinery and ribosome biogenesis, potentially coordinating rRNA transcription with general transcription. DUSP11's RNA phosphatase activity may play an unrecognized role in pre-rRNA processing. The cluster provides strong validation of the screen's ability to identify functionally coherent gene sets.	nucleus_COX4_mean	UTP3	established			0.4097377955913543	0.0		-0.0690902561233022	1.0452757989709662e-05
13	Ribosome biogenesis and SSU processome assembly	High	This cluster shows HIGH confidence for ribosome biogenesis, specifically SSU processome assembly and pre-18S rRNA processing. 15/20 genes (75%) are established SSU processome components or ribosomal proteins with well-documented roles. The morphological phenotypes likely reflect nucleolar disruption and altered ribosome production affecting cell size, shape, and organelle distribution. LOC102724159 is the top priority as a completely uncharacterized gene clustering with canonical ribosome biogenesis factors. SUPT4H1 represents an intriguing novel connection between transcription elongation machinery and ribosome biogenesis, potentially coordinating rRNA transcription with general transcription. DUSP11's RNA phosphatase activity may play an unrecognized role in pre-rRNA processing. The cluster provides strong validation of the screen's ability to identify functionally coherent gene sets.	nucleus_COX4_mean	RPS16	established			0.640619158744812	0.0		-0.0921103825489585	-0.0074332828142347
13	Ribosome biogenesis and SSU processome assembly	High	This cluster shows HIGH confidence for ribosome biogenesis, specifically SSU processome assembly and pre-18S rRNA processing. 15/20 genes (75%) are established SSU processome components or ribosomal proteins with well-documented roles. The morphological phenotypes likely reflect nucleolar disruption and altered ribosome production affecting cell size, shape, and organelle distribution. LOC102724159 is the top priority as a completely uncharacterized gene clustering with canonical ribosome biogenesis factors. SUPT4H1 represents an intriguing novel connection between transcription elongation machinery and ribosome biogenesis, potentially coordinating rRNA transcription with general transcription. DUSP11's RNA phosphatase activity may play an unrecognized role in pre-rRNA processing. The cluster provides strong validation of the screen's ability to identify functionally coherent gene sets.	nucleus_COX4_mean	RPL27	established			0.3470681607723236	0.0482	1.3169529617611504	-0.0797816286010675	0.0024970427483079
13	Ribosome biogenesis and SSU processome assembly	High	This cluster shows HIGH confidence for ribosome biogenesis, specifically SSU processome assembly and pre-18S rRNA processing. 15/20 genes (75%) are established SSU processome components or ribosomal proteins with well-documented roles. The morphological phenotypes likely reflect nucleolar disruption and altered ribosome production affecting cell size, shape, and organelle distribution. LOC102724159 is the top priority as a completely uncharacterized gene clustering with canonical ribosome biogenesis factors. SUPT4H1 represents an intriguing novel connection between transcription elongation machinery and ribosome biogenesis, potentially coordinating rRNA transcription with general transcription. DUSP11's RNA phosphatase activity may play an unrecognized role in pre-rRNA processing. The cluster provides strong validation of the screen's ability to identify functionally coherent gene sets.	nucleus_COX4_mean	NEPRO	novel	4.0	Characterized primarily in Notch signaling and neural progenitor maintenance. Clustering with ribosome biogenesis genes is unexpected but may reflect indirect effects on cell proliferation or nucleolar structure. Lower priority as the connection to ribosome biogenesis is less mechanistically clear and may represent off-target or secondary effects.	0.392879456281662	0.0052	2.283996656365201	-0.0520072967627912	0.0013657615619273
13	Ribosome biogenesis and SSU processome assembly	High	This cluster shows HIGH confidence for ribosome biogenesis, specifically SSU processome assembly and pre-18S rRNA processing. 15/20 genes (75%) are established SSU processome components or ribosomal proteins with well-documented roles. The morphological phenotypes likely reflect nucleolar disruption and altered ribosome production affecting cell size, shape, and organelle distribution. LOC102724159 is the top priority as a completely uncharacterized gene clustering with canonical ribosome biogenesis factors. SUPT4H1 represents an intriguing novel connection between transcription elongation machinery and ribosome biogenesis, potentially coordinating rRNA transcription with general transcription. DUSP11's RNA phosphatase activity may play an unrecognized role in pre-rRNA processing. The cluster provides strong validation of the screen's ability to identify functionally coherent gene sets.	nucleus_COX4_mean	NUFIP1	novel	5.0	RNA-binding protein with limited functional characterization beyond RNA binding capacity. Clustering suggests involvement in ribosome biogenesis, potentially as an RNA chaperone in SSU processome assembly. However, relatively understudied with unclear specific function, making this a moderate priority for validation.	-0.195821538567543	0.084	1.0757207139381184	-0.0607452819386199	7.942020498606989e-05
13	Ribosome biogenesis and SSU processome assembly	High	This cluster shows HIGH confidence for ribosome biogenesis, specifically SSU processome assembly and pre-18S rRNA processing. 15/20 genes (75%) are established SSU processome components or ribosomal proteins with well-documented roles. The morphological phenotypes likely reflect nucleolar disruption and altered ribosome production affecting cell size, shape, and organelle distribution. LOC102724159 is the top priority as a completely uncharacterized gene clustering with canonical ribosome biogenesis factors. SUPT4H1 represents an intriguing novel connection between transcription elongation machinery and ribosome biogenesis, potentially coordinating rRNA transcription with general transcription. DUSP11's RNA phosphatase activity may play an unrecognized role in pre-rRNA processing. The cluster provides strong validation of the screen's ability to identify functionally coherent gene sets.	nucleus_COX4_mean	DUSP11	novel	6.0	Known RNA 5'-triphosphatase/diphosphatase involved in nuclear mRNA metabolism. Clustering with ribosome biogenesis machinery suggests potential novel role in pre-rRNA processing or modification. RNA binding activity and nuclear localization are consistent with SSU processome function, but no direct literature linking it to ribosome biogenesis.	0.0467641055583953	0.6794	0.16787445746599086	-0.0742132977902176	0.0011664645781742
13	Ribosome biogenesis and SSU processome assembly	High	This cluster shows HIGH confidence for ribosome biogenesis, specifically SSU processome assembly and pre-18S rRNA processing. 15/20 genes (75%) are established SSU processome components or ribosomal proteins with well-documented roles. The morphological phenotypes likely reflect nucleolar disruption and altered ribosome production affecting cell size, shape, and organelle distribution. LOC102724159 is the top priority as a completely uncharacterized gene clustering with canonical ribosome biogenesis factors. SUPT4H1 represents an intriguing novel connection between transcription elongation machinery and ribosome biogenesis, potentially coordinating rRNA transcription with general transcription. DUSP11's RNA phosphatase activity may play an unrecognized role in pre-rRNA processing. The cluster provides strong validation of the screen's ability to identify functionally coherent gene sets.	nucleus_COX4_mean	SUPT4H1	novel	7.0	Well-characterized as component of DSIF complex regulating RNA Pol II transcription elongation and mRNA processing. However, clustering with SSU processome genes suggests potential novel role in ribosomal RNA transcription regulation or coordination between ribosome biogenesis and general transcription. UTP4 is noted to be required for optimal pre-rRNA transcription by RNA polymerase, suggesting a mechanistic link.	0.0735830068588256	0.4782	0.320390428220244	-0.0247304141538291	-0.001185733897763
13	Ribosome biogenesis and SSU processome assembly	High	This cluster shows HIGH confidence for ribosome biogenesis, specifically SSU processome assembly and pre-18S rRNA processing. 15/20 genes (75%) are established SSU processome components or ribosomal proteins with well-documented roles. The morphological phenotypes likely reflect nucleolar disruption and altered ribosome production affecting cell size, shape, and organelle distribution. LOC102724159 is the top priority as a completely uncharacterized gene clustering with canonical ribosome biogenesis factors. SUPT4H1 represents an intriguing novel connection between transcription elongation machinery and ribosome biogenesis, potentially coordinating rRNA transcription with general transcription. DUSP11's RNA phosphatase activity may play an unrecognized role in pre-rRNA processing. The cluster provides strong validation of the screen's ability to identify functionally coherent gene sets.	nucleus_COX4_mean	LOC102724159	uncharacterized	9.0	No functional annotation provided. Clustering with ribosome biogenesis genes suggests potential role in SSU processome or ribosomal RNA processing, but completely unstudied. High discovery potential for novel ribosome biogenesis factor.	0.3454866111278534	0.0052	2.283996656365201	-0.0754615474838187	0.0013933951288554
14	Transcriptional regulation and chromatin remodeling	High	This cluster shows high confidence for transcriptional regulation and chromatin remodeling as the dominant pathway. Approximately 79% (15/19) of genes are established components of transcriptional machinery, including: histone modifiers (SETD1B, KAT5, EP400, SPTY2D1), NuA4 complex components (KAT5, EP400, TRRAP), basal transcription factors (GTF2A1, MED10), E2F pathway members (TFDP1, E2F3, TFDP3), RNA processing/termination (INTS6, CNOT3), and ubiquitin-mediated regulation (CUL2, ELOC). Two completely uncharacterized genes (ENSG00000289025, ENSG00000141979) represent high-priority targets for discovering novel transcriptional regulators. ZER1 and ADPRS present interesting cases of established genes in other pathways that may have unrecognized roles in transcriptional control. The morphological phenotypes likely reflect altered gene expression programs affecting cellular architecture through changes in chromatin state and transcriptional output.	nucleus_Hoescht_mean	SETD1B	established			-0.240907073020935	0.0305999999999999	1.5142785735184214	0.0046017385938494	-0.0116749959109903
14	Transcriptional regulation and chromatin remodeling	High	This cluster shows high confidence for transcriptional regulation and chromatin remodeling as the dominant pathway. Approximately 79% (15/19) of genes are established components of transcriptional machinery, including: histone modifiers (SETD1B, KAT5, EP400, SPTY2D1), NuA4 complex components (KAT5, EP400, TRRAP), basal transcription factors (GTF2A1, MED10), E2F pathway members (TFDP1, E2F3, TFDP3), RNA processing/termination (INTS6, CNOT3), and ubiquitin-mediated regulation (CUL2, ELOC). Two completely uncharacterized genes (ENSG00000289025, ENSG00000141979) represent high-priority targets for discovering novel transcriptional regulators. ZER1 and ADPRS present interesting cases of established genes in other pathways that may have unrecognized roles in transcriptional control. The morphological phenotypes likely reflect altered gene expression programs affecting cellular architecture through changes in chromatin state and transcriptional output.	nucleus_Hoescht_mean	EP400	established			-0.2979055643081665	0.0014	2.853871964321762	0.0049046341024831	-0.0163874572153971
14	Transcriptional regulation and chromatin remodeling	High	This cluster shows high confidence for transcriptional regulation and chromatin remodeling as the dominant pathway. Approximately 79% (15/19) of genes are established components of transcriptional machinery, including: histone modifiers (SETD1B, KAT5, EP400, SPTY2D1), NuA4 complex components (KAT5, EP400, TRRAP), basal transcription factors (GTF2A1, MED10), E2F pathway members (TFDP1, E2F3, TFDP3), RNA processing/termination (INTS6, CNOT3), and ubiquitin-mediated regulation (CUL2, ELOC). Two completely uncharacterized genes (ENSG00000289025, ENSG00000141979) represent high-priority targets for discovering novel transcriptional regulators. ZER1 and ADPRS present interesting cases of established genes in other pathways that may have unrecognized roles in transcriptional control. The morphological phenotypes likely reflect altered gene expression programs affecting cellular architecture through changes in chromatin state and transcriptional output.	nucleus_Hoescht_mean	KAT5	established			-0.1866587996482849	0.1637999999999999	0.7856861025756007	0.0064839086014356	-0.0158753945222834
14	Transcriptional regulation and chromatin remodeling	High	This cluster shows high confidence for transcriptional regulation and chromatin remodeling as the dominant pathway. Approximately 79% (15/19) of genes are established components of transcriptional machinery, including: histone modifiers (SETD1B, KAT5, EP400, SPTY2D1), NuA4 complex components (KAT5, EP400, TRRAP), basal transcription factors (GTF2A1, MED10), E2F pathway members (TFDP1, E2F3, TFDP3), RNA processing/termination (INTS6, CNOT3), and ubiquitin-mediated regulation (CUL2, ELOC). Two completely uncharacterized genes (ENSG00000289025, ENSG00000141979) represent high-priority targets for discovering novel transcriptional regulators. ZER1 and ADPRS present interesting cases of established genes in other pathways that may have unrecognized roles in transcriptional control. The morphological phenotypes likely reflect altered gene expression programs affecting cellular architecture through changes in chromatin state and transcriptional output.	nucleus_Hoescht_mean	TRRAP	established			-0.6307920217514038	0.0		0.0060338999237055	-0.0159962196233396
14	Transcriptional regulation and chromatin remodeling	High	This cluster shows high confidence for transcriptional regulation and chromatin remodeling as the dominant pathway. Approximately 79% (15/19) of genes are established components of transcriptional machinery, including: histone modifiers (SETD1B, KAT5, EP400, SPTY2D1), NuA4 complex components (KAT5, EP400, TRRAP), basal transcription factors (GTF2A1, MED10), E2F pathway members (TFDP1, E2F3, TFDP3), RNA processing/termination (INTS6, CNOT3), and ubiquitin-mediated regulation (CUL2, ELOC). Two completely uncharacterized genes (ENSG00000289025, ENSG00000141979) represent high-priority targets for discovering novel transcriptional regulators. ZER1 and ADPRS present interesting cases of established genes in other pathways that may have unrecognized roles in transcriptional control. The morphological phenotypes likely reflect altered gene expression programs affecting cellular architecture through changes in chromatin state and transcriptional output.	nucleus_Hoescht_mean	MED10	established			-0.4137031733989715	0.0		0.003126685547026	-0.0177935350998113
14	Transcriptional regulation and chromatin remodeling	High	This cluster shows high confidence for transcriptional regulation and chromatin remodeling as the dominant pathway. Approximately 79% (15/19) of genes are established components of transcriptional machinery, including: histone modifiers (SETD1B, KAT5, EP400, SPTY2D1), NuA4 complex components (KAT5, EP400, TRRAP), basal transcription factors (GTF2A1, MED10), E2F pathway members (TFDP1, E2F3, TFDP3), RNA processing/termination (INTS6, CNOT3), and ubiquitin-mediated regulation (CUL2, ELOC). Two completely uncharacterized genes (ENSG00000289025, ENSG00000141979) represent high-priority targets for discovering novel transcriptional regulators. ZER1 and ADPRS present interesting cases of established genes in other pathways that may have unrecognized roles in transcriptional control. The morphological phenotypes likely reflect altered gene expression programs affecting cellular architecture through changes in chromatin state and transcriptional output.	nucleus_Hoescht_mean	GTF2A1	established			-0.2153477668762207	0.0649999999999999	1.187086643357145	0.0022149846155335	-0.0218576406537122
14	Transcriptional regulation and chromatin remodeling	High	This cluster shows high confidence for transcriptional regulation and chromatin remodeling as the dominant pathway. Approximately 79% (15/19) of genes are established components of transcriptional machinery, including: histone modifiers (SETD1B, KAT5, EP400, SPTY2D1), NuA4 complex components (KAT5, EP400, TRRAP), basal transcription factors (GTF2A1, MED10), E2F pathway members (TFDP1, E2F3, TFDP3), RNA processing/termination (INTS6, CNOT3), and ubiquitin-mediated regulation (CUL2, ELOC). Two completely uncharacterized genes (ENSG00000289025, ENSG00000141979) represent high-priority targets for discovering novel transcriptional regulators. ZER1 and ADPRS present interesting cases of established genes in other pathways that may have unrecognized roles in transcriptional control. The morphological phenotypes likely reflect altered gene expression programs affecting cellular architecture through changes in chromatin state and transcriptional output.	nucleus_Hoescht_mean	CNOT3	established			-0.4141690135002136	0.0003999999999999	3.3979400086721463	-0.0033973644322396	-0.0293184438962554
14	Transcriptional regulation and chromatin remodeling	High	This cluster shows high confidence for transcriptional regulation and chromatin remodeling as the dominant pathway. Approximately 79% (15/19) of genes are established components of transcriptional machinery, including: histone modifiers (SETD1B, KAT5, EP400, SPTY2D1), NuA4 complex components (KAT5, EP400, TRRAP), basal transcription factors (GTF2A1, MED10), E2F pathway members (TFDP1, E2F3, TFDP3), RNA processing/termination (INTS6, CNOT3), and ubiquitin-mediated regulation (CUL2, ELOC). Two completely uncharacterized genes (ENSG00000289025, ENSG00000141979) represent high-priority targets for discovering novel transcriptional regulators. ZER1 and ADPRS present interesting cases of established genes in other pathways that may have unrecognized roles in transcriptional control. The morphological phenotypes likely reflect altered gene expression programs affecting cellular architecture through changes in chromatin state and transcriptional output.	nucleus_Hoescht_mean	TFDP1	established			-0.5825621485710144	0.0		0.0062361848005719	-0.0164623128264732
14	Transcriptional regulation and chromatin remodeling	High	This cluster shows high confidence for transcriptional regulation and chromatin remodeling as the dominant pathway. Approximately 79% (15/19) of genes are established components of transcriptional machinery, including: histone modifiers (SETD1B, KAT5, EP400, SPTY2D1), NuA4 complex components (KAT5, EP400, TRRAP), basal transcription factors (GTF2A1, MED10), E2F pathway members (TFDP1, E2F3, TFDP3), RNA processing/termination (INTS6, CNOT3), and ubiquitin-mediated regulation (CUL2, ELOC). Two completely uncharacterized genes (ENSG00000289025, ENSG00000141979) represent high-priority targets for discovering novel transcriptional regulators. ZER1 and ADPRS present interesting cases of established genes in other pathways that may have unrecognized roles in transcriptional control. The morphological phenotypes likely reflect altered gene expression programs affecting cellular architecture through changes in chromatin state and transcriptional output.	nucleus_Hoescht_mean	E2F3	established			-0.1191957890987396	0.3733999999999999	0.42782568638694063	0.0057790828210158	-0.0175575078780629
14	Transcriptional regulation and chromatin remodeling	High	This cluster shows high confidence for transcriptional regulation and chromatin remodeling as the dominant pathway. Approximately 79% (15/19) of genes are established components of transcriptional machinery, including: histone modifiers (SETD1B, KAT5, EP400, SPTY2D1), NuA4 complex components (KAT5, EP400, TRRAP), basal transcription factors (GTF2A1, MED10), E2F pathway members (TFDP1, E2F3, TFDP3), RNA processing/termination (INTS6, CNOT3), and ubiquitin-mediated regulation (CUL2, ELOC). Two completely uncharacterized genes (ENSG00000289025, ENSG00000141979) represent high-priority targets for discovering novel transcriptional regulators. ZER1 and ADPRS present interesting cases of established genes in other pathways that may have unrecognized roles in transcriptional control. The morphological phenotypes likely reflect altered gene expression programs affecting cellular architecture through changes in chromatin state and transcriptional output.	nucleus_Hoescht_mean	ELOC	established			-0.3422079682350158	0.002	2.6989700043360187	0.0035621234004684	-0.0188510257756578
14	Transcriptional regulation and chromatin remodeling	High	This cluster shows high confidence for transcriptional regulation and chromatin remodeling as the dominant pathway. Approximately 79% (15/19) of genes are established components of transcriptional machinery, including: histone modifiers (SETD1B, KAT5, EP400, SPTY2D1), NuA4 complex components (KAT5, EP400, TRRAP), basal transcription factors (GTF2A1, MED10), E2F pathway members (TFDP1, E2F3, TFDP3), RNA processing/termination (INTS6, CNOT3), and ubiquitin-mediated regulation (CUL2, ELOC). Two completely uncharacterized genes (ENSG00000289025, ENSG00000141979) represent high-priority targets for discovering novel transcriptional regulators. ZER1 and ADPRS present interesting cases of established genes in other pathways that may have unrecognized roles in transcriptional control. The morphological phenotypes likely reflect altered gene expression programs affecting cellular architecture through changes in chromatin state and transcriptional output.	nucleus_Hoescht_mean	CUL2	established			-0.5458687543869019	0.0		0.0039762947123596	-0.0203551934448442
14	Transcriptional regulation and chromatin remodeling	High	This cluster shows high confidence for transcriptional regulation and chromatin remodeling as the dominant pathway. Approximately 79% (15/19) of genes are established components of transcriptional machinery, including: histone modifiers (SETD1B, KAT5, EP400, SPTY2D1), NuA4 complex components (KAT5, EP400, TRRAP), basal transcription factors (GTF2A1, MED10), E2F pathway members (TFDP1, E2F3, TFDP3), RNA processing/termination (INTS6, CNOT3), and ubiquitin-mediated regulation (CUL2, ELOC). Two completely uncharacterized genes (ENSG00000289025, ENSG00000141979) represent high-priority targets for discovering novel transcriptional regulators. ZER1 and ADPRS present interesting cases of established genes in other pathways that may have unrecognized roles in transcriptional control. The morphological phenotypes likely reflect altered gene expression programs affecting cellular architecture through changes in chromatin state and transcriptional output.	nucleus_Hoescht_mean	INTS6	established			-0.1884995549917221	0.0727999999999999	1.1378686206869635	0.0054696229263238	-0.0251492676087924
14	Transcriptional regulation and chromatin remodeling	High	This cluster shows high confidence for transcriptional regulation and chromatin remodeling as the dominant pathway. Approximately 79% (15/19) of genes are established components of transcriptional machinery, including: histone modifiers (SETD1B, KAT5, EP400, SPTY2D1), NuA4 complex components (KAT5, EP400, TRRAP), basal transcription factors (GTF2A1, MED10), E2F pathway members (TFDP1, E2F3, TFDP3), RNA processing/termination (INTS6, CNOT3), and ubiquitin-mediated regulation (CUL2, ELOC). Two completely uncharacterized genes (ENSG00000289025, ENSG00000141979) represent high-priority targets for discovering novel transcriptional regulators. ZER1 and ADPRS present interesting cases of established genes in other pathways that may have unrecognized roles in transcriptional control. The morphological phenotypes likely reflect altered gene expression programs affecting cellular architecture through changes in chromatin state and transcriptional output.	nucleus_Hoescht_mean	SPTY2D1	established			-0.2555327415466308	0.0134	1.8728952016351923	0.0049369466824217	-0.0191415725502893
14	Transcriptional regulation and chromatin remodeling	High	This cluster shows high confidence for transcriptional regulation and chromatin remodeling as the dominant pathway. Approximately 79% (15/19) of genes are established components of transcriptional machinery, including: histone modifiers (SETD1B, KAT5, EP400, SPTY2D1), NuA4 complex components (KAT5, EP400, TRRAP), basal transcription factors (GTF2A1, MED10), E2F pathway members (TFDP1, E2F3, TFDP3), RNA processing/termination (INTS6, CNOT3), and ubiquitin-mediated regulation (CUL2, ELOC). Two completely uncharacterized genes (ENSG00000289025, ENSG00000141979) represent high-priority targets for discovering novel transcriptional regulators. ZER1 and ADPRS present interesting cases of established genes in other pathways that may have unrecognized roles in transcriptional control. The morphological phenotypes likely reflect altered gene expression programs affecting cellular architecture through changes in chromatin state and transcriptional output.	nucleus_Hoescht_mean	TFDP3	novel	4.0	Known competitive inhibitor of E2F-mediated transcription, clearly established in transcriptional regulation. While it functions as an inhibitor rather than activator (unlike most genes in this cluster), this is a known role in the E2F pathway. Not truly novel, so lower priority despite being less studied than TFDP1.	-0.3686624765396118	0.0003999999999999	3.3979400086721463	0.0055038523679144	-0.0126230772903276
14	Transcriptional regulation and chromatin remodeling	High	This cluster shows high confidence for transcriptional regulation and chromatin remodeling as the dominant pathway. Approximately 79% (15/19) of genes are established components of transcriptional machinery, including: histone modifiers (SETD1B, KAT5, EP400, SPTY2D1), NuA4 complex components (KAT5, EP400, TRRAP), basal transcription factors (GTF2A1, MED10), E2F pathway members (TFDP1, E2F3, TFDP3), RNA processing/termination (INTS6, CNOT3), and ubiquitin-mediated regulation (CUL2, ELOC). Two completely uncharacterized genes (ENSG00000289025, ENSG00000141979) represent high-priority targets for discovering novel transcriptional regulators. ZER1 and ADPRS present interesting cases of established genes in other pathways that may have unrecognized roles in transcriptional control. The morphological phenotypes likely reflect altered gene expression programs affecting cellular architecture through changes in chromatin state and transcriptional output.	nucleus_Hoescht_mean	CSPG4	novel	5.0	Cell surface proteoglycan primarily known for roles in cell migration, proliferation, and extracellular matrix interactions. Connection to nuclear transcriptional regulation is unexpected but morphological clustering suggests potential indirect effects on gene expression through signaling pathways. Lower priority as the connection is less direct and may reflect downstream morphological consequences rather than direct pathway participation.	-0.2415691018104553	0.0067999999999999	2.16749108729377	0.0031289370687241	-0.0186007532622083
14	Transcriptional regulation and chromatin remodeling	High	This cluster shows high confidence for transcriptional regulation and chromatin remodeling as the dominant pathway. Approximately 79% (15/19) of genes are established components of transcriptional machinery, including: histone modifiers (SETD1B, KAT5, EP400, SPTY2D1), NuA4 complex components (KAT5, EP400, TRRAP), basal transcription factors (GTF2A1, MED10), E2F pathway members (TFDP1, E2F3, TFDP3), RNA processing/termination (INTS6, CNOT3), and ubiquitin-mediated regulation (CUL2, ELOC). Two completely uncharacterized genes (ENSG00000289025, ENSG00000141979) represent high-priority targets for discovering novel transcriptional regulators. ZER1 and ADPRS present interesting cases of established genes in other pathways that may have unrecognized roles in transcriptional control. The morphological phenotypes likely reflect altered gene expression programs affecting cellular architecture through changes in chromatin state and transcriptional output.	nucleus_Hoescht_mean	ADPRS	novel	6.0	Established ADP-ribosylhydrolase with well-documented roles in DNA damage response and serine mono-ADP-ribosylation. Novel role in transcriptional regulation is plausible since ADP-ribosylation modulates chromatin structure and transcription factor activity. Some evidence exists for crosstalk between ADP-ribosylation and transcription, but direct involvement in the transcriptional machinery represented here would be novel.	-0.1604088246822357	0.1353999999999999	0.8683813356508748	0.0058176292440856	-0.0110669070946639
14	Transcriptional regulation and chromatin remodeling	High	This cluster shows high confidence for transcriptional regulation and chromatin remodeling as the dominant pathway. Approximately 79% (15/19) of genes are established components of transcriptional machinery, including: histone modifiers (SETD1B, KAT5, EP400, SPTY2D1), NuA4 complex components (KAT5, EP400, TRRAP), basal transcription factors (GTF2A1, MED10), E2F pathway members (TFDP1, E2F3, TFDP3), RNA processing/termination (INTS6, CNOT3), and ubiquitin-mediated regulation (CUL2, ELOC). Two completely uncharacterized genes (ENSG00000289025, ENSG00000141979) represent high-priority targets for discovering novel transcriptional regulators. ZER1 and ADPRS present interesting cases of established genes in other pathways that may have unrecognized roles in transcriptional control. The morphological phenotypes likely reflect altered gene expression programs affecting cellular architecture through changes in chromatin state and transcriptional output.	nucleus_Hoescht_mean	ZER1	novel	7.0	Well-characterized as substrate adapter in CUL2-based E3 ubiquitin ligase complexes targeting N-terminal degrons. Novel connection to transcriptional regulation is plausible given that CUL2 is in the cluster and protein degradation regulates transcription factor stability. However, ZER1's specific role in transcriptional control has not been established, making this a potentially important discovery.	-0.4128169417381286	0.0		0.0041760258687575	-0.0191686667983885
14	Transcriptional regulation and chromatin remodeling	High	This cluster shows high confidence for transcriptional regulation and chromatin remodeling as the dominant pathway. Approximately 79% (15/19) of genes are established components of transcriptional machinery, including: histone modifiers (SETD1B, KAT5, EP400, SPTY2D1), NuA4 complex components (KAT5, EP400, TRRAP), basal transcription factors (GTF2A1, MED10), E2F pathway members (TFDP1, E2F3, TFDP3), RNA processing/termination (INTS6, CNOT3), and ubiquitin-mediated regulation (CUL2, ELOC). Two completely uncharacterized genes (ENSG00000289025, ENSG00000141979) represent high-priority targets for discovering novel transcriptional regulators. ZER1 and ADPRS present interesting cases of established genes in other pathways that may have unrecognized roles in transcriptional control. The morphological phenotypes likely reflect altered gene expression programs affecting cellular architecture through changes in chromatin state and transcriptional output.	nucleus_Hoescht_mean	ENSG00000289025	uncharacterized	9.0	Completely uncharacterized gene with no functional annotation. Given the strong enrichment of transcriptional regulators and chromatin modifiers in this cluster, this gene likely participates in transcriptional control or chromatin biology. High priority for novel discovery.	-0.1544260680675506	0.1259999999999999	0.8996294548824375	0.005482232210066	-0.0105608542691145
14	Transcriptional regulation and chromatin remodeling	High	This cluster shows high confidence for transcriptional regulation and chromatin remodeling as the dominant pathway. Approximately 79% (15/19) of genes are established components of transcriptional machinery, including: histone modifiers (SETD1B, KAT5, EP400, SPTY2D1), NuA4 complex components (KAT5, EP400, TRRAP), basal transcription factors (GTF2A1, MED10), E2F pathway members (TFDP1, E2F3, TFDP3), RNA processing/termination (INTS6, CNOT3), and ubiquitin-mediated regulation (CUL2, ELOC). Two completely uncharacterized genes (ENSG00000289025, ENSG00000141979) represent high-priority targets for discovering novel transcriptional regulators. ZER1 and ADPRS present interesting cases of established genes in other pathways that may have unrecognized roles in transcriptional control. The morphological phenotypes likely reflect altered gene expression programs affecting cellular architecture through changes in chromatin state and transcriptional output.	nucleus_Hoescht_mean	ENSG00000141979	uncharacterized	9.0	Uncharacterized gene clustering with core transcriptional machinery components. No known function but morphological similarity to established transcription factors suggests potential role in gene expression regulation. Excellent candidate for functional characterization.	-0.2119396328926086	0.048	1.3187587626244128	0.0060123720990542	-0.0196703388327585
23	RNA Polymerase II transcription regulation via Mediator complex	High	This cluster shows HIGH confidence for RNA Polymerase II transcription regulation, with 7/17 genes (41%) being established Mediator complex components (MED14, MED30, MED19, MED27, MED4) plus transcription-associated factors (WDR82, ELOB). The Mediator complex is a master coactivator for RNA Pol II transcription. Top priorities: C15orf62 (completely uncharacterized, priority 9) represents the strongest discovery opportunity. GNB1L (priority 8) offers intriguing potential link between DDR signaling and transcription. RBM48 (priority 7) suggests transcription-splicing coordination. The morphological phenotypes likely reflect altered gene expression programs affecting cellular architecture. The nontargeting control suggests some cluster heterogeneity but doesn't diminish the strong transcriptional signature.	nucleus_Hoescht_mean	MED14	established			-0.3858704566955566	0.0		0.00090804763638	-0.0191670297647468
23	RNA Polymerase II transcription regulation via Mediator complex	High	This cluster shows HIGH confidence for RNA Polymerase II transcription regulation, with 7/17 genes (41%) being established Mediator complex components (MED14, MED30, MED19, MED27, MED4) plus transcription-associated factors (WDR82, ELOB). The Mediator complex is a master coactivator for RNA Pol II transcription. Top priorities: C15orf62 (completely uncharacterized, priority 9) represents the strongest discovery opportunity. GNB1L (priority 8) offers intriguing potential link between DDR signaling and transcription. RBM48 (priority 7) suggests transcription-splicing coordination. The morphological phenotypes likely reflect altered gene expression programs affecting cellular architecture. The nontargeting control suggests some cluster heterogeneity but doesn't diminish the strong transcriptional signature.	nucleus_Hoescht_mean	MED30	established			-0.2628926336765289	0.0069999999999998	2.1549019599857555	-0.0087686337311653	-0.0211727763425732
23	RNA Polymerase II transcription regulation via Mediator complex	High	This cluster shows HIGH confidence for RNA Polymerase II transcription regulation, with 7/17 genes (41%) being established Mediator complex components (MED14, MED30, MED19, MED27, MED4) plus transcription-associated factors (WDR82, ELOB). The Mediator complex is a master coactivator for RNA Pol II transcription. Top priorities: C15orf62 (completely uncharacterized, priority 9) represents the strongest discovery opportunity. GNB1L (priority 8) offers intriguing potential link between DDR signaling and transcription. RBM48 (priority 7) suggests transcription-splicing coordination. The morphological phenotypes likely reflect altered gene expression programs affecting cellular architecture. The nontargeting control suggests some cluster heterogeneity but doesn't diminish the strong transcriptional signature.	nucleus_Hoescht_mean	MED19	established			-0.2919919490814209	0.0027999999999999	2.552841968657796	0.0065738889646961	-0.0138067834068294
23	RNA Polymerase II transcription regulation via Mediator complex	High	This cluster shows HIGH confidence for RNA Polymerase II transcription regulation, with 7/17 genes (41%) being established Mediator complex components (MED14, MED30, MED19, MED27, MED4) plus transcription-associated factors (WDR82, ELOB). The Mediator complex is a master coactivator for RNA Pol II transcription. Top priorities: C15orf62 (completely uncharacterized, priority 9) represents the strongest discovery opportunity. GNB1L (priority 8) offers intriguing potential link between DDR signaling and transcription. RBM48 (priority 7) suggests transcription-splicing coordination. The morphological phenotypes likely reflect altered gene expression programs affecting cellular architecture. The nontargeting control suggests some cluster heterogeneity but doesn't diminish the strong transcriptional signature.	nucleus_Hoescht_mean	MED27	established			-0.3600072264671325	0.0003999999999999	3.3979400086721463	0.0034177746363039	-0.0168290796417347
23	RNA Polymerase II transcription regulation via Mediator complex	High	This cluster shows HIGH confidence for RNA Polymerase II transcription regulation, with 7/17 genes (41%) being established Mediator complex components (MED14, MED30, MED19, MED27, MED4) plus transcription-associated factors (WDR82, ELOB). The Mediator complex is a master coactivator for RNA Pol II transcription. Top priorities: C15orf62 (completely uncharacterized, priority 9) represents the strongest discovery opportunity. GNB1L (priority 8) offers intriguing potential link between DDR signaling and transcription. RBM48 (priority 7) suggests transcription-splicing coordination. The morphological phenotypes likely reflect altered gene expression programs affecting cellular architecture. The nontargeting control suggests some cluster heterogeneity but doesn't diminish the strong transcriptional signature.	nucleus_Hoescht_mean	MED4	established			-0.5653383731842041	0.0		0.0027526140420706	-0.0137779055261441
23	RNA Polymerase II transcription regulation via Mediator complex	High	This cluster shows HIGH confidence for RNA Polymerase II transcription regulation, with 7/17 genes (41%) being established Mediator complex components (MED14, MED30, MED19, MED27, MED4) plus transcription-associated factors (WDR82, ELOB). The Mediator complex is a master coactivator for RNA Pol II transcription. Top priorities: C15orf62 (completely uncharacterized, priority 9) represents the strongest discovery opportunity. GNB1L (priority 8) offers intriguing potential link between DDR signaling and transcription. RBM48 (priority 7) suggests transcription-splicing coordination. The morphological phenotypes likely reflect altered gene expression programs affecting cellular architecture. The nontargeting control suggests some cluster heterogeneity but doesn't diminish the strong transcriptional signature.	nucleus_Hoescht_mean	WDR82	established			-0.4190861880779266	0.0		-0.0054101607863923	-0.0156937257824693
23	RNA Polymerase II transcription regulation via Mediator complex	High	This cluster shows HIGH confidence for RNA Polymerase II transcription regulation, with 7/17 genes (41%) being established Mediator complex components (MED14, MED30, MED19, MED27, MED4) plus transcription-associated factors (WDR82, ELOB). The Mediator complex is a master coactivator for RNA Pol II transcription. Top priorities: C15orf62 (completely uncharacterized, priority 9) represents the strongest discovery opportunity. GNB1L (priority 8) offers intriguing potential link between DDR signaling and transcription. RBM48 (priority 7) suggests transcription-splicing coordination. The morphological phenotypes likely reflect altered gene expression programs affecting cellular architecture. The nontargeting control suggests some cluster heterogeneity but doesn't diminish the strong transcriptional signature.	nucleus_Hoescht_mean	ELOB	established			-0.334925889968872	0.0101999999999999	1.9913998282380867	0.0032816027658164	-0.013739448640618
23	RNA Polymerase II transcription regulation via Mediator complex	High	This cluster shows HIGH confidence for RNA Polymerase II transcription regulation, with 7/17 genes (41%) being established Mediator complex components (MED14, MED30, MED19, MED27, MED4) plus transcription-associated factors (WDR82, ELOB). The Mediator complex is a master coactivator for RNA Pol II transcription. Top priorities: C15orf62 (completely uncharacterized, priority 9) represents the strongest discovery opportunity. GNB1L (priority 8) offers intriguing potential link between DDR signaling and transcription. RBM48 (priority 7) suggests transcription-splicing coordination. The morphological phenotypes likely reflect altered gene expression programs affecting cellular architecture. The nontargeting control suggests some cluster heterogeneity but doesn't diminish the strong transcriptional signature.	nucleus_Hoescht_mean	ZNF676	novel	4.0	Annotated as transcriptional regulator, making presence in transcription cluster expected rather than novel. Limited characterization but functional category aligns with dominant pathway.	-0.3508651852607727	0.0005999999999999	3.221848749616429	0.0033722764744069	-0.0050573392946956
23	RNA Polymerase II transcription regulation via Mediator complex	High	This cluster shows HIGH confidence for RNA Polymerase II transcription regulation, with 7/17 genes (41%) being established Mediator complex components (MED14, MED30, MED19, MED27, MED4) plus transcription-associated factors (WDR82, ELOB). The Mediator complex is a master coactivator for RNA Pol II transcription. Top priorities: C15orf62 (completely uncharacterized, priority 9) represents the strongest discovery opportunity. GNB1L (priority 8) offers intriguing potential link between DDR signaling and transcription. RBM48 (priority 7) suggests transcription-splicing coordination. The morphological phenotypes likely reflect altered gene expression programs affecting cellular architecture. The nontargeting control suggests some cluster heterogeneity but doesn't diminish the strong transcriptional signature.	nucleus_Hoescht_mean	ZBTB11	novel	4.0	Annotated as potential transcriptional regulator. Presence in Mediator-enriched cluster is consistent with predicted function rather than representing truly novel biology.	-0.4231088757514953	0.0		0.0037479604472998	-0.0071704990062133
23	RNA Polymerase II transcription regulation via Mediator complex	High	This cluster shows HIGH confidence for RNA Polymerase II transcription regulation, with 7/17 genes (41%) being established Mediator complex components (MED14, MED30, MED19, MED27, MED4) plus transcription-associated factors (WDR82, ELOB). The Mediator complex is a master coactivator for RNA Pol II transcription. Top priorities: C15orf62 (completely uncharacterized, priority 9) represents the strongest discovery opportunity. GNB1L (priority 8) offers intriguing potential link between DDR signaling and transcription. RBM48 (priority 7) suggests transcription-splicing coordination. The morphological phenotypes likely reflect altered gene expression programs affecting cellular architecture. The nontargeting control suggests some cluster heterogeneity but doesn't diminish the strong transcriptional signature.	nucleus_Hoescht_mean	SLC35A5	novel	5.0	Established Golgi UDP-sugar transporter. Presence in transcription-focused cluster suggests potential novel connection between glycosylation/Golgi function and transcriptional regulation, possibly through post-translational modification of transcription factors.	-0.1682202070951461	0.0975999999999999	1.0105501823333087	0.0013067034772232	-0.0040936929621557
23	RNA Polymerase II transcription regulation via Mediator complex	High	This cluster shows HIGH confidence for RNA Polymerase II transcription regulation, with 7/17 genes (41%) being established Mediator complex components (MED14, MED30, MED19, MED27, MED4) plus transcription-associated factors (WDR82, ELOB). The Mediator complex is a master coactivator for RNA Pol II transcription. Top priorities: C15orf62 (completely uncharacterized, priority 9) represents the strongest discovery opportunity. GNB1L (priority 8) offers intriguing potential link between DDR signaling and transcription. RBM48 (priority 7) suggests transcription-splicing coordination. The morphological phenotypes likely reflect altered gene expression programs affecting cellular architecture. The nontargeting control suggests some cluster heterogeneity but doesn't diminish the strong transcriptional signature.	nucleus_Hoescht_mean	OSBPL3	novel	6.0	Well-characterized in lipid metabolism, ER-plasma membrane contact sites, and cytoskeleton regulation. Clustering with transcriptional machinery is unexpected and could indicate novel role in membrane-associated transcription regulation or lipid-dependent transcriptional control.	-0.0542932599782943	0.6164000000000001	0.21013736995361826	0.0024951992486559	-0.0050884177097829
23	RNA Polymerase II transcription regulation via Mediator complex	High	This cluster shows HIGH confidence for RNA Polymerase II transcription regulation, with 7/17 genes (41%) being established Mediator complex components (MED14, MED30, MED19, MED27, MED4) plus transcription-associated factors (WDR82, ELOB). The Mediator complex is a master coactivator for RNA Pol II transcription. Top priorities: C15orf62 (completely uncharacterized, priority 9) represents the strongest discovery opportunity. GNB1L (priority 8) offers intriguing potential link between DDR signaling and transcription. RBM48 (priority 7) suggests transcription-splicing coordination. The morphological phenotypes likely reflect altered gene expression programs affecting cellular architecture. The nontargeting control suggests some cluster heterogeneity but doesn't diminish the strong transcriptional signature.	nucleus_Hoescht_mean	RBM48	novel	7.0	Known minor spliceosome component for U12-type intron splicing. Clustering with Mediator complex suggests novel role in transcription-splicing coordination or co-transcriptional splicing regulation beyond its established minor spliceosome function.	-0.3661116659641266	0.0001999999999999	3.698970004336236	-0.0069430358991156	-0.0233924993440766
23	RNA Polymerase II transcription regulation via Mediator complex	High	This cluster shows HIGH confidence for RNA Polymerase II transcription regulation, with 7/17 genes (41%) being established Mediator complex components (MED14, MED30, MED19, MED27, MED4) plus transcription-associated factors (WDR82, ELOB). The Mediator complex is a master coactivator for RNA Pol II transcription. Top priorities: C15orf62 (completely uncharacterized, priority 9) represents the strongest discovery opportunity. GNB1L (priority 8) offers intriguing potential link between DDR signaling and transcription. RBM48 (priority 7) suggests transcription-splicing coordination. The morphological phenotypes likely reflect altered gene expression programs affecting cellular architecture. The nontargeting control suggests some cluster heterogeneity but doesn't diminish the strong transcriptional signature.	nucleus_Hoescht_mean	GNB1L	novel	8.0	Recently characterized as DDR signaling regulator via PIKK family proteins. Clustering with transcriptional machinery suggests novel connection between DNA damage response and transcription regulation. This link is plausible (transcription-coupled repair, stress-induced transcriptional changes) but not established in literature.	-0.0869741290807724	0.4354	0.36111157529492444	0.0053158383039904	-0.0109540243268605
23	RNA Polymerase II transcription regulation via Mediator complex	High	This cluster shows HIGH confidence for RNA Polymerase II transcription regulation, with 7/17 genes (41%) being established Mediator complex components (MED14, MED30, MED19, MED27, MED4) plus transcription-associated factors (WDR82, ELOB). The Mediator complex is a master coactivator for RNA Pol II transcription. Top priorities: C15orf62 (completely uncharacterized, priority 9) represents the strongest discovery opportunity. GNB1L (priority 8) offers intriguing potential link between DDR signaling and transcription. RBM48 (priority 7) suggests transcription-splicing coordination. The morphological phenotypes likely reflect altered gene expression programs affecting cellular architecture. The nontargeting control suggests some cluster heterogeneity but doesn't diminish the strong transcriptional signature.	nucleus_Hoescht_mean	SNRNP35	uncharacterized	6.0	Limited functional characterization beyond basic annotation. Name suggests spliceosomal component, but clustering with Mediator complex suggests potential broader role in transcription-splicing coupling or RNA processing coordination.	-0.1363191902637481	0.1734	0.7609509068598085	-0.0019646508303603	-0.0136990275636601
23	RNA Polymerase II transcription regulation via Mediator complex	High	This cluster shows HIGH confidence for RNA Polymerase II transcription regulation, with 7/17 genes (41%) being established Mediator complex components (MED14, MED30, MED19, MED27, MED4) plus transcription-associated factors (WDR82, ELOB). The Mediator complex is a master coactivator for RNA Pol II transcription. Top priorities: C15orf62 (completely uncharacterized, priority 9) represents the strongest discovery opportunity. GNB1L (priority 8) offers intriguing potential link between DDR signaling and transcription. RBM48 (priority 7) suggests transcription-splicing coordination. The morphological phenotypes likely reflect altered gene expression programs affecting cellular architecture. The nontargeting control suggests some cluster heterogeneity but doesn't diminish the strong transcriptional signature.	nucleus_Hoescht_mean	C15orf62	uncharacterized	9.0	Completely uncharacterized gene with no functional annotation. Clusters with core transcriptional machinery (Mediator complex components), suggesting potential role in transcription regulation. Zero publications on function; represents high-value discovery opportunity.	-0.2323255091905594	0.0611999999999999	1.2132485778544395	0.0039538603711855	-0.003522233849012
34	Cell cycle regulation and APC/C-mediated ubiquitination	High	This cluster shows HIGH confidence for cell cycle regulation, specifically centered on APC/C-mediated ubiquitination and the DREAM/MuvB complex. Six genes are established members: FBXW7 and FZR1 are E3 ubiquitin ligase adaptors, ANAPC10 is an APC/C core component, and LIN9/LIN37/LIN52 form the DREAM complex that regulates G1/S transition genes. The morphological phenotypes likely reflect disrupted cell cycle progression affecting cellular architecture. GARIN5A and CCDC68 are the most promising understudied candidates, with GARIN5A showing particularly interesting potential for a novel cell cycle connection given its limited characterization. Several genes (BTAF1, CDC42BPA, ZNF460) may have novel roles in coordinating transcription or cytoskeletal changes with cell cycle progression, though these connections are less established. The nontargeting control and RPS25 likely represent background noise rather than pathway-specific effects.	nucleus_Hoescht_mean	FBXW7	established			0.6250876784324646	0.0		-0.0328266693816359	0.011676127821725
34	Cell cycle regulation and APC/C-mediated ubiquitination	High	This cluster shows HIGH confidence for cell cycle regulation, specifically centered on APC/C-mediated ubiquitination and the DREAM/MuvB complex. Six genes are established members: FBXW7 and FZR1 are E3 ubiquitin ligase adaptors, ANAPC10 is an APC/C core component, and LIN9/LIN37/LIN52 form the DREAM complex that regulates G1/S transition genes. The morphological phenotypes likely reflect disrupted cell cycle progression affecting cellular architecture. GARIN5A and CCDC68 are the most promising understudied candidates, with GARIN5A showing particularly interesting potential for a novel cell cycle connection given its limited characterization. Several genes (BTAF1, CDC42BPA, ZNF460) may have novel roles in coordinating transcription or cytoskeletal changes with cell cycle progression, though these connections are less established. The nontargeting control and RPS25 likely represent background noise rather than pathway-specific effects.	nucleus_Hoescht_mean	FZR1	established			0.6562670469284058	0.0		-0.0142604132910815	0.0053530852319799
34	Cell cycle regulation and APC/C-mediated ubiquitination	High	This cluster shows HIGH confidence for cell cycle regulation, specifically centered on APC/C-mediated ubiquitination and the DREAM/MuvB complex. Six genes are established members: FBXW7 and FZR1 are E3 ubiquitin ligase adaptors, ANAPC10 is an APC/C core component, and LIN9/LIN37/LIN52 form the DREAM complex that regulates G1/S transition genes. The morphological phenotypes likely reflect disrupted cell cycle progression affecting cellular architecture. GARIN5A and CCDC68 are the most promising understudied candidates, with GARIN5A showing particularly interesting potential for a novel cell cycle connection given its limited characterization. Several genes (BTAF1, CDC42BPA, ZNF460) may have novel roles in coordinating transcription or cytoskeletal changes with cell cycle progression, though these connections are less established. The nontargeting control and RPS25 likely represent background noise rather than pathway-specific effects.	nucleus_Hoescht_mean	ANAPC10	established			0.4477438926696777	0.0002	3.6989700043360187	-0.0436828213388065	0.007722070277279
34	Cell cycle regulation and APC/C-mediated ubiquitination	High	This cluster shows HIGH confidence for cell cycle regulation, specifically centered on APC/C-mediated ubiquitination and the DREAM/MuvB complex. Six genes are established members: FBXW7 and FZR1 are E3 ubiquitin ligase adaptors, ANAPC10 is an APC/C core component, and LIN9/LIN37/LIN52 form the DREAM complex that regulates G1/S transition genes. The morphological phenotypes likely reflect disrupted cell cycle progression affecting cellular architecture. GARIN5A and CCDC68 are the most promising understudied candidates, with GARIN5A showing particularly interesting potential for a novel cell cycle connection given its limited characterization. Several genes (BTAF1, CDC42BPA, ZNF460) may have novel roles in coordinating transcription or cytoskeletal changes with cell cycle progression, though these connections are less established. The nontargeting control and RPS25 likely represent background noise rather than pathway-specific effects.	nucleus_Hoescht_mean	LIN9	established			0.6753807067871094	0.0		-0.017192144932963	0.0057533816150217
34	Cell cycle regulation and APC/C-mediated ubiquitination	High	This cluster shows HIGH confidence for cell cycle regulation, specifically centered on APC/C-mediated ubiquitination and the DREAM/MuvB complex. Six genes are established members: FBXW7 and FZR1 are E3 ubiquitin ligase adaptors, ANAPC10 is an APC/C core component, and LIN9/LIN37/LIN52 form the DREAM complex that regulates G1/S transition genes. The morphological phenotypes likely reflect disrupted cell cycle progression affecting cellular architecture. GARIN5A and CCDC68 are the most promising understudied candidates, with GARIN5A showing particularly interesting potential for a novel cell cycle connection given its limited characterization. Several genes (BTAF1, CDC42BPA, ZNF460) may have novel roles in coordinating transcription or cytoskeletal changes with cell cycle progression, though these connections are less established. The nontargeting control and RPS25 likely represent background noise rather than pathway-specific effects.	nucleus_Hoescht_mean	LIN37	established			0.5029229521751404	0.0		-0.0283814795315307	0.0117100366348223
34	Cell cycle regulation and APC/C-mediated ubiquitination	High	This cluster shows HIGH confidence for cell cycle regulation, specifically centered on APC/C-mediated ubiquitination and the DREAM/MuvB complex. Six genes are established members: FBXW7 and FZR1 are E3 ubiquitin ligase adaptors, ANAPC10 is an APC/C core component, and LIN9/LIN37/LIN52 form the DREAM complex that regulates G1/S transition genes. The morphological phenotypes likely reflect disrupted cell cycle progression affecting cellular architecture. GARIN5A and CCDC68 are the most promising understudied candidates, with GARIN5A showing particularly interesting potential for a novel cell cycle connection given its limited characterization. Several genes (BTAF1, CDC42BPA, ZNF460) may have novel roles in coordinating transcription or cytoskeletal changes with cell cycle progression, though these connections are less established. The nontargeting control and RPS25 likely represent background noise rather than pathway-specific effects.	nucleus_Hoescht_mean	LIN52	established			0.956056535243988	0.0		-0.0419600865818328	0.0133046042311699
34	Cell cycle regulation and APC/C-mediated ubiquitination	High	This cluster shows HIGH confidence for cell cycle regulation, specifically centered on APC/C-mediated ubiquitination and the DREAM/MuvB complex. Six genes are established members: FBXW7 and FZR1 are E3 ubiquitin ligase adaptors, ANAPC10 is an APC/C core component, and LIN9/LIN37/LIN52 form the DREAM complex that regulates G1/S transition genes. The morphological phenotypes likely reflect disrupted cell cycle progression affecting cellular architecture. GARIN5A and CCDC68 are the most promising understudied candidates, with GARIN5A showing particularly interesting potential for a novel cell cycle connection given its limited characterization. Several genes (BTAF1, CDC42BPA, ZNF460) may have novel roles in coordinating transcription or cytoskeletal changes with cell cycle progression, though these connections are less established. The nontargeting control and RPS25 likely represent background noise rather than pathway-specific effects.	nucleus_Hoescht_mean	RPS25	novel	2.0	Ribosomal protein with well-established role in protein synthesis. While ribosome biogenesis is cell cycle-regulated, RPS25 itself is not a cell cycle regulator. Its presence likely reflects general cellular requirements rather than a novel pathway-specific role.	0.8426686525344849	0.0		-0.0438214012566763	0.0050974842995169
34	Cell cycle regulation and APC/C-mediated ubiquitination	High	This cluster shows HIGH confidence for cell cycle regulation, specifically centered on APC/C-mediated ubiquitination and the DREAM/MuvB complex. Six genes are established members: FBXW7 and FZR1 are E3 ubiquitin ligase adaptors, ANAPC10 is an APC/C core component, and LIN9/LIN37/LIN52 form the DREAM complex that regulates G1/S transition genes. The morphological phenotypes likely reflect disrupted cell cycle progression affecting cellular architecture. GARIN5A and CCDC68 are the most promising understudied candidates, with GARIN5A showing particularly interesting potential for a novel cell cycle connection given its limited characterization. Several genes (BTAF1, CDC42BPA, ZNF460) may have novel roles in coordinating transcription or cytoskeletal changes with cell cycle progression, though these connections are less established. The nontargeting control and RPS25 likely represent background noise rather than pathway-specific effects.	nucleus_Hoescht_mean	PCBD2	novel	3.0	Dual function protein involved in tetrahydrobiopterin biosynthesis and HNF-1-alpha transcriptional regulation. While transcriptional regulation connects to cell cycle, PCBD2's specific functions are well-characterized in other contexts. Limited rationale for a novel cell cycle role.	-0.1954067498445511	0.0982	1.0078885122130503	0.0042483595060999	0.0073468305713932
34	Cell cycle regulation and APC/C-mediated ubiquitination	High	This cluster shows HIGH confidence for cell cycle regulation, specifically centered on APC/C-mediated ubiquitination and the DREAM/MuvB complex. Six genes are established members: FBXW7 and FZR1 are E3 ubiquitin ligase adaptors, ANAPC10 is an APC/C core component, and LIN9/LIN37/LIN52 form the DREAM complex that regulates G1/S transition genes. The morphological phenotypes likely reflect disrupted cell cycle progression affecting cellular architecture. GARIN5A and CCDC68 are the most promising understudied candidates, with GARIN5A showing particularly interesting potential for a novel cell cycle connection given its limited characterization. Several genes (BTAF1, CDC42BPA, ZNF460) may have novel roles in coordinating transcription or cytoskeletal changes with cell cycle progression, though these connections are less established. The nontargeting control and RPS25 likely represent background noise rather than pathway-specific effects.	nucleus_Hoescht_mean	EBF4	novel	4.0	Transcription factor with established role in immunoregulatory gene expression in NK/T cells. No clear connection to cell cycle regulation. Its presence in this cluster is unexpected and may represent either a technical artifact or a very novel regulatory connection that would require substantial validation.	0.1563269793987274	0.2248	0.6482036931029765	-0.0041263572701365	0.009948614708005
34	Cell cycle regulation and APC/C-mediated ubiquitination	High	This cluster shows HIGH confidence for cell cycle regulation, specifically centered on APC/C-mediated ubiquitination and the DREAM/MuvB complex. Six genes are established members: FBXW7 and FZR1 are E3 ubiquitin ligase adaptors, ANAPC10 is an APC/C core component, and LIN9/LIN37/LIN52 form the DREAM complex that regulates G1/S transition genes. The morphological phenotypes likely reflect disrupted cell cycle progression affecting cellular architecture. GARIN5A and CCDC68 are the most promising understudied candidates, with GARIN5A showing particularly interesting potential for a novel cell cycle connection given its limited characterization. Several genes (BTAF1, CDC42BPA, ZNF460) may have novel roles in coordinating transcription or cytoskeletal changes with cell cycle progression, though these connections are less established. The nontargeting control and RPS25 likely represent background noise rather than pathway-specific effects.	nucleus_Hoescht_mean	CDC42BPA	novel	5.0	Established CDC42 effector kinase regulating cytoskeleton and cell migration. While cytoskeletal reorganization occurs during mitosis, CDC42BPA is not typically associated with core cell cycle regulation or APC/C function. May have an indirect role in coordinating cytoskeletal changes with cell cycle progression.	0.3468085825443268	0.0248	1.6055483191737838	-0.0046535083853875	0.0069399301295442
34	Cell cycle regulation and APC/C-mediated ubiquitination	High	This cluster shows HIGH confidence for cell cycle regulation, specifically centered on APC/C-mediated ubiquitination and the DREAM/MuvB complex. Six genes are established members: FBXW7 and FZR1 are E3 ubiquitin ligase adaptors, ANAPC10 is an APC/C core component, and LIN9/LIN37/LIN52 form the DREAM complex that regulates G1/S transition genes. The morphological phenotypes likely reflect disrupted cell cycle progression affecting cellular architecture. GARIN5A and CCDC68 are the most promising understudied candidates, with GARIN5A showing particularly interesting potential for a novel cell cycle connection given its limited characterization. Several genes (BTAF1, CDC42BPA, ZNF460) may have novel roles in coordinating transcription or cytoskeletal changes with cell cycle progression, though these connections are less established. The nontargeting control and RPS25 likely represent background noise rather than pathway-specific effects.	nucleus_Hoescht_mean	ZNF460	novel	5.0	Putative transcription factor with minimal functional characterization beyond 'may be involved in transcriptional regulation.' Could potentially regulate cell cycle genes, but lacks sufficient data to strongly support this. Moderate priority due to general lack of functional data.	-0.0309334620833396	0.7718	0.11249522576462213	0.0017307372873911	0.004440487722439
34	Cell cycle regulation and APC/C-mediated ubiquitination	High	This cluster shows HIGH confidence for cell cycle regulation, specifically centered on APC/C-mediated ubiquitination and the DREAM/MuvB complex. Six genes are established members: FBXW7 and FZR1 are E3 ubiquitin ligase adaptors, ANAPC10 is an APC/C core component, and LIN9/LIN37/LIN52 form the DREAM complex that regulates G1/S transition genes. The morphological phenotypes likely reflect disrupted cell cycle progression affecting cellular architecture. GARIN5A and CCDC68 are the most promising understudied candidates, with GARIN5A showing particularly interesting potential for a novel cell cycle connection given its limited characterization. Several genes (BTAF1, CDC42BPA, ZNF460) may have novel roles in coordinating transcription or cytoskeletal changes with cell cycle progression, though these connections are less established. The nontargeting control and RPS25 likely represent background noise rather than pathway-specific effects.	nucleus_Hoescht_mean	BTAF1	novel	6.0	Well-characterized transcription regulator that removes TBP from TATA boxes. While transcriptional regulation is critical for cell cycle gene expression, BTAF1 has not been directly linked to APC/C or cell cycle ubiquitination pathways. Its presence suggests it may regulate transcription of cell cycle genes in coordination with the DREAM/MuvB complex (LIN9/37/52).	0.3013704717159271	0.0064	2.193820026016113	-0.0232425741742919	0.0073069583301784
34	Cell cycle regulation and APC/C-mediated ubiquitination	High	This cluster shows HIGH confidence for cell cycle regulation, specifically centered on APC/C-mediated ubiquitination and the DREAM/MuvB complex. Six genes are established members: FBXW7 and FZR1 are E3 ubiquitin ligase adaptors, ANAPC10 is an APC/C core component, and LIN9/LIN37/LIN52 form the DREAM complex that regulates G1/S transition genes. The morphological phenotypes likely reflect disrupted cell cycle progression affecting cellular architecture. GARIN5A and CCDC68 are the most promising understudied candidates, with GARIN5A showing particularly interesting potential for a novel cell cycle connection given its limited characterization. Several genes (BTAF1, CDC42BPA, ZNF460) may have novel roles in coordinating transcription or cytoskeletal changes with cell cycle progression, though these connections are less established. The nontargeting control and RPS25 likely represent background noise rather than pathway-specific effects.	nucleus_Hoescht_mean	CCDC68	uncharacterized	6.0	Characterized as a centriolar protein involved in subdistal appendage assembly and microtubule anchoring. While centrosome function is linked to cell cycle, CCDC68's specific role appears structural rather than regulatory. Its clustering here may indicate an unrecognized connection to cell cycle control mechanisms, though this is speculative.	-0.3372378349304199	0.0052	2.283996656365201	0.0044459856892187	0.0071780572809194
34	Cell cycle regulation and APC/C-mediated ubiquitination	High	This cluster shows HIGH confidence for cell cycle regulation, specifically centered on APC/C-mediated ubiquitination and the DREAM/MuvB complex. Six genes are established members: FBXW7 and FZR1 are E3 ubiquitin ligase adaptors, ANAPC10 is an APC/C core component, and LIN9/LIN37/LIN52 form the DREAM complex that regulates G1/S transition genes. The morphological phenotypes likely reflect disrupted cell cycle progression affecting cellular architecture. GARIN5A and CCDC68 are the most promising understudied candidates, with GARIN5A showing particularly interesting potential for a novel cell cycle connection given its limited characterization. Several genes (BTAF1, CDC42BPA, ZNF460) may have novel roles in coordinating transcription or cytoskeletal changes with cell cycle progression, though these connections are less established. The nontargeting control and RPS25 likely represent background noise rather than pathway-specific effects.	nucleus_Hoescht_mean	GARIN5A	uncharacterized	7.0	Recently identified RAB2B effector with known role in innate immunity/CGAS-STING signaling. Limited publications and no established connection to cell cycle regulation. Its presence in this cell cycle-enriched cluster suggests a potential novel function in cell cycle progression or coordination with immune responses, but requires experimental validation.	0.2792530655860901	0.0844	1.0736575533743449	-0.0131904499576688	0.0071044485210779
53	N-linked glycosylation and dolichol-linked oligosaccharide biosynthesis	High	This cluster shows HIGH confidence for N-linked glycosylation and dolichol-linked oligosaccharide biosynthesis pathway (>70% genes directly involved). Eight genes are established pathway members: ALG9, ALG11, and ALG12 are mannosyltransferases adding specific mannose residues to growing oligosaccharides; DHDDS and NUS1 form the DDS complex synthesizing dolichol-PP precursors; DPM2 and GMPPB provide activated sugar donors (dolichol-P-mannose and GDP-mannose); SEC61A1 is the ER translocon for co-translational protein import where N-glycosylation occurs. The morphological phenotypes (particularly ER staining with ConA) align perfectly with disrupted glycosylation. PINLYP is the top priority as a completely uncharacterized gene in this well-defined pathway context. NCEH1 represents an intriguing discovery opportunity as a lipid hydrolase with no known glycosylation role. The remaining genes (KRIT1, TFAP2A, IPO11, EEF1AKMT4) likely have indirect or regulatory connections to the pathway and are lower priorities for pathway-specific follow-up.	cytoplasm_ConA_mean	ALG9	established			-0.235899344086647	0.0161999999999999	1.7904849854573717	-0.020942245574717	0.002503480469744
53	N-linked glycosylation and dolichol-linked oligosaccharide biosynthesis	High	This cluster shows HIGH confidence for N-linked glycosylation and dolichol-linked oligosaccharide biosynthesis pathway (>70% genes directly involved). Eight genes are established pathway members: ALG9, ALG11, and ALG12 are mannosyltransferases adding specific mannose residues to growing oligosaccharides; DHDDS and NUS1 form the DDS complex synthesizing dolichol-PP precursors; DPM2 and GMPPB provide activated sugar donors (dolichol-P-mannose and GDP-mannose); SEC61A1 is the ER translocon for co-translational protein import where N-glycosylation occurs. The morphological phenotypes (particularly ER staining with ConA) align perfectly with disrupted glycosylation. PINLYP is the top priority as a completely uncharacterized gene in this well-defined pathway context. NCEH1 represents an intriguing discovery opportunity as a lipid hydrolase with no known glycosylation role. The remaining genes (KRIT1, TFAP2A, IPO11, EEF1AKMT4) likely have indirect or regulatory connections to the pathway and are lower priorities for pathway-specific follow-up.	cytoplasm_ConA_mean	ALG11	established			-0.4649783372879028	0.0		-0.0469953054033992	-0.0041960558941469
53	N-linked glycosylation and dolichol-linked oligosaccharide biosynthesis	High	This cluster shows HIGH confidence for N-linked glycosylation and dolichol-linked oligosaccharide biosynthesis pathway (>70% genes directly involved). Eight genes are established pathway members: ALG9, ALG11, and ALG12 are mannosyltransferases adding specific mannose residues to growing oligosaccharides; DHDDS and NUS1 form the DDS complex synthesizing dolichol-PP precursors; DPM2 and GMPPB provide activated sugar donors (dolichol-P-mannose and GDP-mannose); SEC61A1 is the ER translocon for co-translational protein import where N-glycosylation occurs. The morphological phenotypes (particularly ER staining with ConA) align perfectly with disrupted glycosylation. PINLYP is the top priority as a completely uncharacterized gene in this well-defined pathway context. NCEH1 represents an intriguing discovery opportunity as a lipid hydrolase with no known glycosylation role. The remaining genes (KRIT1, TFAP2A, IPO11, EEF1AKMT4) likely have indirect or regulatory connections to the pathway and are lower priorities for pathway-specific follow-up.	cytoplasm_ConA_mean	ALG12	established			-0.3480455875396728	0.0012	2.9208187539523753	-0.0209112891188025	-0.0002703995708673
53	N-linked glycosylation and dolichol-linked oligosaccharide biosynthesis	High	This cluster shows HIGH confidence for N-linked glycosylation and dolichol-linked oligosaccharide biosynthesis pathway (>70% genes directly involved). Eight genes are established pathway members: ALG9, ALG11, and ALG12 are mannosyltransferases adding specific mannose residues to growing oligosaccharides; DHDDS and NUS1 form the DDS complex synthesizing dolichol-PP precursors; DPM2 and GMPPB provide activated sugar donors (dolichol-P-mannose and GDP-mannose); SEC61A1 is the ER translocon for co-translational protein import where N-glycosylation occurs. The morphological phenotypes (particularly ER staining with ConA) align perfectly with disrupted glycosylation. PINLYP is the top priority as a completely uncharacterized gene in this well-defined pathway context. NCEH1 represents an intriguing discovery opportunity as a lipid hydrolase with no known glycosylation role. The remaining genes (KRIT1, TFAP2A, IPO11, EEF1AKMT4) likely have indirect or regulatory connections to the pathway and are lower priorities for pathway-specific follow-up.	cytoplasm_ConA_mean	DHDDS	established			-0.5887230038642883	0.0		-0.0229509935463739	0.0031359193772907
53	N-linked glycosylation and dolichol-linked oligosaccharide biosynthesis	High	This cluster shows HIGH confidence for N-linked glycosylation and dolichol-linked oligosaccharide biosynthesis pathway (>70% genes directly involved). Eight genes are established pathway members: ALG9, ALG11, and ALG12 are mannosyltransferases adding specific mannose residues to growing oligosaccharides; DHDDS and NUS1 form the DDS complex synthesizing dolichol-PP precursors; DPM2 and GMPPB provide activated sugar donors (dolichol-P-mannose and GDP-mannose); SEC61A1 is the ER translocon for co-translational protein import where N-glycosylation occurs. The morphological phenotypes (particularly ER staining with ConA) align perfectly with disrupted glycosylation. PINLYP is the top priority as a completely uncharacterized gene in this well-defined pathway context. NCEH1 represents an intriguing discovery opportunity as a lipid hydrolase with no known glycosylation role. The remaining genes (KRIT1, TFAP2A, IPO11, EEF1AKMT4) likely have indirect or regulatory connections to the pathway and are lower priorities for pathway-specific follow-up.	cytoplasm_ConA_mean	NUS1	established			-0.5986257195472717	0.0		-0.0234520626168516	0.0010791840318398
53	N-linked glycosylation and dolichol-linked oligosaccharide biosynthesis	High	This cluster shows HIGH confidence for N-linked glycosylation and dolichol-linked oligosaccharide biosynthesis pathway (>70% genes directly involved). Eight genes are established pathway members: ALG9, ALG11, and ALG12 are mannosyltransferases adding specific mannose residues to growing oligosaccharides; DHDDS and NUS1 form the DDS complex synthesizing dolichol-PP precursors; DPM2 and GMPPB provide activated sugar donors (dolichol-P-mannose and GDP-mannose); SEC61A1 is the ER translocon for co-translational protein import where N-glycosylation occurs. The morphological phenotypes (particularly ER staining with ConA) align perfectly with disrupted glycosylation. PINLYP is the top priority as a completely uncharacterized gene in this well-defined pathway context. NCEH1 represents an intriguing discovery opportunity as a lipid hydrolase with no known glycosylation role. The remaining genes (KRIT1, TFAP2A, IPO11, EEF1AKMT4) likely have indirect or regulatory connections to the pathway and are lower priorities for pathway-specific follow-up.	cytoplasm_ConA_mean	DPM2	established			-0.352236807346344	0.0114	1.9430951486635273	-0.0162813387377386	0.0021277515002147
53	N-linked glycosylation and dolichol-linked oligosaccharide biosynthesis	High	This cluster shows HIGH confidence for N-linked glycosylation and dolichol-linked oligosaccharide biosynthesis pathway (>70% genes directly involved). Eight genes are established pathway members: ALG9, ALG11, and ALG12 are mannosyltransferases adding specific mannose residues to growing oligosaccharides; DHDDS and NUS1 form the DDS complex synthesizing dolichol-PP precursors; DPM2 and GMPPB provide activated sugar donors (dolichol-P-mannose and GDP-mannose); SEC61A1 is the ER translocon for co-translational protein import where N-glycosylation occurs. The morphological phenotypes (particularly ER staining with ConA) align perfectly with disrupted glycosylation. PINLYP is the top priority as a completely uncharacterized gene in this well-defined pathway context. NCEH1 represents an intriguing discovery opportunity as a lipid hydrolase with no known glycosylation role. The remaining genes (KRIT1, TFAP2A, IPO11, EEF1AKMT4) likely have indirect or regulatory connections to the pathway and are lower priorities for pathway-specific follow-up.	cytoplasm_ConA_mean	GMPPB	established			-0.4338024854660034	0.0		-0.0150228039199459	-0.0014762860127251
53	N-linked glycosylation and dolichol-linked oligosaccharide biosynthesis	High	This cluster shows HIGH confidence for N-linked glycosylation and dolichol-linked oligosaccharide biosynthesis pathway (>70% genes directly involved). Eight genes are established pathway members: ALG9, ALG11, and ALG12 are mannosyltransferases adding specific mannose residues to growing oligosaccharides; DHDDS and NUS1 form the DDS complex synthesizing dolichol-PP precursors; DPM2 and GMPPB provide activated sugar donors (dolichol-P-mannose and GDP-mannose); SEC61A1 is the ER translocon for co-translational protein import where N-glycosylation occurs. The morphological phenotypes (particularly ER staining with ConA) align perfectly with disrupted glycosylation. PINLYP is the top priority as a completely uncharacterized gene in this well-defined pathway context. NCEH1 represents an intriguing discovery opportunity as a lipid hydrolase with no known glycosylation role. The remaining genes (KRIT1, TFAP2A, IPO11, EEF1AKMT4) likely have indirect or regulatory connections to the pathway and are lower priorities for pathway-specific follow-up.	cytoplasm_ConA_mean	SEC61A1	established			-0.2608593106269836	0.02	1.6989700043360187	-0.0529309925342278	-0.0175012446320818
53	N-linked glycosylation and dolichol-linked oligosaccharide biosynthesis	High	This cluster shows HIGH confidence for N-linked glycosylation and dolichol-linked oligosaccharide biosynthesis pathway (>70% genes directly involved). Eight genes are established pathway members: ALG9, ALG11, and ALG12 are mannosyltransferases adding specific mannose residues to growing oligosaccharides; DHDDS and NUS1 form the DDS complex synthesizing dolichol-PP precursors; DPM2 and GMPPB provide activated sugar donors (dolichol-P-mannose and GDP-mannose); SEC61A1 is the ER translocon for co-translational protein import where N-glycosylation occurs. The morphological phenotypes (particularly ER staining with ConA) align perfectly with disrupted glycosylation. PINLYP is the top priority as a completely uncharacterized gene in this well-defined pathway context. NCEH1 represents an intriguing discovery opportunity as a lipid hydrolase with no known glycosylation role. The remaining genes (KRIT1, TFAP2A, IPO11, EEF1AKMT4) likely have indirect or regulatory connections to the pathway and are lower priorities for pathway-specific follow-up.	cytoplasm_ConA_mean	EEF1AKMT4	novel	3.0	Methyltransferase for translation elongation factor EEF1A. Connection to glycosylation pathway is unclear but may relate to co-translational N-glycosylation during protein synthesis. However, this link is tenuous and the gene's primary function is well-established in translation.	-0.0428129993379116	0.6548	0.18389132926009613	-0.0073794663721185	0.0006830043883654
53	N-linked glycosylation and dolichol-linked oligosaccharide biosynthesis	High	This cluster shows HIGH confidence for N-linked glycosylation and dolichol-linked oligosaccharide biosynthesis pathway (>70% genes directly involved). Eight genes are established pathway members: ALG9, ALG11, and ALG12 are mannosyltransferases adding specific mannose residues to growing oligosaccharides; DHDDS and NUS1 form the DDS complex synthesizing dolichol-PP precursors; DPM2 and GMPPB provide activated sugar donors (dolichol-P-mannose and GDP-mannose); SEC61A1 is the ER translocon for co-translational protein import where N-glycosylation occurs. The morphological phenotypes (particularly ER staining with ConA) align perfectly with disrupted glycosylation. PINLYP is the top priority as a completely uncharacterized gene in this well-defined pathway context. NCEH1 represents an intriguing discovery opportunity as a lipid hydrolase with no known glycosylation role. The remaining genes (KRIT1, TFAP2A, IPO11, EEF1AKMT4) likely have indirect or regulatory connections to the pathway and are lower priorities for pathway-specific follow-up.	cytoplasm_ConA_mean	IPO11	novel	4.0	Nuclear import receptor with established function in nucleocytoplasmic transport. Possible role in importing transcription factors or regulatory proteins that control glycosylation gene expression, but this is speculative and likely reflects indirect effects on ER morphology.	0.0329509861767292	0.737	0.13253251214094852	-0.0101186831414463	0.0047596984276911
53	N-linked glycosylation and dolichol-linked oligosaccharide biosynthesis	High	This cluster shows HIGH confidence for N-linked glycosylation and dolichol-linked oligosaccharide biosynthesis pathway (>70% genes directly involved). Eight genes are established pathway members: ALG9, ALG11, and ALG12 are mannosyltransferases adding specific mannose residues to growing oligosaccharides; DHDDS and NUS1 form the DDS complex synthesizing dolichol-PP precursors; DPM2 and GMPPB provide activated sugar donors (dolichol-P-mannose and GDP-mannose); SEC61A1 is the ER translocon for co-translational protein import where N-glycosylation occurs. The morphological phenotypes (particularly ER staining with ConA) align perfectly with disrupted glycosylation. PINLYP is the top priority as a completely uncharacterized gene in this well-defined pathway context. NCEH1 represents an intriguing discovery opportunity as a lipid hydrolase with no known glycosylation role. The remaining genes (KRIT1, TFAP2A, IPO11, EEF1AKMT4) likely have indirect or regulatory connections to the pathway and are lower priorities for pathway-specific follow-up.	cytoplasm_ConA_mean	TFAP2A	novel	5.0	Transcription factor regulating developmental genes. May transcriptionally regulate components of the N-glycosylation pathway, though this specific regulatory relationship is not well-documented. Lower priority as transcriptional regulators often cluster with their target pathways.	0.3009966015815735	0.044	1.3565473235138126	-0.0031184751798406	-0.0012600686047495
53	N-linked glycosylation and dolichol-linked oligosaccharide biosynthesis	High	This cluster shows HIGH confidence for N-linked glycosylation and dolichol-linked oligosaccharide biosynthesis pathway (>70% genes directly involved). Eight genes are established pathway members: ALG9, ALG11, and ALG12 are mannosyltransferases adding specific mannose residues to growing oligosaccharides; DHDDS and NUS1 form the DDS complex synthesizing dolichol-PP precursors; DPM2 and GMPPB provide activated sugar donors (dolichol-P-mannose and GDP-mannose); SEC61A1 is the ER translocon for co-translational protein import where N-glycosylation occurs. The morphological phenotypes (particularly ER staining with ConA) align perfectly with disrupted glycosylation. PINLYP is the top priority as a completely uncharacterized gene in this well-defined pathway context. NCEH1 represents an intriguing discovery opportunity as a lipid hydrolase with no known glycosylation role. The remaining genes (KRIT1, TFAP2A, IPO11, EEF1AKMT4) likely have indirect or regulatory connections to the pathway and are lower priorities for pathway-specific follow-up.	cytoplasm_ConA_mean	KRIT1	novel	6.0	Well-characterized in vascular development and endothelial cell polarity through CCM signaling. Clustering with glycosylation genes suggests potential involvement in regulating glycosylation of cell surface receptors or adhesion molecules critical for endothelial function, though this connection is not established in literature.	-0.0172582045197486	0.8504	0.07037674848475964	0.0007155186655087	0.0022811807705699
53	N-linked glycosylation and dolichol-linked oligosaccharide biosynthesis	High	This cluster shows HIGH confidence for N-linked glycosylation and dolichol-linked oligosaccharide biosynthesis pathway (>70% genes directly involved). Eight genes are established pathway members: ALG9, ALG11, and ALG12 are mannosyltransferases adding specific mannose residues to growing oligosaccharides; DHDDS and NUS1 form the DDS complex synthesizing dolichol-PP precursors; DPM2 and GMPPB provide activated sugar donors (dolichol-P-mannose and GDP-mannose); SEC61A1 is the ER translocon for co-translational protein import where N-glycosylation occurs. The morphological phenotypes (particularly ER staining with ConA) align perfectly with disrupted glycosylation. PINLYP is the top priority as a completely uncharacterized gene in this well-defined pathway context. NCEH1 represents an intriguing discovery opportunity as a lipid hydrolase with no known glycosylation role. The remaining genes (KRIT1, TFAP2A, IPO11, EEF1AKMT4) likely have indirect or regulatory connections to the pathway and are lower priorities for pathway-specific follow-up.	cytoplasm_ConA_mean	NCEH1	novel	7.0	Known as a lipid hydrolase involved in platelet-activating factor metabolism and organophosphorus detoxification. Its clustering with N-glycosylation machinery is unexpected. May have an unrecognized role in lipid-linked oligosaccharide metabolism or ER membrane lipid homeostasis that affects glycosylation efficiency.	0.0326256826519966	0.8146	0.08905559425002112	-0.0021862013910495	0.0042397955922622
53	N-linked glycosylation and dolichol-linked oligosaccharide biosynthesis	High	This cluster shows HIGH confidence for N-linked glycosylation and dolichol-linked oligosaccharide biosynthesis pathway (>70% genes directly involved). Eight genes are established pathway members: ALG9, ALG11, and ALG12 are mannosyltransferases adding specific mannose residues to growing oligosaccharides; DHDDS and NUS1 form the DDS complex synthesizing dolichol-PP precursors; DPM2 and GMPPB provide activated sugar donors (dolichol-P-mannose and GDP-mannose); SEC61A1 is the ER translocon for co-translational protein import where N-glycosylation occurs. The morphological phenotypes (particularly ER staining with ConA) align perfectly with disrupted glycosylation. PINLYP is the top priority as a completely uncharacterized gene in this well-defined pathway context. NCEH1 represents an intriguing discovery opportunity as a lipid hydrolase with no known glycosylation role. The remaining genes (KRIT1, TFAP2A, IPO11, EEF1AKMT4) likely have indirect or regulatory connections to the pathway and are lower priorities for pathway-specific follow-up.	cytoplasm_ConA_mean	PINLYP	uncharacterized	9.0	Completely uncharacterized gene with no functional annotation provided. Given clustering with N-glycosylation pathway genes and ER-localized proteins, this represents a high-priority discovery opportunity for a potentially novel component of glycosylation or ER quality control machinery.	-0.3428912162780761	0.0007999999999999	3.096910013008111	-0.0103002600015024	0.0003597562594872
77	ER-Golgi vesicular transport and SNARE-mediated membrane trafficking	High	This cluster shows HIGH confidence for ER-Golgi vesicular transport, with three established SNARE/trafficking genes (SCFD1, GOSR2, STX5) representing ~23% of the cluster. Including plausible supporting genes (CISD3 for organellar coordination, NCALD for calcium regulation), ~38% directly fit the pathway. The morphological screen detecting changes in ER (ConA) and Golgi (AGP) staining strongly supports this pathway. Four highly understudied genes (SAMD10, UBL3, SMIM24, FAM131A) represent excellent discovery opportunities for novel components of the secretory pathway. KRTAP9-9 (hair keratin) and SSC5D (extracellular matrix/immune) appear to be outliers, possibly representing off-target effects or secondary phenotypes. The core trafficking machinery provides a clear functional framework for prioritizing the uncharacterized genes.	cell_ConA_mean	SCFD1	established			0.4149310886859894	0.0		0.0025101446177153	0.0016407081556754
77	ER-Golgi vesicular transport and SNARE-mediated membrane trafficking	High	This cluster shows HIGH confidence for ER-Golgi vesicular transport, with three established SNARE/trafficking genes (SCFD1, GOSR2, STX5) representing ~23% of the cluster. Including plausible supporting genes (CISD3 for organellar coordination, NCALD for calcium regulation), ~38% directly fit the pathway. The morphological screen detecting changes in ER (ConA) and Golgi (AGP) staining strongly supports this pathway. Four highly understudied genes (SAMD10, UBL3, SMIM24, FAM131A) represent excellent discovery opportunities for novel components of the secretory pathway. KRTAP9-9 (hair keratin) and SSC5D (extracellular matrix/immune) appear to be outliers, possibly representing off-target effects or secondary phenotypes. The core trafficking machinery provides a clear functional framework for prioritizing the uncharacterized genes.	cell_ConA_mean	GOSR2	established			0.6004483103752136	0.0		-0.0015833230281939	-0.0029758756498408
77	ER-Golgi vesicular transport and SNARE-mediated membrane trafficking	High	This cluster shows HIGH confidence for ER-Golgi vesicular transport, with three established SNARE/trafficking genes (SCFD1, GOSR2, STX5) representing ~23% of the cluster. Including plausible supporting genes (CISD3 for organellar coordination, NCALD for calcium regulation), ~38% directly fit the pathway. The morphological screen detecting changes in ER (ConA) and Golgi (AGP) staining strongly supports this pathway. Four highly understudied genes (SAMD10, UBL3, SMIM24, FAM131A) represent excellent discovery opportunities for novel components of the secretory pathway. KRTAP9-9 (hair keratin) and SSC5D (extracellular matrix/immune) appear to be outliers, possibly representing off-target effects or secondary phenotypes. The core trafficking machinery provides a clear functional framework for prioritizing the uncharacterized genes.	cell_ConA_mean	STX5	established			0.0551432967185974	0.6544	0.18415670933673342	-0.0022512554103847	0.0014274045782535
77	ER-Golgi vesicular transport and SNARE-mediated membrane trafficking	High	This cluster shows HIGH confidence for ER-Golgi vesicular transport, with three established SNARE/trafficking genes (SCFD1, GOSR2, STX5) representing ~23% of the cluster. Including plausible supporting genes (CISD3 for organellar coordination, NCALD for calcium regulation), ~38% directly fit the pathway. The morphological screen detecting changes in ER (ConA) and Golgi (AGP) staining strongly supports this pathway. Four highly understudied genes (SAMD10, UBL3, SMIM24, FAM131A) represent excellent discovery opportunities for novel components of the secretory pathway. KRTAP9-9 (hair keratin) and SSC5D (extracellular matrix/immune) appear to be outliers, possibly representing off-target effects or secondary phenotypes. The core trafficking machinery provides a clear functional framework for prioritizing the uncharacterized genes.	cell_ConA_mean	IDH3A	novel	3.0	Well-characterized TCA cycle enzyme. While mitochondrial metabolism can influence ER-Golgi function through energy and metabolite supply, this connection is already recognized. Not a high-priority novel role candidate.	0.1097313165664672	0.4378	0.35872424276808706	0.0019061162181391	-0.0043308589078729
77	ER-Golgi vesicular transport and SNARE-mediated membrane trafficking	High	This cluster shows HIGH confidence for ER-Golgi vesicular transport, with three established SNARE/trafficking genes (SCFD1, GOSR2, STX5) representing ~23% of the cluster. Including plausible supporting genes (CISD3 for organellar coordination, NCALD for calcium regulation), ~38% directly fit the pathway. The morphological screen detecting changes in ER (ConA) and Golgi (AGP) staining strongly supports this pathway. Four highly understudied genes (SAMD10, UBL3, SMIM24, FAM131A) represent excellent discovery opportunities for novel components of the secretory pathway. KRTAP9-9 (hair keratin) and SSC5D (extracellular matrix/immune) appear to be outliers, possibly representing off-target effects or secondary phenotypes. The core trafficking machinery provides a clear functional framework for prioritizing the uncharacterized genes.	cell_ConA_mean	CDKN1A	novel	4.0	Well-established cell cycle regulator and CDK inhibitor. While primarily nuclear, some evidence suggests cytoplasmic functions. Clustering here may indicate novel role in coordinating cell cycle with secretory pathway capacity, but this is a lower priority given extensive existing characterization in other contexts.	-0.2643424868583679	0.006	2.221848749616356	-0.042135553361293	0.0122022178282117
77	ER-Golgi vesicular transport and SNARE-mediated membrane trafficking	High	This cluster shows HIGH confidence for ER-Golgi vesicular transport, with three established SNARE/trafficking genes (SCFD1, GOSR2, STX5) representing ~23% of the cluster. Including plausible supporting genes (CISD3 for organellar coordination, NCALD for calcium regulation), ~38% directly fit the pathway. The morphological screen detecting changes in ER (ConA) and Golgi (AGP) staining strongly supports this pathway. Four highly understudied genes (SAMD10, UBL3, SMIM24, FAM131A) represent excellent discovery opportunities for novel components of the secretory pathway. KRTAP9-9 (hair keratin) and SSC5D (extracellular matrix/immune) appear to be outliers, possibly representing off-target effects or secondary phenotypes. The core trafficking machinery provides a clear functional framework for prioritizing the uncharacterized genes.	cell_ConA_mean	NCALD	novel	5.0	Calcium-binding protein known for regulating rhodopsin phosphorylation in photoreceptors. Clustering with SNARE proteins suggests potential novel role in calcium-dependent regulation of vesicular fusion events in the secretory pathway, though this connection is speculative.	0.1992244869470596	0.093	1.031517051446065	0.0046297978907594	0.0007961246669478
77	ER-Golgi vesicular transport and SNARE-mediated membrane trafficking	High	This cluster shows HIGH confidence for ER-Golgi vesicular transport, with three established SNARE/trafficking genes (SCFD1, GOSR2, STX5) representing ~23% of the cluster. Including plausible supporting genes (CISD3 for organellar coordination, NCALD for calcium regulation), ~38% directly fit the pathway. The morphological screen detecting changes in ER (ConA) and Golgi (AGP) staining strongly supports this pathway. Four highly understudied genes (SAMD10, UBL3, SMIM24, FAM131A) represent excellent discovery opportunities for novel components of the secretory pathway. KRTAP9-9 (hair keratin) and SSC5D (extracellular matrix/immune) appear to be outliers, possibly representing off-target effects or secondary phenotypes. The core trafficking machinery provides a clear functional framework for prioritizing the uncharacterized genes.	cell_ConA_mean	CISD3	novel	6.0	Known for mitochondrial iron-sulfur cluster transfer and iron homeostasis. However, clustering with ER-Golgi trafficking machinery suggests potential novel role in coordinating secretory pathway function with mitochondrial metabolism or redox state, which has not been previously described.	0.1590138524770736	0.121	0.9172146296835499	0.0048142964115148	-0.0003403360338117
77	ER-Golgi vesicular transport and SNARE-mediated membrane trafficking	High	This cluster shows HIGH confidence for ER-Golgi vesicular transport, with three established SNARE/trafficking genes (SCFD1, GOSR2, STX5) representing ~23% of the cluster. Including plausible supporting genes (CISD3 for organellar coordination, NCALD for calcium regulation), ~38% directly fit the pathway. The morphological screen detecting changes in ER (ConA) and Golgi (AGP) staining strongly supports this pathway. Four highly understudied genes (SAMD10, UBL3, SMIM24, FAM131A) represent excellent discovery opportunities for novel components of the secretory pathway. KRTAP9-9 (hair keratin) and SSC5D (extracellular matrix/immune) appear to be outliers, possibly representing off-target effects or secondary phenotypes. The core trafficking machinery provides a clear functional framework for prioritizing the uncharacterized genes.	cell_ConA_mean	FAM131A	uncharacterized	7.0	Uncharacterized family member with no known function. Presence in cluster with vesicular transport genes suggests potential involvement in secretory pathway, but no literature supports any specific role.	0.0796247273683548	0.6062	0.21738406796839657	0.0021902521278971	-0.0001192352196773
77	ER-Golgi vesicular transport and SNARE-mediated membrane trafficking	High	This cluster shows HIGH confidence for ER-Golgi vesicular transport, with three established SNARE/trafficking genes (SCFD1, GOSR2, STX5) representing ~23% of the cluster. Including plausible supporting genes (CISD3 for organellar coordination, NCALD for calcium regulation), ~38% directly fit the pathway. The morphological screen detecting changes in ER (ConA) and Golgi (AGP) staining strongly supports this pathway. Four highly understudied genes (SAMD10, UBL3, SMIM24, FAM131A) represent excellent discovery opportunities for novel components of the secretory pathway. KRTAP9-9 (hair keratin) and SSC5D (extracellular matrix/immune) appear to be outliers, possibly representing off-target effects or secondary phenotypes. The core trafficking machinery provides a clear functional framework for prioritizing the uncharacterized genes.	cell_ConA_mean	UBL3	uncharacterized	8.0	Ubiquitin-like protein with minimal functional characterization. No established pathway assignment despite ubiquitin-like domains typically having regulatory roles. Clustering with SNARE machinery suggests potential novel regulatory function in vesicular trafficking.	-0.0817857980728149	0.5224	0.2819968317329825	-0.0086491490385208	0.0045737355163225
77	ER-Golgi vesicular transport and SNARE-mediated membrane trafficking	High	This cluster shows HIGH confidence for ER-Golgi vesicular transport, with three established SNARE/trafficking genes (SCFD1, GOSR2, STX5) representing ~23% of the cluster. Including plausible supporting genes (CISD3 for organellar coordination, NCALD for calcium regulation), ~38% directly fit the pathway. The morphological screen detecting changes in ER (ConA) and Golgi (AGP) staining strongly supports this pathway. Four highly understudied genes (SAMD10, UBL3, SMIM24, FAM131A) represent excellent discovery opportunities for novel components of the secretory pathway. KRTAP9-9 (hair keratin) and SSC5D (extracellular matrix/immune) appear to be outliers, possibly representing off-target effects or secondary phenotypes. The core trafficking machinery provides a clear functional framework for prioritizing the uncharacterized genes.	cell_ConA_mean	SMIM24	uncharacterized	8.0	Small integral membrane protein with no characterized function. The membrane localization and clustering with ER-Golgi transport machinery suggests potential structural or regulatory role in vesicular trafficking that remains completely unexplored.	0.2441347241401672	0.0396	1.4023048140744876	0.0020698256732314	-0.0043239423504896
77	ER-Golgi vesicular transport and SNARE-mediated membrane trafficking	High	This cluster shows HIGH confidence for ER-Golgi vesicular transport, with three established SNARE/trafficking genes (SCFD1, GOSR2, STX5) representing ~23% of the cluster. Including plausible supporting genes (CISD3 for organellar coordination, NCALD for calcium regulation), ~38% directly fit the pathway. The morphological screen detecting changes in ER (ConA) and Golgi (AGP) staining strongly supports this pathway. Four highly understudied genes (SAMD10, UBL3, SMIM24, FAM131A) represent excellent discovery opportunities for novel components of the secretory pathway. KRTAP9-9 (hair keratin) and SSC5D (extracellular matrix/immune) appear to be outliers, possibly representing off-target effects or secondary phenotypes. The core trafficking machinery provides a clear functional framework for prioritizing the uncharacterized genes.	cell_ConA_mean	SAMD10	uncharacterized	9.0	Virtually no functional characterization in literature. No known molecular function or biological process. Clusters with established ER-Golgi trafficking genes, suggesting potential novel role in vesicular transport or membrane organization that has never been explored.	0.0768034160137176	0.53	0.27572413039921095	0.0041764672215998	0.0015756882691097
84	Ubiquitin-proteasome system and protein quality control	High	Cluster 84 shows high confidence for ubiquitin-proteasome system and protein quality control as the dominant pathway. Four genes (UBR5, TRIP12, CCNF, TRIM7) are established E3 ubiquitin ligases with well-documented roles in protein degradation, cell cycle regulation, and quality control. The morphological phenotypes likely reflect disrupted protein homeostasis affecting multiple cellular compartments. NARF and MRPS6 are high-priority uncharacterized genes with no functional annotation, representing strong discovery opportunities. NACC1's proteasome recruitment function and RBM7's role in RNA surveillance suggest novel connections between different quality control pathways. The remaining genes (CDC25B, HCCS, SRXN1, PCDHGA5) have established functions in other pathways but may be substrates or regulators within the UPS network.	cell_Hoescht_mean	UBR5	established			0.2665618658065796	0.0272	1.5654310959658013	0.0054474828965573	0.0064608215629556
84	Ubiquitin-proteasome system and protein quality control	High	Cluster 84 shows high confidence for ubiquitin-proteasome system and protein quality control as the dominant pathway. Four genes (UBR5, TRIP12, CCNF, TRIM7) are established E3 ubiquitin ligases with well-documented roles in protein degradation, cell cycle regulation, and quality control. The morphological phenotypes likely reflect disrupted protein homeostasis affecting multiple cellular compartments. NARF and MRPS6 are high-priority uncharacterized genes with no functional annotation, representing strong discovery opportunities. NACC1's proteasome recruitment function and RBM7's role in RNA surveillance suggest novel connections between different quality control pathways. The remaining genes (CDC25B, HCCS, SRXN1, PCDHGA5) have established functions in other pathways but may be substrates or regulators within the UPS network.	cell_Hoescht_mean	TRIP12	established			0.2848798036575317	0.0264	1.578396073130169	0.0029206861109281	0.0078169137505382
84	Ubiquitin-proteasome system and protein quality control	High	Cluster 84 shows high confidence for ubiquitin-proteasome system and protein quality control as the dominant pathway. Four genes (UBR5, TRIP12, CCNF, TRIM7) are established E3 ubiquitin ligases with well-documented roles in protein degradation, cell cycle regulation, and quality control. The morphological phenotypes likely reflect disrupted protein homeostasis affecting multiple cellular compartments. NARF and MRPS6 are high-priority uncharacterized genes with no functional annotation, representing strong discovery opportunities. NACC1's proteasome recruitment function and RBM7's role in RNA surveillance suggest novel connections between different quality control pathways. The remaining genes (CDC25B, HCCS, SRXN1, PCDHGA5) have established functions in other pathways but may be substrates or regulators within the UPS network.	cell_Hoescht_mean	CCNF	established			0.1608370393514633	0.1234	0.9086848403027772	0.0036765625413533	0.0063557174456186
84	Ubiquitin-proteasome system and protein quality control	High	Cluster 84 shows high confidence for ubiquitin-proteasome system and protein quality control as the dominant pathway. Four genes (UBR5, TRIP12, CCNF, TRIM7) are established E3 ubiquitin ligases with well-documented roles in protein degradation, cell cycle regulation, and quality control. The morphological phenotypes likely reflect disrupted protein homeostasis affecting multiple cellular compartments. NARF and MRPS6 are high-priority uncharacterized genes with no functional annotation, representing strong discovery opportunities. NACC1's proteasome recruitment function and RBM7's role in RNA surveillance suggest novel connections between different quality control pathways. The remaining genes (CDC25B, HCCS, SRXN1, PCDHGA5) have established functions in other pathways but may be substrates or regulators within the UPS network.	cell_Hoescht_mean	TRIM7	established			0.0067876763641834	0.9894	0.004628093971837611	0.0091335908282069	0.0076295248694279
84	Ubiquitin-proteasome system and protein quality control	High	Cluster 84 shows high confidence for ubiquitin-proteasome system and protein quality control as the dominant pathway. Four genes (UBR5, TRIP12, CCNF, TRIM7) are established E3 ubiquitin ligases with well-documented roles in protein degradation, cell cycle regulation, and quality control. The morphological phenotypes likely reflect disrupted protein homeostasis affecting multiple cellular compartments. NARF and MRPS6 are high-priority uncharacterized genes with no functional annotation, representing strong discovery opportunities. NACC1's proteasome recruitment function and RBM7's role in RNA surveillance suggest novel connections between different quality control pathways. The remaining genes (CDC25B, HCCS, SRXN1, PCDHGA5) have established functions in other pathways but may be substrates or regulators within the UPS network.	cell_Hoescht_mean	HCCS	novel	4.0	Cytochrome C maturation enzyme with established mitochondrial function. Clustering with UPS components may reflect quality control of mitochondrial proteins or regulation of HCCS itself by ubiquitination, though this connection is speculative.	-0.0543705597519874	0.6134	0.21225622835353336	0.0098120199016149	0.0154172678765783
84	Ubiquitin-proteasome system and protein quality control	High	Cluster 84 shows high confidence for ubiquitin-proteasome system and protein quality control as the dominant pathway. Four genes (UBR5, TRIP12, CCNF, TRIM7) are established E3 ubiquitin ligases with well-documented roles in protein degradation, cell cycle regulation, and quality control. The morphological phenotypes likely reflect disrupted protein homeostasis affecting multiple cellular compartments. NARF and MRPS6 are high-priority uncharacterized genes with no functional annotation, representing strong discovery opportunities. NACC1's proteasome recruitment function and RBM7's role in RNA surveillance suggest novel connections between different quality control pathways. The remaining genes (CDC25B, HCCS, SRXN1, PCDHGA5) have established functions in other pathways but may be substrates or regulators within the UPS network.	cell_Hoescht_mean	CDC25B	novel	5.0	Established cell cycle phosphatase, but multiple cluster members (CCNF, TRIP12, UBR5) regulate cell cycle proteins through ubiquitination. CDC25B may be a substrate or regulatory target of these E3 ligases, representing a convergence point between phosphorylation and ubiquitination in cell cycle control.	-0.1705677211284637	0.1311999999999999	0.8820661649603588	0.0064097766807906	0.0042878385369165
84	Ubiquitin-proteasome system and protein quality control	High	Cluster 84 shows high confidence for ubiquitin-proteasome system and protein quality control as the dominant pathway. Four genes (UBR5, TRIP12, CCNF, TRIM7) are established E3 ubiquitin ligases with well-documented roles in protein degradation, cell cycle regulation, and quality control. The morphological phenotypes likely reflect disrupted protein homeostasis affecting multiple cellular compartments. NARF and MRPS6 are high-priority uncharacterized genes with no functional annotation, representing strong discovery opportunities. NACC1's proteasome recruitment function and RBM7's role in RNA surveillance suggest novel connections between different quality control pathways. The remaining genes (CDC25B, HCCS, SRXN1, PCDHGA5) have established functions in other pathways but may be substrates or regulators within the UPS network.	cell_Hoescht_mean	RBM7	novel	6.0	Well-characterized in RNA exosome-mediated degradation (NEXT complex), but the clustering with cytoplasmic protein quality control factors suggests potential crosstalk between RNA surveillance and protein degradation pathways. The connection between nuclear RNA quality control and cytoplasmic UPS is not well-established.	0.3906155824661255	0.0024	2.619788758288394	-0.0002289191726194	0.0065461675642699
84	Ubiquitin-proteasome system and protein quality control	High	Cluster 84 shows high confidence for ubiquitin-proteasome system and protein quality control as the dominant pathway. Four genes (UBR5, TRIP12, CCNF, TRIM7) are established E3 ubiquitin ligases with well-documented roles in protein degradation, cell cycle regulation, and quality control. The morphological phenotypes likely reflect disrupted protein homeostasis affecting multiple cellular compartments. NARF and MRPS6 are high-priority uncharacterized genes with no functional annotation, representing strong discovery opportunities. NACC1's proteasome recruitment function and RBM7's role in RNA surveillance suggest novel connections between different quality control pathways. The remaining genes (CDC25B, HCCS, SRXN1, PCDHGA5) have established functions in other pathways but may be substrates or regulators within the UPS network.	cell_Hoescht_mean	NACC1	novel	7.0	Known as a transcriptional repressor and HDAC recruiter, but notably described as 'required for recruiting the proteasome from the nucleus to the cytoplasm and dendritic spines.' This proteasome recruitment function suggests a previously underappreciated role in spatial regulation of protein degradation that may connect to the dominant UPS pathway in this cluster.	0.3805791139602661	0.0004	3.3979400086720375	-0.0125069862557032	0.0064841688213125
84	Ubiquitin-proteasome system and protein quality control	High	Cluster 84 shows high confidence for ubiquitin-proteasome system and protein quality control as the dominant pathway. Four genes (UBR5, TRIP12, CCNF, TRIM7) are established E3 ubiquitin ligases with well-documented roles in protein degradation, cell cycle regulation, and quality control. The morphological phenotypes likely reflect disrupted protein homeostasis affecting multiple cellular compartments. NARF and MRPS6 are high-priority uncharacterized genes with no functional annotation, representing strong discovery opportunities. NACC1's proteasome recruitment function and RBM7's role in RNA surveillance suggest novel connections between different quality control pathways. The remaining genes (CDC25B, HCCS, SRXN1, PCDHGA5) have established functions in other pathways but may be substrates or regulators within the UPS network.	cell_Hoescht_mean	MRPS6	uncharacterized	6.0	Mitochondrial ribosomal protein with no functional annotation provided beyond its identity. While mitochondrial ribosomal proteins are generally involved in translation, the specific connection to ubiquitin-proteasome pathway and protein quality control is unclear, warranting investigation of potential novel regulatory mechanisms.	-0.0077697485685348	0.9092	0.041340572947066785	0.0048322776733776	0.0087213149258965
84	Ubiquitin-proteasome system and protein quality control	High	Cluster 84 shows high confidence for ubiquitin-proteasome system and protein quality control as the dominant pathway. Four genes (UBR5, TRIP12, CCNF, TRIM7) are established E3 ubiquitin ligases with well-documented roles in protein degradation, cell cycle regulation, and quality control. The morphological phenotypes likely reflect disrupted protein homeostasis affecting multiple cellular compartments. NARF and MRPS6 are high-priority uncharacterized genes with no functional annotation, representing strong discovery opportunities. NACC1's proteasome recruitment function and RBM7's role in RNA surveillance suggest novel connections between different quality control pathways. The remaining genes (CDC25B, HCCS, SRXN1, PCDHGA5) have established functions in other pathways but may be substrates or regulators within the UPS network.	cell_Hoescht_mean	NARF	uncharacterized	8.0	Virtually no functional annotation provided. With no described molecular function or biological process in the available data, NARF represents a high-priority target for characterization, particularly given its clustering with multiple E3 ubiquitin ligases and protein quality control factors.	-0.0912914797663688	0.4763999999999999	0.3220282471892602	0.0040829002780744	0.0060631231116222
89	mRNA 3'-end processing and nonsense-mediated decay (NMD)	High	This cluster shows HIGH confidence for mRNA 3'-end processing and nonsense-mediated decay (NMD) pathway. Core established genes include UPF1 and SMG1 (central NMD factors), CPSF4 and PCF11 (cleavage and polyadenylation specificity factors), and CLP1 (tRNA splicing and mRNA 3'-end formation). ~75% of characterized genes (8/11 excluding nontargeting control) fit this pathway. EDAR (TNFR signaling) and LOXHD1 (hearing/hair cell function) appear unrelated, likely representing noise or indirect morphological effects. Top priorities: SLX4IP and FAM13A represent the strongest discovery opportunities - SLX4IP is poorly characterized overall, while FAM13A has established functions in other pathways but no known connection to RNA processing, making a role here genuinely novel and potentially high-impact.	cytoplasm_COX4_mean	UPF1	established			0.232990562915802	0.085	1.0705810742857071	-0.0030310802919144	0.0097758691053237
89	mRNA 3'-end processing and nonsense-mediated decay (NMD)	High	This cluster shows HIGH confidence for mRNA 3'-end processing and nonsense-mediated decay (NMD) pathway. Core established genes include UPF1 and SMG1 (central NMD factors), CPSF4 and PCF11 (cleavage and polyadenylation specificity factors), and CLP1 (tRNA splicing and mRNA 3'-end formation). ~75% of characterized genes (8/11 excluding nontargeting control) fit this pathway. EDAR (TNFR signaling) and LOXHD1 (hearing/hair cell function) appear unrelated, likely representing noise or indirect morphological effects. Top priorities: SLX4IP and FAM13A represent the strongest discovery opportunities - SLX4IP is poorly characterized overall, while FAM13A has established functions in other pathways but no known connection to RNA processing, making a role here genuinely novel and potentially high-impact.	cytoplasm_COX4_mean	SMG1	established			0.4916741251945495	0.0		-0.0022911892192204	0.0083703132980656
89	mRNA 3'-end processing and nonsense-mediated decay (NMD)	High	This cluster shows HIGH confidence for mRNA 3'-end processing and nonsense-mediated decay (NMD) pathway. Core established genes include UPF1 and SMG1 (central NMD factors), CPSF4 and PCF11 (cleavage and polyadenylation specificity factors), and CLP1 (tRNA splicing and mRNA 3'-end formation). ~75% of characterized genes (8/11 excluding nontargeting control) fit this pathway. EDAR (TNFR signaling) and LOXHD1 (hearing/hair cell function) appear unrelated, likely representing noise or indirect morphological effects. Top priorities: SLX4IP and FAM13A represent the strongest discovery opportunities - SLX4IP is poorly characterized overall, while FAM13A has established functions in other pathways but no known connection to RNA processing, making a role here genuinely novel and potentially high-impact.	cytoplasm_COX4_mean	CPSF4	established			0.4093344807624817	0.001	3.0	-0.0035059961561434	0.0103143340934512
89	mRNA 3'-end processing and nonsense-mediated decay (NMD)	High	This cluster shows HIGH confidence for mRNA 3'-end processing and nonsense-mediated decay (NMD) pathway. Core established genes include UPF1 and SMG1 (central NMD factors), CPSF4 and PCF11 (cleavage and polyadenylation specificity factors), and CLP1 (tRNA splicing and mRNA 3'-end formation). ~75% of characterized genes (8/11 excluding nontargeting control) fit this pathway. EDAR (TNFR signaling) and LOXHD1 (hearing/hair cell function) appear unrelated, likely representing noise or indirect morphological effects. Top priorities: SLX4IP and FAM13A represent the strongest discovery opportunities - SLX4IP is poorly characterized overall, while FAM13A has established functions in other pathways but no known connection to RNA processing, making a role here genuinely novel and potentially high-impact.	cytoplasm_COX4_mean	PCF11	established			0.2726184129714966	0.0238	1.623423042943488	-0.0374722838388885	0.005660106616051
89	mRNA 3'-end processing and nonsense-mediated decay (NMD)	High	This cluster shows HIGH confidence for mRNA 3'-end processing and nonsense-mediated decay (NMD) pathway. Core established genes include UPF1 and SMG1 (central NMD factors), CPSF4 and PCF11 (cleavage and polyadenylation specificity factors), and CLP1 (tRNA splicing and mRNA 3'-end formation). ~75% of characterized genes (8/11 excluding nontargeting control) fit this pathway. EDAR (TNFR signaling) and LOXHD1 (hearing/hair cell function) appear unrelated, likely representing noise or indirect morphological effects. Top priorities: SLX4IP and FAM13A represent the strongest discovery opportunities - SLX4IP is poorly characterized overall, while FAM13A has established functions in other pathways but no known connection to RNA processing, making a role here genuinely novel and potentially high-impact.	cytoplasm_COX4_mean	CLP1	established			0.1626025736331939	0.1268	0.8968807464542862	-0.0441320555082237	0.0036477320773059
89	mRNA 3'-end processing and nonsense-mediated decay (NMD)	High	This cluster shows HIGH confidence for mRNA 3'-end processing and nonsense-mediated decay (NMD) pathway. Core established genes include UPF1 and SMG1 (central NMD factors), CPSF4 and PCF11 (cleavage and polyadenylation specificity factors), and CLP1 (tRNA splicing and mRNA 3'-end formation). ~75% of characterized genes (8/11 excluding nontargeting control) fit this pathway. EDAR (TNFR signaling) and LOXHD1 (hearing/hair cell function) appear unrelated, likely representing noise or indirect morphological effects. Top priorities: SLX4IP and FAM13A represent the strongest discovery opportunities - SLX4IP is poorly characterized overall, while FAM13A has established functions in other pathways but no known connection to RNA processing, making a role here genuinely novel and potentially high-impact.	cytoplasm_COX4_mean	NTAN1	novel	5.0	Well-characterized N-terminal asparagine deamidase involved in N-end rule protein degradation pathway. Clustering with mRNA surveillance machinery suggests potential coordination between mRNA quality control (NMD) and protein quality control (N-end rule). However, connection between these pathways has been speculated, reducing novelty.	0.0705005973577499	0.608	0.21609642072726507	-0.0074750709581229	0.0088373254716857
89	mRNA 3'-end processing and nonsense-mediated decay (NMD)	High	This cluster shows HIGH confidence for mRNA 3'-end processing and nonsense-mediated decay (NMD) pathway. Core established genes include UPF1 and SMG1 (central NMD factors), CPSF4 and PCF11 (cleavage and polyadenylation specificity factors), and CLP1 (tRNA splicing and mRNA 3'-end formation). ~75% of characterized genes (8/11 excluding nontargeting control) fit this pathway. EDAR (TNFR signaling) and LOXHD1 (hearing/hair cell function) appear unrelated, likely representing noise or indirect morphological effects. Top priorities: SLX4IP and FAM13A represent the strongest discovery opportunities - SLX4IP is poorly characterized overall, while FAM13A has established functions in other pathways but no known connection to RNA processing, making a role here genuinely novel and potentially high-impact.	cytoplasm_COX4_mean	FAM13A	novel	6.0	Primarily studied in context of COPD/lung disease and Wnt signaling. No established connection to mRNA processing or NMD pathways. Clustering with core NMD/3'-end processing factors suggests a previously unrecognized role in RNA metabolism that would be surprising given current literature focus on other biological processes.	0.0340390354394912	0.7508	0.12447573605069127	-0.0209772527831148	0.0096325873093843
89	mRNA 3'-end processing and nonsense-mediated decay (NMD)	High	This cluster shows HIGH confidence for mRNA 3'-end processing and nonsense-mediated decay (NMD) pathway. Core established genes include UPF1 and SMG1 (central NMD factors), CPSF4 and PCF11 (cleavage and polyadenylation specificity factors), and CLP1 (tRNA splicing and mRNA 3'-end formation). ~75% of characterized genes (8/11 excluding nontargeting control) fit this pathway. EDAR (TNFR signaling) and LOXHD1 (hearing/hair cell function) appear unrelated, likely representing noise or indirect morphological effects. Top priorities: SLX4IP and FAM13A represent the strongest discovery opportunities - SLX4IP is poorly characterized overall, while FAM13A has established functions in other pathways but no known connection to RNA processing, making a role here genuinely novel and potentially high-impact.	cytoplasm_COX4_mean	CTAGE1	uncharacterized	6.0	Limited functional annotation available. The clustering with core mRNA 3'-end processing and NMD machinery suggests involvement in RNA metabolism, but specific molecular function remains poorly defined. Moderate priority for characterization in this pathway context.	0.3585083782672882	0.0108	1.9665762445130504	0.0046301716345413	0.0091532434812215
89	mRNA 3'-end processing and nonsense-mediated decay (NMD)	High	This cluster shows HIGH confidence for mRNA 3'-end processing and nonsense-mediated decay (NMD) pathway. Core established genes include UPF1 and SMG1 (central NMD factors), CPSF4 and PCF11 (cleavage and polyadenylation specificity factors), and CLP1 (tRNA splicing and mRNA 3'-end formation). ~75% of characterized genes (8/11 excluding nontargeting control) fit this pathway. EDAR (TNFR signaling) and LOXHD1 (hearing/hair cell function) appear unrelated, likely representing noise or indirect morphological effects. Top priorities: SLX4IP and FAM13A represent the strongest discovery opportunities - SLX4IP is poorly characterized overall, while FAM13A has established functions in other pathways but no known connection to RNA processing, making a role here genuinely novel and potentially high-impact.	cytoplasm_COX4_mean	SLX4IP	uncharacterized	7.0	Extremely limited functional characterization. Named for association with SLX4 (DNA repair), but clustering with mRNA processing/NMD factors suggests potential undiscovered role in RNA metabolism. Few publications and unclear molecular function make this a strong candidate for novel discovery in the mRNA processing pathway.	0.109929658472538	0.4278	0.3687592197644908	-0.0021685689151599	0.0104580933169511
137	Ciliary and flagellar structure and motility	High	Cluster 137 shows HIGH confidence for ciliary and flagellar structure/motility pathway. DNAH14 (dynein motor) and TEKT5 (tektin structural protein) are established ciliary/flagellar components. Four highly understudied genes (TMEM217B, LOC124901069, ENSG00000288591, PSG7) represent strong discovery candidates with priority 7-9, likely encoding novel ciliary components or regulators. DNAJC22 and PPEF1 may have novel roles in ciliary protein quality control and function beyond their known contexts. The morphological screen phenotype aligns well with ciliary dysfunction affecting cell shape and organization. The nontargeting control can be excluded from analysis.	cell_Hoescht_mean	DNAH14	established			0.4608159065246582	0.0022	2.657577319177794	0.0025076939935036	0.0062607808299831
137	Ciliary and flagellar structure and motility	High	Cluster 137 shows HIGH confidence for ciliary and flagellar structure/motility pathway. DNAH14 (dynein motor) and TEKT5 (tektin structural protein) are established ciliary/flagellar components. Four highly understudied genes (TMEM217B, LOC124901069, ENSG00000288591, PSG7) represent strong discovery candidates with priority 7-9, likely encoding novel ciliary components or regulators. DNAJC22 and PPEF1 may have novel roles in ciliary protein quality control and function beyond their known contexts. The morphological screen phenotype aligns well with ciliary dysfunction affecting cell shape and organization. The nontargeting control can be excluded from analysis.	cell_Hoescht_mean	TEKT5	established			0.3669197559356689	0.0058	2.2365720064370627	-0.0010500790877854	0.0046046449040092
137	Ciliary and flagellar structure and motility	High	Cluster 137 shows HIGH confidence for ciliary and flagellar structure/motility pathway. DNAH14 (dynein motor) and TEKT5 (tektin structural protein) are established ciliary/flagellar components. Four highly understudied genes (TMEM217B, LOC124901069, ENSG00000288591, PSG7) represent strong discovery candidates with priority 7-9, likely encoding novel ciliary components or regulators. DNAJC22 and PPEF1 may have novel roles in ciliary protein quality control and function beyond their known contexts. The morphological screen phenotype aligns well with ciliary dysfunction affecting cell shape and organization. The nontargeting control can be excluded from analysis.	cell_Hoescht_mean	PRKAG3	novel	4.0	AMPK regulatory subunit with established role in energy metabolism, particularly in muscle. Cilia require ATP for dynein motor function, and AMPK could regulate ciliary energetics. However, this is a relatively predictable connection given AMPK's broad metabolic roles.	0.3375414609909057	0.0026	2.5850266520291822	0.0040033788095201	0.0042261261832583
137	Ciliary and flagellar structure and motility	High	Cluster 137 shows HIGH confidence for ciliary and flagellar structure/motility pathway. DNAH14 (dynein motor) and TEKT5 (tektin structural protein) are established ciliary/flagellar components. Four highly understudied genes (TMEM217B, LOC124901069, ENSG00000288591, PSG7) represent strong discovery candidates with priority 7-9, likely encoding novel ciliary components or regulators. DNAJC22 and PPEF1 may have novel roles in ciliary protein quality control and function beyond their known contexts. The morphological screen phenotype aligns well with ciliary dysfunction affecting cell shape and organization. The nontargeting control can be excluded from analysis.	cell_Hoescht_mean	B3GNT2	novel	5.0	Glycosyltransferase involved in poly-N-acetyllactosamine synthesis. While glycosylation is important for ciliary membrane proteins, B3GNT2's role in ciliary biology is not well-established. Moderate priority as glycosylation pathways intersect with many cellular processes.	0.0953055545687675	0.4938	0.3064489144040865	0.0040085967533794	0.0025248177681205
137	Ciliary and flagellar structure and motility	High	Cluster 137 shows HIGH confidence for ciliary and flagellar structure/motility pathway. DNAH14 (dynein motor) and TEKT5 (tektin structural protein) are established ciliary/flagellar components. Four highly understudied genes (TMEM217B, LOC124901069, ENSG00000288591, PSG7) represent strong discovery candidates with priority 7-9, likely encoding novel ciliary components or regulators. DNAJC22 and PPEF1 may have novel roles in ciliary protein quality control and function beyond their known contexts. The morphological screen phenotype aligns well with ciliary dysfunction affecting cell shape and organization. The nontargeting control can be excluded from analysis.	cell_Hoescht_mean	PPEF1	novel	6.0	Protein phosphatase with known roles in photoreceptor adaptation and development. Photoreceptor outer segments are modified cilia, suggesting potential broader role in ciliary function beyond retina. However, this connection may already be partially recognized.	0.0793600678443908	0.4888	0.31086880276550216	-0.0003721784810221	0.0046396080254245
137	Ciliary and flagellar structure and motility	High	Cluster 137 shows HIGH confidence for ciliary and flagellar structure/motility pathway. DNAH14 (dynein motor) and TEKT5 (tektin structural protein) are established ciliary/flagellar components. Four highly understudied genes (TMEM217B, LOC124901069, ENSG00000288591, PSG7) represent strong discovery candidates with priority 7-9, likely encoding novel ciliary components or regulators. DNAJC22 and PPEF1 may have novel roles in ciliary protein quality control and function beyond their known contexts. The morphological screen phenotype aligns well with ciliary dysfunction affecting cell shape and organization. The nontargeting control can be excluded from analysis.	cell_Hoescht_mean	DNAJC22	novel	7.0	Co-chaperone with limited characterization. Chaperones are known to assist in ciliary protein folding and assembly, but DNAJC22 has not been specifically linked to ciliary biology. Clustering suggests potential novel role in ciliary protein quality control or assembly.	-0.1906883716583252	0.0889999999999999	1.0506099933550876	0.0078410774855766	-0.0047824769663727
137	Ciliary and flagellar structure and motility	High	Cluster 137 shows HIGH confidence for ciliary and flagellar structure/motility pathway. DNAH14 (dynein motor) and TEKT5 (tektin structural protein) are established ciliary/flagellar components. Four highly understudied genes (TMEM217B, LOC124901069, ENSG00000288591, PSG7) represent strong discovery candidates with priority 7-9, likely encoding novel ciliary components or regulators. DNAJC22 and PPEF1 may have novel roles in ciliary protein quality control and function beyond their known contexts. The morphological screen phenotype aligns well with ciliary dysfunction affecting cell shape and organization. The nontargeting control can be excluded from analysis.	cell_Hoescht_mean	PSG7	uncharacterized	7.0	Pregnancy-specific glycoprotein family member with minimal functional characterization. No established connection to ciliary biology, but clustering pattern suggests potential novel role in cellular morphology or membrane organization related to ciliary structures.	-0.2458698451519012	0.0418	1.3788237182249647	0.0046058824568822	-0.0057304174115745
137	Ciliary and flagellar structure and motility	High	Cluster 137 shows HIGH confidence for ciliary and flagellar structure/motility pathway. DNAH14 (dynein motor) and TEKT5 (tektin structural protein) are established ciliary/flagellar components. Four highly understudied genes (TMEM217B, LOC124901069, ENSG00000288591, PSG7) represent strong discovery candidates with priority 7-9, likely encoding novel ciliary components or regulators. DNAJC22 and PPEF1 may have novel roles in ciliary protein quality control and function beyond their known contexts. The morphological screen phenotype aligns well with ciliary dysfunction affecting cell shape and organization. The nontargeting control can be excluded from analysis.	cell_Hoescht_mean	LOC124901069	uncharacterized	8.0	Uncharacterized locus with no functional annotation. Clustering with established ciliary genes suggests potential role in ciliary structure or function. Represents a completely novel gene for functional characterization.	-0.0528378337621688	0.6274	0.20245548563827379	0.0033380487801679	0.0060419348266061
137	Ciliary and flagellar structure and motility	High	Cluster 137 shows HIGH confidence for ciliary and flagellar structure/motility pathway. DNAH14 (dynein motor) and TEKT5 (tektin structural protein) are established ciliary/flagellar components. Four highly understudied genes (TMEM217B, LOC124901069, ENSG00000288591, PSG7) represent strong discovery candidates with priority 7-9, likely encoding novel ciliary components or regulators. DNAJC22 and PPEF1 may have novel roles in ciliary protein quality control and function beyond their known contexts. The morphological screen phenotype aligns well with ciliary dysfunction affecting cell shape and organization. The nontargeting control can be excluded from analysis.	cell_Hoescht_mean	ENSG00000288591	uncharacterized	8.0	Uncharacterized gene with no known function. Strong clustering with ciliary/flagellar components suggests involvement in this pathway, representing a high-priority target for discovery.	-0.2556530833244324	0.0525999999999999	1.2790142558462618	0.0017608418015811	-0.0072290722073208
137	Ciliary and flagellar structure and motility	High	Cluster 137 shows HIGH confidence for ciliary and flagellar structure/motility pathway. DNAH14 (dynein motor) and TEKT5 (tektin structural protein) are established ciliary/flagellar components. Four highly understudied genes (TMEM217B, LOC124901069, ENSG00000288591, PSG7) represent strong discovery candidates with priority 7-9, likely encoding novel ciliary components or regulators. DNAJC22 and PPEF1 may have novel roles in ciliary protein quality control and function beyond their known contexts. The morphological screen phenotype aligns well with ciliary dysfunction affecting cell shape and organization. The nontargeting control can be excluded from analysis.	cell_Hoescht_mean	TMEM217B	uncharacterized	9.0	Virtually unstudied transmembrane protein with no characterized function. Given clustering with multiple ciliary/flagellar genes (DNAH14, TEKT5) and morphological phenotype in the screen, likely represents a novel ciliary component. High discovery potential.	-0.194492220878601	0.1162	0.9347938719456881	0.0062125192516758	-0.005919874012676
138	Endoplasmic reticulum protein processing and quality control	High	This cluster shows high confidence for ER protein processing and quality control, with 75% of characterized genes (PDIA3, SEC61B, ANKRD13C) being established ER components involved in protein translocation, folding, and GPCR biogenesis. ANKRD42 emerges as the top priority - a completely uncharacterized gene with high discovery potential in ER biology. NAA80 and SSPN represent intriguing novel role candidates, suggesting potential ER-localized functions beyond their known activities. The nontargeting controls cluster with these genes, which may indicate technical artifacts or that these sequences inadvertently target ER-related genes. Overall, this cluster provides strong candidates for understanding ER protein homeostasis mechanisms.	cytoplasm_Hoescht_mean	PDIA3	established			-0.245450735092163	0.048	1.3187587626244128	0.0034470363794644	0.004931040566537
138	Endoplasmic reticulum protein processing and quality control	High	This cluster shows high confidence for ER protein processing and quality control, with 75% of characterized genes (PDIA3, SEC61B, ANKRD13C) being established ER components involved in protein translocation, folding, and GPCR biogenesis. ANKRD42 emerges as the top priority - a completely uncharacterized gene with high discovery potential in ER biology. NAA80 and SSPN represent intriguing novel role candidates, suggesting potential ER-localized functions beyond their known activities. The nontargeting controls cluster with these genes, which may indicate technical artifacts or that these sequences inadvertently target ER-related genes. Overall, this cluster provides strong candidates for understanding ER protein homeostasis mechanisms.	cytoplasm_Hoescht_mean	SEC61B	established			0.1619379818439483	0.246	0.6090648928966209	0.0008381565681882	0.003505327399881
138	Endoplasmic reticulum protein processing and quality control	High	This cluster shows high confidence for ER protein processing and quality control, with 75% of characterized genes (PDIA3, SEC61B, ANKRD13C) being established ER components involved in protein translocation, folding, and GPCR biogenesis. ANKRD42 emerges as the top priority - a completely uncharacterized gene with high discovery potential in ER biology. NAA80 and SSPN represent intriguing novel role candidates, suggesting potential ER-localized functions beyond their known activities. The nontargeting controls cluster with these genes, which may indicate technical artifacts or that these sequences inadvertently target ER-related genes. Overall, this cluster provides strong candidates for understanding ER protein homeostasis mechanisms.	cytoplasm_Hoescht_mean	ANKRD13C	established			0.6257838010787964	0.0		0.0040655486344228	0.0024815037407904
138	Endoplasmic reticulum protein processing and quality control	High	This cluster shows high confidence for ER protein processing and quality control, with 75% of characterized genes (PDIA3, SEC61B, ANKRD13C) being established ER components involved in protein translocation, folding, and GPCR biogenesis. ANKRD42 emerges as the top priority - a completely uncharacterized gene with high discovery potential in ER biology. NAA80 and SSPN represent intriguing novel role candidates, suggesting potential ER-localized functions beyond their known activities. The nontargeting controls cluster with these genes, which may indicate technical artifacts or that these sequences inadvertently target ER-related genes. Overall, this cluster provides strong candidates for understanding ER protein homeostasis mechanisms.	cytoplasm_Hoescht_mean	ELL2	novel	4.0	Transcriptional elongation factor with established nuclear functions. Could regulate expression of ER stress response genes or UPR pathway components, but this connection is relatively well-explored in ER stress literature. Lower priority as transcriptional regulation of ER genes is not particularly novel.	0.2790583968162536	0.0996	1.0017406615763014	0.0083506583504707	0.0104038807271984
138	Endoplasmic reticulum protein processing and quality control	High	This cluster shows high confidence for ER protein processing and quality control, with 75% of characterized genes (PDIA3, SEC61B, ANKRD13C) being established ER components involved in protein translocation, folding, and GPCR biogenesis. ANKRD42 emerges as the top priority - a completely uncharacterized gene with high discovery potential in ER biology. NAA80 and SSPN represent intriguing novel role candidates, suggesting potential ER-localized functions beyond their known activities. The nontargeting controls cluster with these genes, which may indicate technical artifacts or that these sequences inadvertently target ER-related genes. Overall, this cluster provides strong candidates for understanding ER protein homeostasis mechanisms.	cytoplasm_Hoescht_mean	ZKSCAN7	novel	4.0	Putative transcription factor with minimal functional characterization. May regulate ER-related gene expression programs, but like ELL2, transcriptional control of ER pathways is not unexpected. Limited information makes functional prediction difficult.	0.3882561326026916	0.0346	1.4609239012072235	0.006813521911367	0.0039442632664191
138	Endoplasmic reticulum protein processing and quality control	High	This cluster shows high confidence for ER protein processing and quality control, with 75% of characterized genes (PDIA3, SEC61B, ANKRD13C) being established ER components involved in protein translocation, folding, and GPCR biogenesis. ANKRD42 emerges as the top priority - a completely uncharacterized gene with high discovery potential in ER biology. NAA80 and SSPN represent intriguing novel role candidates, suggesting potential ER-localized functions beyond their known activities. The nontargeting controls cluster with these genes, which may indicate technical artifacts or that these sequences inadvertently target ER-related genes. Overall, this cluster provides strong candidates for understanding ER protein homeostasis mechanisms.	cytoplasm_Hoescht_mean	CST3	novel	5.0	Known cysteine protease inhibitor, typically studied in extracellular contexts. May have a novel role in ER-associated degradation (ERAD) by regulating cysteine proteases involved in misfolded protein clearance. However, some connection between protease regulation and ER quality control is plausible, making this less surprising.	0.1113170087337493	0.6112	0.2138166544323665	0.0066084072466376	0.0046356115181131
138	Endoplasmic reticulum protein processing and quality control	High	This cluster shows high confidence for ER protein processing and quality control, with 75% of characterized genes (PDIA3, SEC61B, ANKRD13C) being established ER components involved in protein translocation, folding, and GPCR biogenesis. ANKRD42 emerges as the top priority - a completely uncharacterized gene with high discovery potential in ER biology. NAA80 and SSPN represent intriguing novel role candidates, suggesting potential ER-localized functions beyond their known activities. The nontargeting controls cluster with these genes, which may indicate technical artifacts or that these sequences inadvertently target ER-related genes. Overall, this cluster provides strong candidates for understanding ER protein homeostasis mechanisms.	cytoplasm_Hoescht_mean	SSPN	novel	6.0	Established as a dystrophin-glycoprotein complex component at the plasma membrane. Clustering with ER genes suggests potential involvement in ER-to-membrane trafficking or quality control of membrane protein complexes during biogenesis. The DGC components require proper ER processing, and SSPN may have an unrecognized ER-localized function.	-0.3334028422832489	0.0303999999999999	1.5171264163912477	0.0048166577535593	0.0033927090497815
138	Endoplasmic reticulum protein processing and quality control	High	This cluster shows high confidence for ER protein processing and quality control, with 75% of characterized genes (PDIA3, SEC61B, ANKRD13C) being established ER components involved in protein translocation, folding, and GPCR biogenesis. ANKRD42 emerges as the top priority - a completely uncharacterized gene with high discovery potential in ER biology. NAA80 and SSPN represent intriguing novel role candidates, suggesting potential ER-localized functions beyond their known activities. The nontargeting controls cluster with these genes, which may indicate technical artifacts or that these sequences inadvertently target ER-related genes. Overall, this cluster provides strong candidates for understanding ER protein homeostasis mechanisms.	cytoplasm_Hoescht_mean	NAA80	novel	7.0	Known for N-terminal acetylation of processed actin forms, but not previously linked to ER protein processing. The morphological phenotype clustering with ER machinery suggests NAA80 may have an unrecognized role in ER-associated protein modification or quality control, potentially acetylating ER-resident or ER-transiting proteins. This would represent a novel substrate class.	-0.0585035979747772	0.6972	0.15664262156204442	0.0039057195526891	0.0014982062960898
138	Endoplasmic reticulum protein processing and quality control	High	This cluster shows high confidence for ER protein processing and quality control, with 75% of characterized genes (PDIA3, SEC61B, ANKRD13C) being established ER components involved in protein translocation, folding, and GPCR biogenesis. ANKRD42 emerges as the top priority - a completely uncharacterized gene with high discovery potential in ER biology. NAA80 and SSPN represent intriguing novel role candidates, suggesting potential ER-localized functions beyond their known activities. The nontargeting controls cluster with these genes, which may indicate technical artifacts or that these sequences inadvertently target ER-related genes. Overall, this cluster provides strong candidates for understanding ER protein homeostasis mechanisms.	cytoplasm_Hoescht_mean	ANKRD42	uncharacterized	9.0	Virtually no functional annotation available. Given clustering with ER protein processing machinery (PDIA3, SEC61B, ANKRD13C), ANKRD42 may play an unrecognized role in ER quality control or protein folding. The presence of ankyrin repeats (protein-protein interaction domains) suggests potential chaperone or regulatory function. High discovery potential.	0.4969824850559234	0.0002	3.6989700043360187	0.005018112335724	0.0054212800507834
185	Actin cytoskeleton regulation and cell adhesion dynamics	High	This cluster shows high confidence for actin cytoskeleton regulation and cell adhesion dynamics. PARVA (IPP complex, actin bundling), ARHGAP29 (RhoA GAP), NCKAP1 (WAVE complex), and PPFIA1 (focal adhesion regulator) are established pathway members representing different nodes of cytoskeletal control. Three genes (ENSG00000273291, NCKAP5, ARHGAP19-SLIT1) are essentially uncharacterized and represent high-priority targets for functional discovery. CEP85 presents an intriguing case where known centrosomal functions may extend to direct cytoskeletal regulation. The morphological screen phenotypes likely reflect disrupted actin organization, lamellipodia formation, and cell spreading - all processes directly controlled by these established genes.	cell_AGP_mean	PARVA	established			0.4447068572044372	0.0		-0.009438801043157	-0.0032094350787974
185	Actin cytoskeleton regulation and cell adhesion dynamics	High	This cluster shows high confidence for actin cytoskeleton regulation and cell adhesion dynamics. PARVA (IPP complex, actin bundling), ARHGAP29 (RhoA GAP), NCKAP1 (WAVE complex), and PPFIA1 (focal adhesion regulator) are established pathway members representing different nodes of cytoskeletal control. Three genes (ENSG00000273291, NCKAP5, ARHGAP19-SLIT1) are essentially uncharacterized and represent high-priority targets for functional discovery. CEP85 presents an intriguing case where known centrosomal functions may extend to direct cytoskeletal regulation. The morphological screen phenotypes likely reflect disrupted actin organization, lamellipodia formation, and cell spreading - all processes directly controlled by these established genes.	cell_AGP_mean	ARHGAP29	established			0.1836512684822082	0.1144	0.9415739755429946	0.0004277722797427	-0.0005302128601466
185	Actin cytoskeleton regulation and cell adhesion dynamics	High	This cluster shows high confidence for actin cytoskeleton regulation and cell adhesion dynamics. PARVA (IPP complex, actin bundling), ARHGAP29 (RhoA GAP), NCKAP1 (WAVE complex), and PPFIA1 (focal adhesion regulator) are established pathway members representing different nodes of cytoskeletal control. Three genes (ENSG00000273291, NCKAP5, ARHGAP19-SLIT1) are essentially uncharacterized and represent high-priority targets for functional discovery. CEP85 presents an intriguing case where known centrosomal functions may extend to direct cytoskeletal regulation. The morphological screen phenotypes likely reflect disrupted actin organization, lamellipodia formation, and cell spreading - all processes directly controlled by these established genes.	cell_AGP_mean	NCKAP1	established			0.8570775985717773	0.0		0.0018448179195241	-0.0009671531073694
185	Actin cytoskeleton regulation and cell adhesion dynamics	High	This cluster shows high confidence for actin cytoskeleton regulation and cell adhesion dynamics. PARVA (IPP complex, actin bundling), ARHGAP29 (RhoA GAP), NCKAP1 (WAVE complex), and PPFIA1 (focal adhesion regulator) are established pathway members representing different nodes of cytoskeletal control. Three genes (ENSG00000273291, NCKAP5, ARHGAP19-SLIT1) are essentially uncharacterized and represent high-priority targets for functional discovery. CEP85 presents an intriguing case where known centrosomal functions may extend to direct cytoskeletal regulation. The morphological screen phenotypes likely reflect disrupted actin organization, lamellipodia formation, and cell spreading - all processes directly controlled by these established genes.	cell_AGP_mean	PPFIA1	established			0.3258312940597534	0.0284	1.5466816599529623	-0.0003435823716895	0.0011239872961865
185	Actin cytoskeleton regulation and cell adhesion dynamics	High	This cluster shows high confidence for actin cytoskeleton regulation and cell adhesion dynamics. PARVA (IPP complex, actin bundling), ARHGAP29 (RhoA GAP), NCKAP1 (WAVE complex), and PPFIA1 (focal adhesion regulator) are established pathway members representing different nodes of cytoskeletal control. Three genes (ENSG00000273291, NCKAP5, ARHGAP19-SLIT1) are essentially uncharacterized and represent high-priority targets for functional discovery. CEP85 presents an intriguing case where known centrosomal functions may extend to direct cytoskeletal regulation. The morphological screen phenotypes likely reflect disrupted actin organization, lamellipodia formation, and cell spreading - all processes directly controlled by these established genes.	cell_AGP_mean	MMP28	novel	4.0	Matrix metalloproteinase involved in tissue homeostasis and ECM remodeling. While ECM degradation affects cell adhesion indirectly, MMP28 is not typically considered a direct cytoskeletal regulator. Clustering may reflect downstream effects on cell morphology rather than a novel direct role.	-0.1438269466161728	0.2272	0.6435916729610187	0.0024571550661306	-0.0041284718370621
185	Actin cytoskeleton regulation and cell adhesion dynamics	High	This cluster shows high confidence for actin cytoskeleton regulation and cell adhesion dynamics. PARVA (IPP complex, actin bundling), ARHGAP29 (RhoA GAP), NCKAP1 (WAVE complex), and PPFIA1 (focal adhesion regulator) are established pathway members representing different nodes of cytoskeletal control. Three genes (ENSG00000273291, NCKAP5, ARHGAP19-SLIT1) are essentially uncharacterized and represent high-priority targets for functional discovery. CEP85 presents an intriguing case where known centrosomal functions may extend to direct cytoskeletal regulation. The morphological screen phenotypes likely reflect disrupted actin organization, lamellipodia formation, and cell spreading - all processes directly controlled by these established genes.	cell_AGP_mean	ATG16L2	novel	5.0	Known for autophagy-related functions and epithelial homeostasis. Limited direct connection to actin cytoskeleton regulation, though autophagy machinery can interact with cytoskeletal elements. Clustering suggests potential novel role in cell adhesion or morphology regulation.	0.1451491564512252	0.1894	0.7226200253327454	0.0056908287926398	0.0050332045652476
185	Actin cytoskeleton regulation and cell adhesion dynamics	High	This cluster shows high confidence for actin cytoskeleton regulation and cell adhesion dynamics. PARVA (IPP complex, actin bundling), ARHGAP29 (RhoA GAP), NCKAP1 (WAVE complex), and PPFIA1 (focal adhesion regulator) are established pathway members representing different nodes of cytoskeletal control. Three genes (ENSG00000273291, NCKAP5, ARHGAP19-SLIT1) are essentially uncharacterized and represent high-priority targets for functional discovery. CEP85 presents an intriguing case where known centrosomal functions may extend to direct cytoskeletal regulation. The morphological screen phenotypes likely reflect disrupted actin organization, lamellipodia formation, and cell spreading - all processes directly controlled by these established genes.	cell_AGP_mean	CEP85	novel	6.0	Well-characterized as a centriole duplication regulator, but recent work shows it modulates PLK4-driven cytoskeletal rearrangements and directional cell motility. Clustering with actin regulators suggests a more direct role in actin dynamics beyond centrosomal functions. Novel connection worth exploring.	0.1977137625217437	0.0692	1.1598939055432422	0.0014520642907525	-0.0032221104952705
185	Actin cytoskeleton regulation and cell adhesion dynamics	High	This cluster shows high confidence for actin cytoskeleton regulation and cell adhesion dynamics. PARVA (IPP complex, actin bundling), ARHGAP29 (RhoA GAP), NCKAP1 (WAVE complex), and PPFIA1 (focal adhesion regulator) are established pathway members representing different nodes of cytoskeletal control. Three genes (ENSG00000273291, NCKAP5, ARHGAP19-SLIT1) are essentially uncharacterized and represent high-priority targets for functional discovery. CEP85 presents an intriguing case where known centrosomal functions may extend to direct cytoskeletal regulation. The morphological screen phenotypes likely reflect disrupted actin organization, lamellipodia formation, and cell spreading - all processes directly controlled by these established genes.	cell_AGP_mean	ARHGAP19-SLIT1	uncharacterized	7.0	Fusion gene or readthrough transcript with no functional annotation. ARHGAP19 domain suggests potential RhoGAP activity relevant to cytoskeletal regulation, but this specific transcript is unstudied. Moderate-high priority given clustering with ARHGAP29.	0.4128610491752624	0.0082	2.0861861476162833	-0.0042758998551424	0.0016101529181311
185	Actin cytoskeleton regulation and cell adhesion dynamics	High	This cluster shows high confidence for actin cytoskeleton regulation and cell adhesion dynamics. PARVA (IPP complex, actin bundling), ARHGAP29 (RhoA GAP), NCKAP1 (WAVE complex), and PPFIA1 (focal adhesion regulator) are established pathway members representing different nodes of cytoskeletal control. Three genes (ENSG00000273291, NCKAP5, ARHGAP19-SLIT1) are essentially uncharacterized and represent high-priority targets for functional discovery. CEP85 presents an intriguing case where known centrosomal functions may extend to direct cytoskeletal regulation. The morphological screen phenotypes likely reflect disrupted actin organization, lamellipodia formation, and cell spreading - all processes directly controlled by these established genes.	cell_AGP_mean	NCKAP5	uncharacterized	8.0	No functional information provided and limited literature on this gene. Related to NCKAP1 (established WAVE complex component), suggesting potential involvement in actin regulation, but function remains unknown. Strong candidate for characterization.	0.1929212510585785	0.0734	1.1343039400839294	0.0047181311905603	0.004275629454223
185	Actin cytoskeleton regulation and cell adhesion dynamics	High	This cluster shows high confidence for actin cytoskeleton regulation and cell adhesion dynamics. PARVA (IPP complex, actin bundling), ARHGAP29 (RhoA GAP), NCKAP1 (WAVE complex), and PPFIA1 (focal adhesion regulator) are established pathway members representing different nodes of cytoskeletal control. Three genes (ENSG00000273291, NCKAP5, ARHGAP19-SLIT1) are essentially uncharacterized and represent high-priority targets for functional discovery. CEP85 presents an intriguing case where known centrosomal functions may extend to direct cytoskeletal regulation. The morphological screen phenotypes likely reflect disrupted actin organization, lamellipodia formation, and cell spreading - all processes directly controlled by these established genes.	cell_AGP_mean	ENSG00000273291	uncharacterized	9.0	Completely uncharacterized gene with no functional annotation. Clustering with well-defined cytoskeletal regulators suggests potential role in actin dynamics or cell adhesion. High priority for novel discovery given complete lack of characterization.	0.2094947695732116	0.1106	0.9562448730313206	0.0041771589840898	-0.0027244021620923
221	N6-methyladenosine (m6A) RNA methylation	High	This cluster shows HIGH confidence for N6-methyladenosine (m6A) RNA methylation as the dominant pathway. Three core components of the WMM complex (VIRMA, WTAP, ZC3H13) are present, representing ~33% of non-control genes. These proteins work together to catalyze m6A methylation of mRNAs, affecting RNA splicing, processing, and stability. The morphological phenotypes observed (ER, nuclear, and cytoplasmic changes) align with the broad cellular effects of disrupting RNA methylation. SPRYD7 emerges as the top priority - a completely uncharacterized gene clustering with established m6A machinery. SEL1L presents an intriguing novel connection between ER quality control and RNA methylation. CEP63's recent link to RNA-binding protein stabilization makes its presence plausible. PGD and ADGRF1 may represent indirect metabolic or signaling connections, though their roles are less clear.	nucleus_COX4_mean	VIRMA	established			0.0845165029168129	0.5294	0.2762160630346706	-0.0009649546269562	-0.0084923043181847
221	N6-methyladenosine (m6A) RNA methylation	High	This cluster shows HIGH confidence for N6-methyladenosine (m6A) RNA methylation as the dominant pathway. Three core components of the WMM complex (VIRMA, WTAP, ZC3H13) are present, representing ~33% of non-control genes. These proteins work together to catalyze m6A methylation of mRNAs, affecting RNA splicing, processing, and stability. The morphological phenotypes observed (ER, nuclear, and cytoplasmic changes) align with the broad cellular effects of disrupting RNA methylation. SPRYD7 emerges as the top priority - a completely uncharacterized gene clustering with established m6A machinery. SEL1L presents an intriguing novel connection between ER quality control and RNA methylation. CEP63's recent link to RNA-binding protein stabilization makes its presence plausible. PGD and ADGRF1 may represent indirect metabolic or signaling connections, though their roles are less clear.	nucleus_COX4_mean	WTAP	established			-0.5629099607467651	0.0		-0.0019677504822701	-0.0128204597019571
221	N6-methyladenosine (m6A) RNA methylation	High	This cluster shows HIGH confidence for N6-methyladenosine (m6A) RNA methylation as the dominant pathway. Three core components of the WMM complex (VIRMA, WTAP, ZC3H13) are present, representing ~33% of non-control genes. These proteins work together to catalyze m6A methylation of mRNAs, affecting RNA splicing, processing, and stability. The morphological phenotypes observed (ER, nuclear, and cytoplasmic changes) align with the broad cellular effects of disrupting RNA methylation. SPRYD7 emerges as the top priority - a completely uncharacterized gene clustering with established m6A machinery. SEL1L presents an intriguing novel connection between ER quality control and RNA methylation. CEP63's recent link to RNA-binding protein stabilization makes its presence plausible. PGD and ADGRF1 may represent indirect metabolic or signaling connections, though their roles are less clear.	nucleus_COX4_mean	ZC3H13	established			-0.3384429514408111	0.0069999999999998	2.1549019599857555	0.0056794231001793	-0.0059106686219328
221	N6-methyladenosine (m6A) RNA methylation	High	This cluster shows HIGH confidence for N6-methyladenosine (m6A) RNA methylation as the dominant pathway. Three core components of the WMM complex (VIRMA, WTAP, ZC3H13) are present, representing ~33% of non-control genes. These proteins work together to catalyze m6A methylation of mRNAs, affecting RNA splicing, processing, and stability. The morphological phenotypes observed (ER, nuclear, and cytoplasmic changes) align with the broad cellular effects of disrupting RNA methylation. SPRYD7 emerges as the top priority - a completely uncharacterized gene clustering with established m6A machinery. SEL1L presents an intriguing novel connection between ER quality control and RNA methylation. CEP63's recent link to RNA-binding protein stabilization makes its presence plausible. PGD and ADGRF1 may represent indirect metabolic or signaling connections, though their roles are less clear.	nucleus_COX4_mean	ADGRF1	novel	4.0	G-protein coupled receptor involved in neuronal development and lipid signaling. While GPCRs can influence gene expression programs, a direct mechanistic link to m6A methylation machinery is unclear. Lower priority as the connection seems indirect.	-0.0843287631869316	0.4665999999999999	0.3310552655422663	-0.0004944582174043	-0.0045767939535017
221	N6-methyladenosine (m6A) RNA methylation	High	This cluster shows HIGH confidence for N6-methyladenosine (m6A) RNA methylation as the dominant pathway. Three core components of the WMM complex (VIRMA, WTAP, ZC3H13) are present, representing ~33% of non-control genes. These proteins work together to catalyze m6A methylation of mRNAs, affecting RNA splicing, processing, and stability. The morphological phenotypes observed (ER, nuclear, and cytoplasmic changes) align with the broad cellular effects of disrupting RNA methylation. SPRYD7 emerges as the top priority - a completely uncharacterized gene clustering with established m6A machinery. SEL1L presents an intriguing novel connection between ER quality control and RNA methylation. CEP63's recent link to RNA-binding protein stabilization makes its presence plausible. PGD and ADGRF1 may represent indirect metabolic or signaling connections, though their roles are less clear.	nucleus_COX4_mean	PGD	novel	5.0	Canonical pentose phosphate pathway enzyme producing NADPH. While NADPH is essential for cellular metabolism, a direct link to m6A methylation is not established. May provide metabolic support for methylation reactions, but this connection is speculative and would need validation.	-0.0407730005681514	0.6878	0.16253782851400536	-0.005725793876971	0.0068337817531588
221	N6-methyladenosine (m6A) RNA methylation	High	This cluster shows HIGH confidence for N6-methyladenosine (m6A) RNA methylation as the dominant pathway. Three core components of the WMM complex (VIRMA, WTAP, ZC3H13) are present, representing ~33% of non-control genes. These proteins work together to catalyze m6A methylation of mRNAs, affecting RNA splicing, processing, and stability. The morphological phenotypes observed (ER, nuclear, and cytoplasmic changes) align with the broad cellular effects of disrupting RNA methylation. SPRYD7 emerges as the top priority - a completely uncharacterized gene clustering with established m6A machinery. SEL1L presents an intriguing novel connection between ER quality control and RNA methylation. CEP63's recent link to RNA-binding protein stabilization makes its presence plausible. PGD and ADGRF1 may represent indirect metabolic or signaling connections, though their roles are less clear.	nucleus_COX4_mean	CEP63	novel	6.0	Known centrosomal protein involved in centriole duplication and spindle assembly. Recent work shows it stabilizes FXR1, an RNA-binding protein, suggesting potential RNA-related functions. Clustering with m6A machinery hints at a novel role in RNA metabolism beyond its established centrosomal functions.	-0.3461324572563171	0.0007999999999999	3.096910013008111	0.0028628600996451	-0.0081468659439681
221	N6-methyladenosine (m6A) RNA methylation	High	This cluster shows HIGH confidence for N6-methyladenosine (m6A) RNA methylation as the dominant pathway. Three core components of the WMM complex (VIRMA, WTAP, ZC3H13) are present, representing ~33% of non-control genes. These proteins work together to catalyze m6A methylation of mRNAs, affecting RNA splicing, processing, and stability. The morphological phenotypes observed (ER, nuclear, and cytoplasmic changes) align with the broad cellular effects of disrupting RNA methylation. SPRYD7 emerges as the top priority - a completely uncharacterized gene clustering with established m6A machinery. SEL1L presents an intriguing novel connection between ER quality control and RNA methylation. CEP63's recent link to RNA-binding protein stabilization makes its presence plausible. PGD and ADGRF1 may represent indirect metabolic or signaling connections, though their roles are less clear.	nucleus_COX4_mean	SEL1L	novel	7.0	Well-established role in ER-associated degradation (ERAD) and ER quality control. Its clustering with m6A machinery is unexpected and suggests a potential novel connection between RNA methylation and ER protein quality control. This would represent a surprising cross-talk between two major cellular pathways not previously linked.	-0.4069929122924804	0.0		0.0029892842603124	-0.005680945263449
221	N6-methyladenosine (m6A) RNA methylation	High	This cluster shows HIGH confidence for N6-methyladenosine (m6A) RNA methylation as the dominant pathway. Three core components of the WMM complex (VIRMA, WTAP, ZC3H13) are present, representing ~33% of non-control genes. These proteins work together to catalyze m6A methylation of mRNAs, affecting RNA splicing, processing, and stability. The morphological phenotypes observed (ER, nuclear, and cytoplasmic changes) align with the broad cellular effects of disrupting RNA methylation. SPRYD7 emerges as the top priority - a completely uncharacterized gene clustering with established m6A machinery. SEL1L presents an intriguing novel connection between ER quality control and RNA methylation. CEP63's recent link to RNA-binding protein stabilization makes its presence plausible. PGD and ADGRF1 may represent indirect metabolic or signaling connections, though their roles are less clear.	nucleus_COX4_mean	SPRYD7	uncharacterized	9.0	Virtually no functional annotation available. No publications describe its molecular function or biological process. Its clustering with core m6A methylation machinery suggests potential involvement in RNA modification or processing, representing a high-value discovery opportunity.	-0.0901463776826858	0.4204000000000001	0.3763372926437953	0.0058822252247449	0.0085668886851672
226	Vesicular trafficking and membrane organization	High	This cluster shows high confidence for vesicular trafficking and membrane organization as the dominant pathway. Core established genes include COPB1 (COPI-mediated ER-Golgi transport), NAPA (SNARE-mediated vesicle fusion), and ARPC2/ARPC4-TTLL3 (Arp2/3 complex for actin-based membrane dynamics). The most compelling discovery opportunity is CRTC3, a transcriptional coactivator with no known role in trafficking that may regulate expression of membrane organization machinery. VCAM1 also presents an intriguing novel role beyond its canonical adhesion function. PEDS1-UBE2V1 merits investigation as an uncharacterized fusion transcript potentially involved in protein quality control during vesicle formation.	cytoplasm_Hoescht_mean	NAPA	established			0.6355022192001343	0.0002	3.6989700043360187	-0.0050367455724032	-0.0156225025398565
226	Vesicular trafficking and membrane organization	High	This cluster shows high confidence for vesicular trafficking and membrane organization as the dominant pathway. Core established genes include COPB1 (COPI-mediated ER-Golgi transport), NAPA (SNARE-mediated vesicle fusion), and ARPC2/ARPC4-TTLL3 (Arp2/3 complex for actin-based membrane dynamics). The most compelling discovery opportunity is CRTC3, a transcriptional coactivator with no known role in trafficking that may regulate expression of membrane organization machinery. VCAM1 also presents an intriguing novel role beyond its canonical adhesion function. PEDS1-UBE2V1 merits investigation as an uncharacterized fusion transcript potentially involved in protein quality control during vesicle formation.	cytoplasm_Hoescht_mean	COPB1	established			0.3955344557762146	0.0318	1.4975728800155672	-0.003884060848009	-0.0077547049791832
226	Vesicular trafficking and membrane organization	High	This cluster shows high confidence for vesicular trafficking and membrane organization as the dominant pathway. Core established genes include COPB1 (COPI-mediated ER-Golgi transport), NAPA (SNARE-mediated vesicle fusion), and ARPC2/ARPC4-TTLL3 (Arp2/3 complex for actin-based membrane dynamics). The most compelling discovery opportunity is CRTC3, a transcriptional coactivator with no known role in trafficking that may regulate expression of membrane organization machinery. VCAM1 also presents an intriguing novel role beyond its canonical adhesion function. PEDS1-UBE2V1 merits investigation as an uncharacterized fusion transcript potentially involved in protein quality control during vesicle formation.	cytoplasm_Hoescht_mean	ARPC2	established			0.1919873356819152	0.1422	0.8471004036062525	0.0026563479961745	-0.0020353572385519
226	Vesicular trafficking and membrane organization	High	This cluster shows high confidence for vesicular trafficking and membrane organization as the dominant pathway. Core established genes include COPB1 (COPI-mediated ER-Golgi transport), NAPA (SNARE-mediated vesicle fusion), and ARPC2/ARPC4-TTLL3 (Arp2/3 complex for actin-based membrane dynamics). The most compelling discovery opportunity is CRTC3, a transcriptional coactivator with no known role in trafficking that may regulate expression of membrane organization machinery. VCAM1 also presents an intriguing novel role beyond its canonical adhesion function. PEDS1-UBE2V1 merits investigation as an uncharacterized fusion transcript potentially involved in protein quality control during vesicle formation.	cytoplasm_Hoescht_mean	ARPC4-TTLL3	established			0.5052129626274109	0.0006	3.2218487496163566	-0.0033760695506133	-0.0057246522339858
226	Vesicular trafficking and membrane organization	High	This cluster shows high confidence for vesicular trafficking and membrane organization as the dominant pathway. Core established genes include COPB1 (COPI-mediated ER-Golgi transport), NAPA (SNARE-mediated vesicle fusion), and ARPC2/ARPC4-TTLL3 (Arp2/3 complex for actin-based membrane dynamics). The most compelling discovery opportunity is CRTC3, a transcriptional coactivator with no known role in trafficking that may regulate expression of membrane organization machinery. VCAM1 also presents an intriguing novel role beyond its canonical adhesion function. PEDS1-UBE2V1 merits investigation as an uncharacterized fusion transcript potentially involved in protein quality control during vesicle formation.	cytoplasm_Hoescht_mean	CRKL	novel	6.0	Known as an adaptor protein mediating intracellular signaling, but poorly characterized overall. Its clustering with vesicular trafficking components suggests potential involvement in signal-dependent regulation of membrane trafficking or cytoskeletal reorganization during vesicle transport. However, adaptor proteins commonly link signaling to trafficking, making this connection somewhat expected.	0.2866614162921905	0.1202	0.9200955323332792	-0.0201564026856202	-0.0240396882047367
226	Vesicular trafficking and membrane organization	High	This cluster shows high confidence for vesicular trafficking and membrane organization as the dominant pathway. Core established genes include COPB1 (COPI-mediated ER-Golgi transport), NAPA (SNARE-mediated vesicle fusion), and ARPC2/ARPC4-TTLL3 (Arp2/3 complex for actin-based membrane dynamics). The most compelling discovery opportunity is CRTC3, a transcriptional coactivator with no known role in trafficking that may regulate expression of membrane organization machinery. VCAM1 also presents an intriguing novel role beyond its canonical adhesion function. PEDS1-UBE2V1 merits investigation as an uncharacterized fusion transcript potentially involved in protein quality control during vesicle formation.	cytoplasm_Hoescht_mean	VCAM1	novel	7.0	Established as a cell adhesion molecule in immune surveillance and leukocyte trafficking across endothelium. However, its clustering with intracellular vesicular trafficking machinery (COPB1, NAPA) and actin regulators (Arp2/3) suggests a potential novel role in regulating intracellular membrane organization or vesicle-mediated protein trafficking to the plasma membrane, beyond its known extracellular adhesion functions.	0.3582160174846649	0.0054	2.2676062401770314	0.0041288241792221	0.0030986717503093
226	Vesicular trafficking and membrane organization	High	This cluster shows high confidence for vesicular trafficking and membrane organization as the dominant pathway. Core established genes include COPB1 (COPI-mediated ER-Golgi transport), NAPA (SNARE-mediated vesicle fusion), and ARPC2/ARPC4-TTLL3 (Arp2/3 complex for actin-based membrane dynamics). The most compelling discovery opportunity is CRTC3, a transcriptional coactivator with no known role in trafficking that may regulate expression of membrane organization machinery. VCAM1 also presents an intriguing novel role beyond its canonical adhesion function. PEDS1-UBE2V1 merits investigation as an uncharacterized fusion transcript potentially involved in protein quality control during vesicle formation.	cytoplasm_Hoescht_mean	CRTC3	novel	8.0	Well-characterized as a CREB transcriptional coactivator regulating metabolism and mitochondrial biogenesis, but no established role in vesicular trafficking or membrane organization. The morphological phenotype clustering with core trafficking machinery (COPB1, NAPA, Arp2/3) suggests CRTC3 may regulate transcription of genes critical for membrane dynamics or vesicle formation. This would represent a novel connection between CREB-mediated transcription and cellular trafficking infrastructure.	0.3195444643497467	0.091	1.0409586076789064	-0.036172980102785	-0.0103068624613746
226	Vesicular trafficking and membrane organization	High	This cluster shows high confidence for vesicular trafficking and membrane organization as the dominant pathway. Core established genes include COPB1 (COPI-mediated ER-Golgi transport), NAPA (SNARE-mediated vesicle fusion), and ARPC2/ARPC4-TTLL3 (Arp2/3 complex for actin-based membrane dynamics). The most compelling discovery opportunity is CRTC3, a transcriptional coactivator with no known role in trafficking that may regulate expression of membrane organization machinery. VCAM1 also presents an intriguing novel role beyond its canonical adhesion function. PEDS1-UBE2V1 merits investigation as an uncharacterized fusion transcript potentially involved in protein quality control during vesicle formation.	cytoplasm_Hoescht_mean	RBMX2	uncharacterized	4.0	While characterized as a splicing factor in the minor spliceosome, RBMX2 has limited functional studies. However, its role in pre-mRNA splicing is established, and any connection to vesicular trafficking would likely be indirect through regulation of trafficking machinery transcripts. Not a strong candidate for novel discovery in this pathway.	0.3367741107940674	0.0134	1.8728952016351923	-0.0474199875793082	-0.0086955216961046
226	Vesicular trafficking and membrane organization	High	This cluster shows high confidence for vesicular trafficking and membrane organization as the dominant pathway. Core established genes include COPB1 (COPI-mediated ER-Golgi transport), NAPA (SNARE-mediated vesicle fusion), and ARPC2/ARPC4-TTLL3 (Arp2/3 complex for actin-based membrane dynamics). The most compelling discovery opportunity is CRTC3, a transcriptional coactivator with no known role in trafficking that may regulate expression of membrane organization machinery. VCAM1 also presents an intriguing novel role beyond its canonical adhesion function. PEDS1-UBE2V1 merits investigation as an uncharacterized fusion transcript potentially involved in protein quality control during vesicle formation.	cytoplasm_Hoescht_mean	PEDS1-UBE2V1	uncharacterized	7.0	Readthrough fusion transcript with minimal functional characterization. UBE2V1 is involved in ubiquitination, but the PEDS1-UBE2V1 fusion product lacks experimental validation. Given the cluster's focus on vesicular trafficking and membrane dynamics, this fusion may play an unrecognized role in protein quality control or membrane protein regulation during vesicle formation.	-0.0821533948183059	0.5382	0.26905630657226426	0.0060321822727481	0.0034163943973828
234	Mitochondrial protein import and quality control	High	This cluster shows HIGH confidence for mitochondrial protein import and quality control, with 78% of characterized genes (7/9 total, excluding nontargeting controls) fitting this pathway. TIMM23 and TIMM44 are core components of the TIM23 complex mediating protein translocation across the mitochondrial inner membrane, while FASTKD5 processes mitochondrial mRNA precursors. The morphological screen with COX4 (mitochondrial) staining strongly supports this pathway. ENSG00000167807 is the top priority as a completely uncharacterized gene in this mitochondrial context. DDAH2 and TRA2B represent high-priority novel roles, suggesting unexpected connections between known cellular processes (endothelial function, RNA splicing) and mitochondrial import/quality control. PTEN's metabolic functions provide some precedent for mitochondrial involvement, reducing novelty slightly.	cytoplasm_COX4_mean	TIMM23	established			0.2665772438049316	0.036	1.4436974992327127	0.0108462658833934	0.0186919538852339
234	Mitochondrial protein import and quality control	High	This cluster shows HIGH confidence for mitochondrial protein import and quality control, with 78% of characterized genes (7/9 total, excluding nontargeting controls) fitting this pathway. TIMM23 and TIMM44 are core components of the TIM23 complex mediating protein translocation across the mitochondrial inner membrane, while FASTKD5 processes mitochondrial mRNA precursors. The morphological screen with COX4 (mitochondrial) staining strongly supports this pathway. ENSG00000167807 is the top priority as a completely uncharacterized gene in this mitochondrial context. DDAH2 and TRA2B represent high-priority novel roles, suggesting unexpected connections between known cellular processes (endothelial function, RNA splicing) and mitochondrial import/quality control. PTEN's metabolic functions provide some precedent for mitochondrial involvement, reducing novelty slightly.	cytoplasm_COX4_mean	TIMM44	established			0.3014998435974121	0.0086	2.065501548756432	0.0105094718026051	0.0211600768533044
234	Mitochondrial protein import and quality control	High	This cluster shows HIGH confidence for mitochondrial protein import and quality control, with 78% of characterized genes (7/9 total, excluding nontargeting controls) fitting this pathway. TIMM23 and TIMM44 are core components of the TIM23 complex mediating protein translocation across the mitochondrial inner membrane, while FASTKD5 processes mitochondrial mRNA precursors. The morphological screen with COX4 (mitochondrial) staining strongly supports this pathway. ENSG00000167807 is the top priority as a completely uncharacterized gene in this mitochondrial context. DDAH2 and TRA2B represent high-priority novel roles, suggesting unexpected connections between known cellular processes (endothelial function, RNA splicing) and mitochondrial import/quality control. PTEN's metabolic functions provide some precedent for mitochondrial involvement, reducing novelty slightly.	cytoplasm_COX4_mean	FASTKD5	established			0.3390803337097168	0.0		0.011788320526523	0.020301098461957
234	Mitochondrial protein import and quality control	High	This cluster shows HIGH confidence for mitochondrial protein import and quality control, with 78% of characterized genes (7/9 total, excluding nontargeting controls) fitting this pathway. TIMM23 and TIMM44 are core components of the TIM23 complex mediating protein translocation across the mitochondrial inner membrane, while FASTKD5 processes mitochondrial mRNA precursors. The morphological screen with COX4 (mitochondrial) staining strongly supports this pathway. ENSG00000167807 is the top priority as a completely uncharacterized gene in this mitochondrial context. DDAH2 and TRA2B represent high-priority novel roles, suggesting unexpected connections between known cellular processes (endothelial function, RNA splicing) and mitochondrial import/quality control. PTEN's metabolic functions provide some precedent for mitochondrial involvement, reducing novelty slightly.	cytoplasm_COX4_mean	PTEN	novel	5.0	Canonical tumor suppressor primarily known for PI3K-AKT pathway regulation. While PTEN has documented roles in cellular metabolism and the nuclear isoform affects mitochondrial energetics (promoting COX activity and ATP production via PINK1), its clustering with mitochondrial import machinery could suggest additional direct mitochondrial roles. However, the metabolic connection is already partially established, limiting novelty.	0.2713271975517273	0.0234	1.630784142589857	0.0075695268858755	0.0128454175442613
234	Mitochondrial protein import and quality control	High	This cluster shows HIGH confidence for mitochondrial protein import and quality control, with 78% of characterized genes (7/9 total, excluding nontargeting controls) fitting this pathway. TIMM23 and TIMM44 are core components of the TIM23 complex mediating protein translocation across the mitochondrial inner membrane, while FASTKD5 processes mitochondrial mRNA precursors. The morphological screen with COX4 (mitochondrial) staining strongly supports this pathway. ENSG00000167807 is the top priority as a completely uncharacterized gene in this mitochondrial context. DDAH2 and TRA2B represent high-priority novel roles, suggesting unexpected connections between known cellular processes (endothelial function, RNA splicing) and mitochondrial import/quality control. PTEN's metabolic functions provide some precedent for mitochondrial involvement, reducing novelty slightly.	cytoplasm_COX4_mean	TRA2B	novel	7.0	Established as a nuclear pre-mRNA splicing regulator with no documented mitochondrial function. However, its clustering with mitochondrial genes suggests potential involvement in regulating splicing of mitochondrial-targeted transcripts or mitochondrial gene expression. This would be a novel and unexpected connection between nuclear splicing machinery and mitochondrial biogenesis/import pathways.	0.0529067367315292	0.7492	0.12540223129680025	0.0061122160028536	0.0041784078693434
234	Mitochondrial protein import and quality control	High	This cluster shows HIGH confidence for mitochondrial protein import and quality control, with 78% of characterized genes (7/9 total, excluding nontargeting controls) fitting this pathway. TIMM23 and TIMM44 are core components of the TIM23 complex mediating protein translocation across the mitochondrial inner membrane, while FASTKD5 processes mitochondrial mRNA precursors. The morphological screen with COX4 (mitochondrial) staining strongly supports this pathway. ENSG00000167807 is the top priority as a completely uncharacterized gene in this mitochondrial context. DDAH2 and TRA2B represent high-priority novel roles, suggesting unexpected connections between known cellular processes (endothelial function, RNA splicing) and mitochondrial import/quality control. PTEN's metabolic functions provide some precedent for mitochondrial involvement, reducing novelty slightly.	cytoplasm_COX4_mean	DDAH2	novel	8.0	Well-characterized for its role in endothelial function and viral response, but recent evidence shows it relocates to mitochondria during viral infection to promote mitochondrial fission via DNM1L. Its clustering with mitochondrial import machinery suggests a potentially broader, unrecognized role in mitochondrial dynamics or quality control beyond the viral infection context. This would represent a significant expansion of its known mitochondrial functions.	0.1838025748729705	0.1466	0.8338660296948909	0.0090419543126706	0.0107091464908268
234	Mitochondrial protein import and quality control	High	This cluster shows HIGH confidence for mitochondrial protein import and quality control, with 78% of characterized genes (7/9 total, excluding nontargeting controls) fitting this pathway. TIMM23 and TIMM44 are core components of the TIM23 complex mediating protein translocation across the mitochondrial inner membrane, while FASTKD5 processes mitochondrial mRNA precursors. The morphological screen with COX4 (mitochondrial) staining strongly supports this pathway. ENSG00000167807 is the top priority as a completely uncharacterized gene in this mitochondrial context. DDAH2 and TRA2B represent high-priority novel roles, suggesting unexpected connections between known cellular processes (endothelial function, RNA splicing) and mitochondrial import/quality control. PTEN's metabolic functions provide some precedent for mitochondrial involvement, reducing novelty slightly.	cytoplasm_COX4_mean	ENSG00000167807	uncharacterized	9.0	Completely uncharacterized gene with no functional annotation clustering with core mitochondrial import machinery (TIMM23/TIMM44) and mitochondrial RNA processing (FASTKD5). Given the strong mitochondrial phenotype context (COX4 staining) and clustering with established mitochondrial genes, this represents a high-priority candidate for novel mitochondrial function discovery.	0.1462487280368805	0.2782	0.5556428743439724	0.0089624918197746	0.0150930961200491
247	Actin cytoskeleton regulation and dynamics	High	This cluster shows high confidence for actin cytoskeleton regulation, with 78% of genes (7/9) directly connected to this pathway. NCKIPSD, MRTFA, PDCL3, and PSD4 are established actin regulators through stress fiber formation, SRF-mediated transcription, CCT inhibition affecting actin folding, and ARF6-mediated vesicle trafficking along actin, respectively. H3C6 (histone H3) likely reflects chromatin changes associated with cytoskeletal gene expression programs. The most promising discovery opportunities are ZNF202 and EGR4, both transcriptional regulators with no known cytoskeletal functions, suggesting novel transcriptional control mechanisms of cytoskeletal dynamics. GP6 and MC5R represent lower-priority candidates where cytoskeletal connections, while novel in this context, may be extensions of known signaling mechanisms.	cytoplasm_AGP_mean	NCKIPSD	established			-0.1462160646915435	0.1712	0.7664962396588656	0.0111972182308764	0.0032461840740066
247	Actin cytoskeleton regulation and dynamics	High	This cluster shows high confidence for actin cytoskeleton regulation, with 78% of genes (7/9) directly connected to this pathway. NCKIPSD, MRTFA, PDCL3, and PSD4 are established actin regulators through stress fiber formation, SRF-mediated transcription, CCT inhibition affecting actin folding, and ARF6-mediated vesicle trafficking along actin, respectively. H3C6 (histone H3) likely reflects chromatin changes associated with cytoskeletal gene expression programs. The most promising discovery opportunities are ZNF202 and EGR4, both transcriptional regulators with no known cytoskeletal functions, suggesting novel transcriptional control mechanisms of cytoskeletal dynamics. GP6 and MC5R represent lower-priority candidates where cytoskeletal connections, while novel in this context, may be extensions of known signaling mechanisms.	cytoplasm_AGP_mean	MRTFA	established			-0.4518553912639618	0.0		0.0064549420692829	-0.000739199791655
247	Actin cytoskeleton regulation and dynamics	High	This cluster shows high confidence for actin cytoskeleton regulation, with 78% of genes (7/9) directly connected to this pathway. NCKIPSD, MRTFA, PDCL3, and PSD4 are established actin regulators through stress fiber formation, SRF-mediated transcription, CCT inhibition affecting actin folding, and ARF6-mediated vesicle trafficking along actin, respectively. H3C6 (histone H3) likely reflects chromatin changes associated with cytoskeletal gene expression programs. The most promising discovery opportunities are ZNF202 and EGR4, both transcriptional regulators with no known cytoskeletal functions, suggesting novel transcriptional control mechanisms of cytoskeletal dynamics. GP6 and MC5R represent lower-priority candidates where cytoskeletal connections, while novel in this context, may be extensions of known signaling mechanisms.	cytoplasm_AGP_mean	PDCL3	established			0.3052395284175873	0.1238	0.9072793553159009	0.004655638858093	-0.0036466539841141
247	Actin cytoskeleton regulation and dynamics	High	This cluster shows high confidence for actin cytoskeleton regulation, with 78% of genes (7/9) directly connected to this pathway. NCKIPSD, MRTFA, PDCL3, and PSD4 are established actin regulators through stress fiber formation, SRF-mediated transcription, CCT inhibition affecting actin folding, and ARF6-mediated vesicle trafficking along actin, respectively. H3C6 (histone H3) likely reflects chromatin changes associated with cytoskeletal gene expression programs. The most promising discovery opportunities are ZNF202 and EGR4, both transcriptional regulators with no known cytoskeletal functions, suggesting novel transcriptional control mechanisms of cytoskeletal dynamics. GP6 and MC5R represent lower-priority candidates where cytoskeletal connections, while novel in this context, may be extensions of known signaling mechanisms.	cytoplasm_AGP_mean	PSD4	established			0.204544723033905	0.0496	1.3045183235098026	-0.0128936749452548	0.0105574988512421
247	Actin cytoskeleton regulation and dynamics	High	This cluster shows high confidence for actin cytoskeleton regulation, with 78% of genes (7/9) directly connected to this pathway. NCKIPSD, MRTFA, PDCL3, and PSD4 are established actin regulators through stress fiber formation, SRF-mediated transcription, CCT inhibition affecting actin folding, and ARF6-mediated vesicle trafficking along actin, respectively. H3C6 (histone H3) likely reflects chromatin changes associated with cytoskeletal gene expression programs. The most promising discovery opportunities are ZNF202 and EGR4, both transcriptional regulators with no known cytoskeletal functions, suggesting novel transcriptional control mechanisms of cytoskeletal dynamics. GP6 and MC5R represent lower-priority candidates where cytoskeletal connections, while novel in this context, may be extensions of known signaling mechanisms.	cytoplasm_AGP_mean	MC5R	novel	5.0	G-protein coupled receptor for melanocortins with known immunomodulatory functions. GPCRs can influence cytoskeletal dynamics through downstream signaling, but MC5R has no established connection to actin regulation. The clustering is plausible given GPCR-cytoskeleton crosstalk, but this connection may already be partially understood through general GPCR signaling mechanisms.	-0.0298111177980899	0.7994000000000001	0.09723585607591387	0.0051642253767531	-0.0030352136183806
247	Actin cytoskeleton regulation and dynamics	High	This cluster shows high confidence for actin cytoskeleton regulation, with 78% of genes (7/9) directly connected to this pathway. NCKIPSD, MRTFA, PDCL3, and PSD4 are established actin regulators through stress fiber formation, SRF-mediated transcription, CCT inhibition affecting actin folding, and ARF6-mediated vesicle trafficking along actin, respectively. H3C6 (histone H3) likely reflects chromatin changes associated with cytoskeletal gene expression programs. The most promising discovery opportunities are ZNF202 and EGR4, both transcriptional regulators with no known cytoskeletal functions, suggesting novel transcriptional control mechanisms of cytoskeletal dynamics. GP6 and MC5R represent lower-priority candidates where cytoskeletal connections, while novel in this context, may be extensions of known signaling mechanisms.	cytoplasm_AGP_mean	GP6	novel	6.0	Platelet collagen receptor with well-established role in platelet activation and thrombus formation. While platelet function inherently involves cytoskeletal rearrangements, GP6's clustering with general actin regulators in non-platelet cells suggests it may have broader cytoskeletal regulatory functions beyond its canonical platelet-specific role. This would be a moderately novel finding.	0.1484581977128982	0.309	0.5100415205751654	0.0049327758531849	0.0023025583018805
247	Actin cytoskeleton regulation and dynamics	High	This cluster shows high confidence for actin cytoskeleton regulation, with 78% of genes (7/9) directly connected to this pathway. NCKIPSD, MRTFA, PDCL3, and PSD4 are established actin regulators through stress fiber formation, SRF-mediated transcription, CCT inhibition affecting actin folding, and ARF6-mediated vesicle trafficking along actin, respectively. H3C6 (histone H3) likely reflects chromatin changes associated with cytoskeletal gene expression programs. The most promising discovery opportunities are ZNF202 and EGR4, both transcriptional regulators with no known cytoskeletal functions, suggesting novel transcriptional control mechanisms of cytoskeletal dynamics. GP6 and MC5R represent lower-priority candidates where cytoskeletal connections, while novel in this context, may be extensions of known signaling mechanisms.	cytoplasm_AGP_mean	EGR4	novel	7.0	Transcriptional regulator known for mitogenesis and differentiation with established roles in controlling genes required for these processes. However, no direct literature links EGR4 to actin cytoskeleton regulation. The morphological phenotype clustering suggests EGR4 may transcriptionally regulate cytoskeletal genes, representing a novel mechanistic connection between immediate-early gene responses and cytoskeletal remodeling.	-0.1070712953805923	0.361	0.4424927980943421	0.0089968911162021	0.0003337790303812
247	Actin cytoskeleton regulation and dynamics	High	This cluster shows high confidence for actin cytoskeleton regulation, with 78% of genes (7/9) directly connected to this pathway. NCKIPSD, MRTFA, PDCL3, and PSD4 are established actin regulators through stress fiber formation, SRF-mediated transcription, CCT inhibition affecting actin folding, and ARF6-mediated vesicle trafficking along actin, respectively. H3C6 (histone H3) likely reflects chromatin changes associated with cytoskeletal gene expression programs. The most promising discovery opportunities are ZNF202 and EGR4, both transcriptional regulators with no known cytoskeletal functions, suggesting novel transcriptional control mechanisms of cytoskeletal dynamics. GP6 and MC5R represent lower-priority candidates where cytoskeletal connections, while novel in this context, may be extensions of known signaling mechanisms.	cytoplasm_AGP_mean	ZNF202	novel	8.0	Well-characterized transcriptional repressor of lipid metabolism genes with no documented role in actin cytoskeleton regulation. The morphological clustering with multiple actin regulators suggests a previously unrecognized function in cytoskeletal organization or cell shape control. This would represent a surprising connection between metabolic transcriptional programs and cytoskeletal dynamics.	-0.0521954856812953	0.6601999999999999	0.18032448000570733	0.0098448878394072	-0.0041318147989583
